site_no,group,beta,beta_r2,beta_hw,n_years,w_med,d22,dam_id,dist_km,capacity_ratio,dam_hgt_m,depth_m,outflow_cv,use_elec,state,log_cap,use_elec_b
01073319,tailwater,0.5478781037222206,0.182004617922256,0.3589998015479261,14,27.73,45.5,2158,47.2,0.0895307952034722,30.0,11.9,1.079,Main,New Hampshire,-2.41317263239772,0
01091000,tailwater,0.9146090439925716,0.3570903885500956,0.3152636054421769,13,29.799999999999997,68.0,2158,21.1,0.0895307952034722,30.0,11.9,1.079,Main,New Hampshire,-2.41317263239772,0
01095220,tailwater,0.5886665675963418,0.5535208080378584,0.4673319078165835,27,24.545,37.5,2180,8.38,0.1990366297012925,5.0,4.5,1.309,,Massachusetts,-1.6142664023455209,0
01095375,tailwater,1.180568480413811,0.8275304278180083,0.4101899639235499,28,26.27,51.0,2180,11.82,0.1990366297012925,5.0,4.5,1.309,,Massachusetts,-1.6142664023455209,0
01095434,tailwater,0.220538638000301,0.2137667357299075,0.0561816192560175,13,20.75,0.0,2180,8.18,0.1990366297012925,5.0,4.5,1.309,,Massachusetts,-1.6142664023455209,0
01447720,tailwater,0.7624485270536816,0.4374526632859122,0.0497782755783121,27,24.765,1.0,1585,26.3,8.074189368529524,83.0,22.2,1.13,Sec,Pennsylvania,2.0886724762713267,0
01447800,tailwater,0.7359070288017632,0.4898159900033142,-0.0413395765069245,25,23.275,1.0,1585,29.47,8.074189368529524,83.0,22.2,1.13,Sec,Pennsylvania,2.0886724762713267,0
01470779,tailwater,1.8224800683279416,0.4784131878372278,0.4784882338958878,8,23.03,11.0,1615,12.12,1.9260933512052607,100.0,32.2,1.138,Main,Pennsylvania,0.6554937811552776,0
01470960,tailwater,2.2055610117387947,0.5655566219815628,1.6328502415458936,8,24.81,48.0,1615,1.54,1.9260933512052607,100.0,32.2,1.138,Main,Pennsylvania,0.6554937811552776,0
01571820,tailwater,0.7928973615938953,0.7356104209358449,0.1248539150759641,12,21.67,0.0,1615,38.29,1.9260933512052607,100.0,32.2,1.138,Main,Pennsylvania,0.6554937811552776,0
02087182,tailwater,0.3036745577538821,0.0536547322842155,0.5345196254331851,16,33.46,151.0,1782,0.44,0.9849246329910266,43.0,17.5,1.697,Sec,North Carolina,-0.015190155467371663,0
0212378405,tailwater,0.5863081254146881,0.4577962922790303,0.0687769322885726,14,31.74,0.0,1814,0.96,0.031679120196101355,56.0,58.6,1.602,,North Carolina,-3.4520974840092595,0
0212880025,tailwater,0.3057303650667875,0.2616613148238223,0.2455645663376994,14,30.63,144.0,1831,0.13,0.0031458545962262095,37.0,18.9,1.553,Sec,North Carolina,-4.605170185988091,0
02138520,tailwater,-2.053941676112225,0.6096452953038005,-0.2936427850655904,10,21.39,0.0,1791,0.59,3.572455150732822,110.0,30.7,1.162,Main,North Carolina,1.2732530767144816,0
0214244102,tailwater,0.6328142941344714,0.6801225270739772,-0.0629180169620078,9,28.16,62.5,1790,0.15,0.30651308544461825,47.0,9.7,0.932,Sec,North Carolina,-1.1824948313863053,0
0214267602,tailwater,0.4744014236511812,0.6384721552648612,-0.010267059308728,10,31.0,146.0,1809,0.63,0.30779705824467285,133.0,59.8,1.049,,North Carolina,-1.1783146149827675,0
02147505,tailwater,-0.5487004437199117,0.2705390268658779,-0.1092556821259003,9,31.58,73.5,1842,7.02,0.013257752450768856,15.0,2.8,1.03,,South Carolina,-4.3231728070246245,0
02160991,tailwater,0.3889593642620206,0.356788405229382,0.2245222131188656,37,30.79,154.5,1842,55.45,0.013257752450768856,15.0,2.8,1.03,,South Carolina,-4.3231728070246245,0
02162035,tailwater,0.6163764022777972,0.667180089286527,0.1072706618713434,14,31.77,158.0,1852,46.78,0.20898398635250645,31.0,11.5,1.297,,South Carolina,-1.5654976502757485,0
02172020,tailwater,0.2508241945512018,0.376321858871062,0.2224467647734555,39,30.365,163.0,1890,17.04,0.0477371655316712,50.0,22.0,3.147,Sec,South Carolina,-3.042045032861516,0
02172040,tailwater,0.1800137611914345,0.1131145484968561,0.2524447649217756,38,30.64,155.0,1890,20.79,0.0477371655316712,50.0,22.0,3.147,Sec,South Carolina,-3.042045032861516,0
02172050,tailwater,0.2880135717080609,0.3995109397000354,0.4243152938794106,39,30.86,167.0,1890,21.2,0.0477371655316712,50.0,22.0,3.147,Sec,South Carolina,-3.042045032861516,0
021720508,tailwater,0.2913160489847079,0.504514709486957,-0.1940736785904964,9,31.155,176.0,1890,26.46,0.0477371655316712,50.0,22.0,3.147,Sec,South Carolina,-3.042045032861516,0
02172053,tailwater,0.3484762255452064,0.4753989643656363,0.5735105203942839,39,31.09,168.5,1890,29.48,0.0477371655316712,50.0,22.0,3.147,Sec,South Carolina,-3.042045032861516,0
021720677,tailwater,0.3467120163382827,0.1475821098452418,0.3389383056652238,28,30.81,168.0,1890,39.11,0.0477371655316712,50.0,22.0,3.147,Sec,South Carolina,-3.042045032861516,0
02188100,tailwater,-0.9860596589180748,0.0698925313188791,0.1737774385429278,15,33.05,175.5,7308,8.56,2.109487462406315e-05,26.0,2.6,0.863,,Georgia,-4.605170185988091,0
02334480,tailwater,0.4123796391000912,0.3845434004718513,0.0808782238979583,24,25.39,95.0,1863,3.16,0.20220845300850301,38.0,12.0,0.828,,Georgia,-1.5984561680841036,0
02334578,tailwater,0.4580796510096453,0.420871427450837,0.0941138365557427,24,24.81,88.0,1863,7.19,0.20220845300850301,38.0,12.0,0.828,,Georgia,-1.5984561680841036,0
023432415,tailwater,0.3510246162660903,0.3873205108615084,-0.0098836559691427,15,30.445,172.0,1910,0.81,0.0290656719321443,43.0,23.1,1.065,Sec,Alabama,-3.5381974598388877,0
02343805,tailwater,0.2278022135544374,0.2503231747306501,-0.0992697105002948,8,30.51,169.0,1910,42.27,0.0290656719321443,43.0,23.1,1.065,Sec,Alabama,-3.5381974598388877,0
02356000,tailwater,0.121860656850375,0.1430772645726862,-0.053464999415683,8,29.5,172.0,1916,35.35,10.0,107.0,79.3,0.898,Main,Florida,2.302585092994046,0
02358795,tailwater,0.0639999037577254,0.1371184794794201,-0.7477552966823353,8,21.09,0.0,1916,27.8,10.0,107.0,79.3,0.898,Main,Florida,2.302585092994046,0
02394000,tailwater,-0.2818725741436682,0.0851802408215663,0.0455484274596582,14,26.51,54.0,1862,1.38,0.13020352913685163,37.0,13.9,0.97,,Georgia,-2.0386564440692427,0
02397000,tailwater,0.5206790930940114,0.5074215633408562,0.2494115292661578,37,27.915,122.5,1862,48.92,0.13020352913685163,37.0,13.9,0.97,,Georgia,-2.0386564440692427,0
03058000,tailwater,0.325736948811424,0.1071062941531316,0.6756753433584576,21,23.875,32.0,1691,22.08,0.3615298096295373,9.0,5.4,1.426,,West Virginia,-1.0174107798437884,0
03119341,tailwater,0.4866470198327283,0.3905200104595843,0.1077534021017967,10,28.86,65.0,1595,24.18,0.1779016038001384,55.0,16.2,1.065,Main,Ohio,-1.7265246691731404,0
03119971,tailwater,1.0116388468794375,0.6712476208414604,0.0466585872576177,10,25.83,14.0,1595,19.01,0.1779016038001384,55.0,16.2,1.065,Main,Ohio,-1.7265246691731404,0
03119979,tailwater,0.2748238876130587,0.1521635848375829,0.0498970230293952,10,22.44,5.0,1595,16.72,0.1779016038001384,55.0,16.2,1.065,Main,Ohio,-1.7265246691731404,0
03120820,tailwater,0.900269856050248,0.5052234589612207,0.1849095551089141,10,28.26,82.0,1595,13.29,0.1779016038001384,55.0,16.2,1.065,Main,Ohio,-1.7265246691731404,0
03120869,tailwater,0.7325576845368196,0.7216610684222929,0.2448267564966314,10,24.49,23.0,1595,10.55,0.1779016038001384,55.0,16.2,1.065,Main,Ohio,-1.7265246691731404,0
03120961,tailwater,0.5450110055680301,0.6377221264420763,0.043070259865255,10,25.44,0.0,1595,12.83,0.1779016038001384,55.0,16.2,1.065,Main,Ohio,-1.7265246691731404,0
03354000,tailwater,0.8504382240739823,0.4428570273852629,0.1822317562260103,34,29.27,111.5,1654,44.13,1.346032700178249,63.0,17.5,1.302,,Indiana,0.29716152526491413,0
04024000,tailwater,0.5973465226293757,0.5514061381442485,0.6584239448146849,14,26.04,59.0,778,30.04,2.987900729425934,35.0,5.7,1.544,,Minnesota,1.094571043634982,0
05058000,tailwater,0.4742521059146295,0.3593779097217393,0.3318463158929262,28,25.91,51.0,774,0.37,0.8514565268166205,19.0,18.4,2.12,,North Dakota,-0.16080683500760914,0
06893820,tailwater,1.2205956251448329,0.1585219261702844,0.3110894999722752,16,30.04,107.0,969,4.49,10.0,32.0,15.9,2.448,Main,Missouri,2.302585092994046,0
06893890,tailwater,1.0427717213532723,0.0539493148339212,0.1556147187972461,12,31.174999999999997,113.0,969,1.45,10.0,32.0,15.9,2.448,Main,Missouri,2.302585092994046,0
06894000,tailwater,0.4865150273841208,0.5225665894841576,0.3246058558558558,20,30.54,123.0,969,10.06,10.0,32.0,15.9,2.448,Main,Missouri,2.302585092994046,0
07053450,tailwater,-0.3423257265536863,0.1146531766169825,-0.0417302325782549,25,13.09,0.0,1026,0.39,0.0516896957772946,9.0,16.5,1.126,,Missouri,-2.9624968253149255,0
07060000,tailwater,-0.4047618270529016,0.2769009314319512,-0.1126398959149129,13,17.455,0.0,1042,0.32,0.1417097291503044,39.0,12.4,0.986,,Arkansas,-1.9539744744427572,0
07130500,tailwater,0.3810058872645648,0.186120832252985,0.6226144631525117,36,25.44,73.0,998,0.7,1.0459324358545141,26.0,12.5,1.42,,Colorado,0.04490877068320822,0
08049500,tailwater,0.3852555767702992,0.2019043787938145,0.1001801877780462,38,32.84,169.0,1188,5.93,2.576142633804434,41.0,15.9,4.333,,Texas,0.9462931769749271,0
08052700,tailwater,0.1321414627537509,0.0644723633783697,0.0019327023142871,15,31.48,61.0,1151,16.89,0.3409693606168062,12.0,10.6,2.474,,Texas,-1.0759626572991319,0
08052745,tailwater,0.1879352853770458,0.2004468273771662,-0.0173620740200778,15,30.200000000000003,157.5,1164,18.12,0.14307426320222572,22.0,9.5,1.758,,Texas,-1.944391460431311,0
08057000,tailwater,1.5900481875038983,0.2715595014798008,0.2613393385196306,11,31.635,1.0,1188,12.41,2.576142633804434,41.0,15.9,4.333,,Texas,0.9462931769749271,0
08057410,tailwater,1.093434010406495,0.1092420047912456,0.1723139066133457,10,32.07,147.0,1188,19.62,2.576142633804434,41.0,15.9,4.333,,Texas,0.9462931769749271,0
08062500,tailwater,0.4893629445649642,0.2631778805742047,0.0966492300238421,38,32.19,168.0,1220,26.0,36.59382267316921,130.0,60.1,2.695,Main,Texas,3.599879446740865,0
08068000,tailwater,0.3951862605491542,0.4444420986864442,0.1489724349788718,11,33.71,215.0,1295,16.49,1.5364372077865245,40.0,26.1,3.231,Main,Texas,0.4294662347090814,0
08068275,tailwater,-0.3083247326740384,0.0750078918711737,-0.0023610137067625,17,29.73,13.0,1295,27.86,1.5364372077865245,40.0,26.1,3.231,Main,Texas,0.4294662347090814,0
08068400,tailwater,0.0790461241520174,0.1023289576979991,0.0532483010737901,17,31.59,226.0,1295,20.25,1.5364372077865245,40.0,26.1,3.231,Main,Texas,0.4294662347090814,0
08155500,tailwater,-0.0642531122938836,0.0553397959433964,0.1851368525034543,22,21.99,0.0,1297,3.81,0.44268979213447934,81.0,41.1,0.922,Main,Texas,-0.814885997710746,0
08407500,tailwater,0.124194743272551,0.1072510704809309,0.0028409992699108,14,29.37,141.0,1242,22.33,1.0394557514891816,23.0,4.5,4.152,Main,Texas,0.038697260299950985,0
09041400,tailwater,-0.929147339194504,0.1542496875341083,0.2347373064221933,30,15.53,0.0,497,19.5,0.1218447168283089,4.0,1.0,0.943,,Colorado,-2.10500785784591,0
10133650,tailwater,1.776039461648539,0.4104893088799455,0.2800017180654583,15,23.43,22.5,456,12.16,8.745562414175422,64.0,62.0,1.183,Main,Utah,2.1685464190584467,0
11046050,tailwater,0.3967333848663055,0.0744837980452506,0.4849537539623952,18,29.0,0.0,654,48.44,19.367977810471142,23.0,11.6,6.91,Main,California,2.9636210739551725,0
11273400,tailwater,0.3022693367172697,0.0763635389912192,0.2834259872604344,15,31.299999999999997,155.0,223,56.77,10.0,105.0,45.2,0.671,Main,California,2.302585092994046,0
11276900,tailwater,0.413521144085431,0.0839646336907568,0.5457510547027333,17,21.83,0.0,554,11.88,1.2758030604460588,9.0,5.2,4.241,,California,0.24357583166753327,0
11277300,tailwater,0.4099404094181245,0.0876315508254571,0.5410029723344257,17,15.59,0.0,554,1.24,1.2758030604460588,9.0,5.2,4.241,,California,0.24357583166753327,0
11467000,tailwater,0.2064248501267579,0.3196418107292945,0.0454848875649362,23,25.065,87.5,180,24.48,10.0,40.0,20.6,2.322,Sec,California,2.302585092994046,0
11492200,tailwater,0.5063711515329129,0.3246231832574385,-0.1262837783765039,17,16.86,0.0,107,58.26,3.1984733790636404,40.0,33.8,0.534,Main,Oregon,1.1626736269294269,0
12056500,tailwater,0.6489869425681517,0.0861594246322615,0.6333591760672573,29,15.06,0.0,54,25.08,39.320827005600044,37.0,8.7,1.113,Main,Washington,3.6717543277536118,0
12181000,tailwater,0.2238850989456126,0.058238594087055,0.5679441978922158,36,13.57,0.0,42,29.82,10.0,125.0,35.0,0.393,Main,Washington,2.302585092994046,0
12189500,tailwater,0.2678539282737507,0.0600391389476053,0.7611484422724496,9,18.4,0.0,42,45.6,10.0,125.0,35.0,0.393,Main,Washington,2.302585092994046,0
14164700,tailwater,0.1683197277348536,0.150013407870631,0.5948308627898138,8,23.96,12.0,92,18.31,2.027042161768905,21.0,2.4,1.151,Main,Oregon,0.7065776673368719,0
14184100,tailwater,0.2948121156489824,0.2297507306762936,0.405275071351245,17,21.69,0.0,85,40.29,0.04775032194632492,24.0,6.4,1.014,Main,Oregon,-3.0417694697467152,0
14210000,tailwater,0.2988342265845751,0.3208672064308598,1.5578427559760146,24,18.8,0.0,78,53.72,10.0,23.0,11.6,1.308,Main,Oregon,2.302585092994046,0
14320934,tailwater,0.6372525515400902,0.3544033461820954,1.2273594909862142,18,20.29,0.0,99,53.07,4.0462316667928215,8.0,4.1,1.347,,Oregon,1.3977859953349407,0
14330000,tailwater,0.1637868488146978,0.1018161465445383,0.376797401622354,35,15.115,0.0,107,14.23,3.1984733790636404,40.0,33.8,0.534,Main,Oregon,1.1626736269294269,0
340841090134701,tailwater,-0.0897364056898263,0.0708652915844122,0.0,9,18.2,0.0,1864,29.94,0.2074596164037638,28.0,11.9,0.905,,Mississippi,-1.5728185779931607,0
