dam_id,site_no,tag,dist,elev_judge,span_yr,n_years,beta,beta_r2,w_MWMT7_med,a_MWMT7_med,dam_name,state,lat,lon,grand_cap_mcm,dam_hgt_m,depth_m,elev_masl,year_dam,main_use,use_elec,use_irri,use_supp,use_fcon,inflow_mean_m3s,outflow_cv,outflow_season_amp,storage_range_frac,release_summer_frac,q90_q10_outflow,n_years_out,capacity_ratio,cap_out_m3s,cap_in_m3s,outflow_mean_m3s,cap_vol_ratio,log_cap,use_elec_b
1831,0212880025,downstream,0.13,above,15.0,14,0.3057303650667875,0.2616613148238223,30.63,36.114285714285714,Blewett Falls,North Carolina,34.983522,-79.879,265.3,37.0,18.9,16.0,1959.0,Flood control,Sec,Sec,,Main,,1.553,2.91,1.99,0.197,90.43,21.0,0.0031458545962262095,,8.406849697061881,2672.358,0.0031458545962262095,-4.605170185988091,0
1042,07060000,downstream,0.32,unknown_alt,14.0,13,-0.40476182705290165,0.2769009314319512,17.455,35.96142857142857,Norfork,Arkansas,36.252069,-92.238377,253.0,39.0,12.4,220.0,1948.0,Irrigation,,Main,Sec,,56.574,0.986,2.26,1.215,0.267,46.86,76.0,0.1417097291503044,,8.017086216949325,52.962,0.15137431020258535,-1.9539744744427572,0
774,05058000,downstream,0.37,above,29.0,28,0.4742521059146295,0.35937790972173933,25.91,31.425,Baldhill,North Dakota,47.036297,-98.079898,188.6,19.0,18.4,245.0,1968.0,Recreation,,,,,,2.12,9.24,,0.26,53.81,70.0,0.8514565268166205,,5.97637336172586,7.019,0.8514565268166205,-0.16080683500760914,0
1026,07053450,downstream,0.39,above,26.0,25,-0.3423257265536863,0.11465317661698257,13.09,35.95571428571429,Table Rock Dam,Missouri,36.597936,-93.311648,197.4,9.0,16.5,2.0,1948.0,Recreation,,,,,121.015,1.126,3.26,1.416,0.24,69.4,65.0,0.0516896957772946,,6.255228534489315,113.734,0.05499875617220282,-2.9624968253149255,0
1791,02138520,downstream,0.59,above,11.0,10,-2.053941676112225,0.6096452953038005,21.39,33.92928571428571,Catawba,North Carolina,35.744272,-81.840625,2610.0,110.0,30.7,212.0,1992.0,Hydroelectricity,Main,,,,,1.162,1.94,0.491,0.218,12.09,14.0,3.572455150732822,,82.70590919461556,23.151,3.572455150732822,1.2732530767144816,0
1809,0214267602,downstream,0.63,above,11.0,10,0.4744014236511812,0.6384721552648612,31.0,34.92785714285715,Mountain Island,North Carolina,35.339583,-80.985417,707.5,133.0,59.8,210.0,1973.0,,,,,,,1.049,2.59,0.71,0.235,9.81,14.0,0.30779705824467285,,22.41932212842548,72.838,0.30779705824467285,-1.1783146149827675,0
998,07130500,downstream,0.7,above,57.0,36,0.3810058872645648,0.18612083225298506,25.44,38.17142857142857,John Martin Dam,Colorado,38.064582,-102.939585,296.8,26.0,12.5,212.0,1969.0,Irrigation,,Main,,,,1.42,88.49,6.08,0.576,846.31,41.0,1.0459324358545141,,9.405024463203793,8.992,1.0459324358545141,0.04490877068320822,0
1910,023432415,downstream,0.81,below,16.0,15,0.3510246162660903,0.3873205108615084,30.445,35.98357142857142,Walter F. George Lock and Dam,Alabama,31.627517,-85.064945,236.8,43.0,23.1,584.0,1954.0,Irrigation,Sec,Main,,,258.165,1.065,3.18,0.549,0.177,18.11,53.0,0.0290656719321443,,7.503739194362056,257.808,0.02910592066329228,-3.5381974598388877,0
1814,0212378405,downstream,0.96,above,15.0,14,0.5863081254146881,0.4577962922790303,31.74,35.74142857142857,Tillery,North Carolina,35.207212,-80.06875,1960.6,56.0,58.6,175.0,1993.0,,,,,,,1.602,2.5,0.431,0.208,87.5,21.0,0.031679120196101355,,62.12766496818516,1961.155,0.031679120196101355,-3.4520974840092595,0
1863,02334480,downstream,3.16,above,25.0,24,0.41237963910009123,0.38454340047185137,25.39,34.4,Buford,Georgia,34.16084,-84.072357,353.8,38.0,12.0,599.0,1976.0,Irrigation,,Main,,,,0.828,1.48,0.758,0.251,7.36,62.0,0.20220845300850301,,11.211245468603442,55.444,0.20220845300850301,-1.5984561680841036,0
969,06893820,downstream,4.49,above,17.0,16,1.2205956251448327,0.1585219261702844,30.04,35.162142857142854,Blue Springs Dam,Missouri,39.014258,-94.335427,604.4,32.0,15.9,108.0,1953.0,Hydroelectricity,Main,,Sec,,0.979,2.448,5.1,2.042,0.292,698.33,33.0,10.0,,19.152280274799097,0.925,20.70516786464767,2.302585092994046,0
1188,08049500,unknown,5.93,below,49.0,38,0.3852555767702992,0.20190437879381454,32.84,39.05071428571428,Mountain Creek Dam,Texas,32.730483,-96.94375,336.0,41.0,15.9,772.0,1970.0,,,,,,,4.333,5.75,0.639,0.18,980.82,60.0,2.576142633804434,,10.647197505513727,4.133,2.576142633804434,0.9462931769749271,0
1863,02334578,downstream,7.19,above,25.0,24,0.45807965100964537,0.420871427450837,24.81,34.43428571428572,Buford,Georgia,34.16084,-84.072357,353.8,38.0,12.0,599.0,1976.0,Irrigation,,Main,,,,0.828,1.48,0.758,0.251,7.36,62.0,0.20220845300850301,,11.211245468603442,55.444,0.20220845300850301,-1.5984561680841036,0
2180,01095434,unknown,8.18,below,14.0,13,0.220538638000301,0.21376673572990756,20.75,31.39785714285714,Wachusett Reservoir Dam,Massachusetts,42.402072,-71.689716,16.4,5.0,4.5,584.0,1953.0,Other,,,,,,1.309,6.71,0.24,0.119,41.61,15.0,0.1990366297012925,,0.5196846401500748,2.611,0.1990366297012925,-1.6142664023455209,0
2180,01095220,unknown,8.38,below,28.0,27,0.5886665675963418,0.5535208080378584,24.545,31.43,Wachusett Reservoir Dam,Massachusetts,42.402072,-71.689716,16.4,5.0,4.5,584.0,1953.0,Other,,,,,,1.309,6.71,0.24,0.119,41.61,15.0,0.1990366297012925,,0.5196846401500748,2.611,0.1990366297012925,-1.6142664023455209,0
969,06894000,downstream,10.06,above,21.0,20,0.48651502738412084,0.5225665894841576,30.54,35.00928571428572,Blue Springs Dam,Missouri,39.014258,-94.335427,604.4,32.0,15.9,108.0,1953.0,Hydroelectricity,Main,,Sec,,0.979,2.448,5.1,2.042,0.292,698.33,33.0,10.0,,19.152280274799097,0.925,20.70516786464767,2.302585092994046,0
1595,03120869,unknown,10.55,below,11.0,10,0.7325576845368196,0.7216610684222929,24.49,31.56142857142857,Lake Mohawk Dam,Ohio,40.672896,-81.193735,280.0,55.0,16.2,1619.0,1970.0,Hydroelectricity,Main,Sec,,,49.874,1.065,5.86,508.091,0.166,15.26,56.0,0.1779016038001384,,8.872664587928107,49.491,0.1792783453138572,-1.7265246691731404,0
2180,01095375,unknown,11.82,below,29.0,28,1.180568480413811,0.8275304278180083,26.27,31.045714285714283,Wachusett Reservoir Dam,Massachusetts,42.402072,-71.689716,16.4,5.0,4.5,584.0,1953.0,Other,,,,,,1.309,6.71,0.24,0.119,41.61,15.0,0.1990366297012925,,0.5196846401500748,2.611,0.1990366297012925,-1.6142664023455209,0
456,10133650,downstream,12.16,above,16.0,15,1.7760394616485393,0.4104893088799455,23.43,31.770714285714284,Wanship,Utah,40.787922,-111.40263,1500.0,64.0,62.0,131.0,1941.0,Hydroelectricity,Main,,,,5.435,1.183,5.61,1.282,0.439,11.83,54.0,8.745562414175422,,47.53213172104343,5.442,8.73431306891647,2.1685464190584467,0
1188,08057000,unknown,12.41,below,11.0,11,1.5900481875038983,0.2715595014798008,31.634999999999998,39.037857142857135,Mountain Creek Dam,Texas,32.730483,-96.94375,336.0,41.0,15.9,772.0,1970.0,,,,,,,4.333,5.75,0.639,0.18,980.82,60.0,2.576142633804434,,10.647197505513727,4.133,2.576142633804434,0.9462931769749271,0
1595,03120961,unknown,12.83,below,11.0,10,0.5450110055680301,0.6377221264420763,25.44,31.56142857142857,Lake Mohawk Dam,Ohio,40.672896,-81.193735,280.0,55.0,16.2,1619.0,1970.0,Hydroelectricity,Main,Sec,,,49.874,1.065,5.86,508.091,0.166,15.26,56.0,0.1779016038001384,,8.872664587928107,49.491,0.1792783453138572,-1.7265246691731404,0
1595,03120820,unknown,13.29,below,11.0,10,0.900269856050248,0.5052234589612207,28.26,31.587857142857146,Lake Mohawk Dam,Ohio,40.672896,-81.193735,280.0,55.0,16.2,1619.0,1970.0,Hydroelectricity,Main,Sec,,,49.874,1.065,5.86,508.091,0.166,15.26,56.0,0.1779016038001384,,8.872664587928107,49.491,0.1792783453138572,-1.7265246691731404,0
107,14330000,downstream,14.23,above,58.0,35,0.16378684881469788,0.10181614654453833,15.115,36.955714285714286,William L. Jess,Oregon,42.672829,-122.672183,5790.0,40.0,33.8,179.0,1966.0,Hydroelectricity,Main,,,,,0.534,2.26,1.365,0.282,3.16,30.0,3.1984733790636404,,183.4740284432276,57.363,3.1984733790636404,1.1626736269294269,0
1295,08068000,unknown,16.49,below,10.0,11,0.39518626054915423,0.4444420986864442,33.71,37.135000000000005,Conroe Dam,Texas,30.360417,-95.564583,619.8,40.0,26.1,924.0,1955.0,Hydroelectricity,Main,,,,,3.231,7.11,1.269,0.137,37095000.0,43.0,1.5364372077865245,,19.640276827135143,12.783,1.5364372077865245,0.4294662347090814,0
1595,03119979,unknown,16.72,below,11.0,10,0.27482388761305876,0.15216358483758297,22.44,31.329285714285717,Lake Mohawk Dam,Ohio,40.672896,-81.193735,280.0,55.0,16.2,1619.0,1970.0,Hydroelectricity,Main,Sec,,,49.874,1.065,5.86,508.091,0.166,15.26,56.0,0.1779016038001384,,8.872664587928107,49.491,0.1792783453138572,-1.7265246691731404,0
1890,02172020,unknown,17.04,below,51.0,39,0.2508241945512018,0.37632185887106206,30.365000000000002,35.00785714285715,Pinopolis West Dam,South Carolina,33.240867,-79.999023,382.3,50.0,22.0,737.0,1977.0,Irrigation,Sec,Main,,,253.772,3.147,6.05,,0.106,2.44,80.0,0.0477371655316712,,12.114355971303267,58.375,0.2075264406218975,-3.042045032861516,0
1164,08052745,unknown,18.12,below,15.0,15,0.18793528537704582,0.20044682737716626,30.200000000000003,38.412857142857135,Lewisville Dam,Texas,33.069896,-96.969792,100.0,22.0,9.5,2699.0,1945.0,,,,,,,1.758,3.24,2.45,0.301,33.99,67.0,0.14307426320222572,,3.168808781402895,22.148,0.14307426320222572,-1.944391460431311,0
1595,03119971,unknown,19.01,below,11.0,10,1.0116388468794375,0.6712476208414604,25.83,31.394285714285715,Lake Mohawk Dam,Ohio,40.672896,-81.193735,280.0,55.0,16.2,1619.0,1970.0,Hydroelectricity,Main,Sec,,,49.874,1.065,5.86,508.091,0.166,15.26,56.0,0.1779016038001384,,8.872664587928107,49.491,0.1792783453138572,-1.7265246691731404,0
497,09041400,downstream,19.5,above,31.0,30,-0.929147339194504,0.15424968753410837,15.53,28.975,Williams Fork,Colorado,40.03395,-106.205943,14.4,4.0,1.0,434.0,1942.0,Fisheries,,,,,3.745,0.943,2.86,1.377,0.37,16.0,62.0,0.1218447168283089,,0.4563084645220169,3.724,0.12253181109613773,-2.10500785784591,0
1188,08057410,downstream,19.62,below,10.0,10,1.093434010406495,0.10924200479124563,32.07,38.95428571428572,Mountain Creek Dam,Texas,32.730483,-96.94375,336.0,41.0,15.9,772.0,1970.0,,,,,,,4.333,5.75,0.639,0.18,980.82,60.0,2.576142633804434,,10.647197505513727,4.133,2.576142633804434,0.9462931769749271,0
1295,08068400,unknown,20.25,below,16.0,17,0.0790461241520174,0.10232895769799916,31.59,37.004999999999995,Conroe Dam,Texas,30.360417,-95.564583,619.8,40.0,26.1,924.0,1955.0,Hydroelectricity,Main,,,,,3.231,7.11,1.269,0.137,37095000.0,43.0,1.5364372077865245,,19.640276827135143,12.783,1.5364372077865245,0.4294662347090814,0
1890,02172040,unknown,20.79,below,40.0,38,0.1800137611914345,0.11311454849685619,30.64,34.975,Pinopolis West Dam,South Carolina,33.240867,-79.999023,382.3,50.0,22.0,737.0,1977.0,Irrigation,Sec,Main,,,253.772,3.147,6.05,,0.106,2.44,80.0,0.0477371655316712,,12.114355971303267,58.375,0.2075264406218975,-3.042045032861516,0
2158,01091000,unknown,21.1,below,13.0,13,0.9146090439925715,0.35709038855009567,29.799999999999997,31.50714285714286,Hopkinton Flood Control Dam,New Hampshire,43.188119,-71.747262,77.0,30.0,11.9,324.0,1958.0,Hydroelectricity,Main,,,,27.253,1.079,6.15,16.127,0.134,18.4,30.0,0.0895307952034722,,2.439982761680229,23.165,0.10533057464624344,-2.41317263239772,0
1890,02172050,unknown,21.2,below,43.0,39,0.28801357170806097,0.39951093970003543,30.86,34.94928571428572,Pinopolis West Dam,South Carolina,33.240867,-79.999023,382.3,50.0,22.0,737.0,1977.0,Irrigation,Sec,Main,,,253.772,3.147,6.05,,0.106,2.44,80.0,0.0477371655316712,,12.114355971303267,58.375,0.2075264406218975,-3.042045032861516,0
1691,03058000,downstream,22.08,above,27.0,21,0.325736948811424,0.10710629415313164,23.875,31.72642857142857,Burnsville Lake Dam,West Virginia,38.840775,-80.617632,100.0,9.0,5.4,262.0,1964.0,,,,,,8.765,1.426,5.14,2.781,0.137,42.18,39.0,0.3615298096295373,,3.168808781402895,8.628,0.36727037336612134,-1.0174107798437884,0
1242,08407500,downstream,22.33,above,15.0,14,0.12419474327255105,0.10725107048093094,29.37,40.59142857142857,Red Bluff Dam,Texas,31.906225,-103.911505,115.4,23.0,4.5,23.0,1957.0,Hydroelectricity,Main,,,,,4.152,6.6,4.951,0.4,94.39,84.0,1.0394557514891816,,3.656805333738941,3.518,1.0394557514891816,0.038697260299950985,0
1595,03119341,upstream,24.18,below,11.0,10,0.4866470198327283,0.3905200104595843,28.86,31.382142857142853,Lake Mohawk Dam,Ohio,40.672896,-81.193735,280.0,55.0,16.2,1619.0,1970.0,Hydroelectricity,Main,Sec,,,49.874,1.065,5.86,508.091,0.166,15.26,56.0,0.1779016038001384,,8.872664587928107,49.491,0.1792783453138572,-1.7265246691731404,0
180,11467000,unknown,24.48,below,62.0,23,0.2064248501267579,0.31964181072929454,25.064999999999998,32.49785714285714,Warm Springs Dam,California,38.718758,-123.011209,7815.6,40.0,20.6,48.0,1965.0,Water supply,Sec,,Main,Sec,8.075,2.322,6.06,1.765,0.11,3.14,27.0,10.0,,247.66141911932468,7.149,34.6428058636627,2.302585092994046,0
1220,08062500,unknown,26.0,below,49.0,38,0.4893629445649642,0.2631778805742047,32.19,38.61071428571428,Bardwell Lake,Texas,32.252524,-96.647908,3215.0,130.0,60.1,695.0,1984.0,Hydroelectricity,Main,,,,,2.695,12.27,2.579,0.211,9146000.0,56.0,36.59382267316921,,101.87720232210307,2.784,36.59382267316921,3.599879446740865,0
1585,01447720,downstream,26.3,above,46.0,27,0.7624485270536816,0.43745266328591226,24.765,29.621428571428574,Beltzville Dam,Pennsylvania,40.84943,-75.637744,1300.0,83.0,22.2,154.0,1977.0,Water supply,Sec,Sec,Main,Sec,5.102,1.13,2.66,35.805,0.187,9.69,28.0,8.074189368529524,,41.19451415823764,4.898,8.410476553335574,2.0886724762713267,0
1585,01447800,downstream,29.47,above,39.0,25,0.7359070288017632,0.4898159900033142,23.275,30.32571428571429,Beltzville Dam,Pennsylvania,40.84943,-75.637744,1300.0,83.0,22.2,154.0,1977.0,Water supply,Sec,Sec,Main,Sec,5.102,1.13,2.66,35.805,0.187,9.69,28.0,8.074189368529524,,41.19451415823764,4.898,8.410476553335574,2.0886724762713267,0
1890,02172053,unknown,29.48,below,43.0,39,0.34847622554520646,0.4753989643656363,31.09,34.909285714285716,Pinopolis West Dam,South Carolina,33.240867,-79.999023,382.3,50.0,22.0,737.0,1977.0,Irrigation,Sec,Main,,,253.772,3.147,6.05,,0.106,2.44,80.0,0.0477371655316712,,12.114355971303267,58.375,0.2075264406218975,-3.042045032861516,0
778,04024000,,30.04,,,14,0.5973465226293757,0.5514061381442485,26.04,29.392857142857142,Fish Lake,Minnesota,46.9555,-92.276042,102.4,35.0,5.7,1765.0,1966.0,Recreation,,,,,,1.544,4.05,,0.22,8.13,24.0,2.987900729425934,,3.2448601921565645,1.086,2.987900729425934,1.094571043634982,0
1615,01571820,,38.29,,,12,0.7928973615938953,0.7356104209358449,21.67,31.902142857142856,Blue Marsh Dam,Pennsylvania,40.382474,-76.034375,500.0,100.0,32.2,1036.0,1968.0,Hydroelectricity,Main,,,,8.226,1.138,2.64,2.013,0.183,7.56,28.0,1.9260933512052607,,15.844043907014475,8.172,1.9388208403101412,0.6554937811552776,0
1890,021720677,,39.11,,,28,0.3467120163382827,0.1475821098452418,30.81,34.767857142857146,Pinopolis West Dam,South Carolina,33.240867,-79.999023,382.3,50.0,22.0,737.0,1977.0,Irrigation,Sec,Main,,,253.772,3.147,6.05,,0.106,2.44,80.0,0.0477371655316712,,12.114355971303267,58.375,0.2075264406218975,-3.042045032861516,0
85,14184100,,40.29,,,17,0.29481211564898246,0.22975073067629362,21.69,33.26214285714286,Foster,Oregon,44.418013,-122.668049,119.6,24.0,6.4,314.0,1958.0,Hydroelectricity,Main,,,,,1.014,7.76,1.211,0.097,8.57,48.0,0.04775032194632492,,3.7898953025578623,79.369,0.04775032194632492,-3.0417694697467152,0
1654,03354000,,44.13,,,34,0.8504382240739823,0.4428570273852629,29.27,32.53285714285714,Cagles Mill Lake Dam,Indiana,39.486722,-86.914583,478.0,63.0,17.5,1087.0,1952.0,,,,,,11.253,1.302,4.37,,0.225,68.34,39.0,1.346032700178249,,15.146905975105838,11.185,1.3542160013505442,0.29716152526491413,0
1852,02162035,,46.78,,,14,0.6163764022777972,0.667180089286527,31.77,36.60357142857143,Wateree,South Carolina,34.336709,-80.702952,909.0,31.0,11.5,347.0,1979.0,Irrigation,,Main,,,,1.297,3.04,1.007,0.214,11.22,14.0,0.20898398635250645,,28.804471822952316,137.831,0.20898398635250645,-1.5654976502757485,0
2158,01073319,,47.2,,,14,0.5478781037222206,0.18200461792225608,27.73,31.604999999999997,Hopkinton Flood Control Dam,New Hampshire,43.188119,-71.747262,77.0,30.0,11.9,324.0,1958.0,Hydroelectricity,Main,,,,27.253,1.079,6.15,16.127,0.134,18.4,30.0,0.0895307952034722,,2.439982761680229,23.165,0.10533057464624344,-2.41317263239772,0
1862,02397000,,48.92,,,37,0.5206790930940114,0.5074215633408562,27.915,35.25,Allatoona Lake Dam and Powerhouse,Georgia,34.164969,-84.726313,215.8,37.0,13.9,607.0,1965.0,Irrigation,,Main,,,,0.97,1.97,1.776,0.195,15.03,69.0,0.13020352913685163,,6.8382893502674476,52.52,0.13020352913685163,-2.0386564440692427,0
99,14320934,,53.07,,,18,0.6372525515400902,0.35440334618209546,20.29,32.072857142857146,Cottage Grove,Oregon,43.714163,-123.05623,866.5,8.0,4.1,336.0,1914.0,Recreation,,,,,,1.347,9.09,2.018,0.077,10.9,47.0,4.0462316667928215,,27.457728090856087,6.786,4.0462316667928215,1.3977859953349407,0
78,14210000,,53.72,,,24,0.29883422658457515,0.32086720643085986,18.8,32.67642857142857,Wasco,Oregon,45.17581,-121.690853,2500.0,23.0,11.6,500.0,1960.0,Hydroelectricity,Main,,,,0.163,1.308,15.67,3.82,0.616,29.33,20.0,10.0,,79.22021953507237,0.17,466.0012913827786,2.302585092994046,0
1842,02160991,,55.45,,,37,0.38895936426202066,0.35678840522938204,30.79,35.94,Fishing Creek,South Carolina,34.60297,-80.890625,51.5,15.0,2.8,48.0,1954.0,Irrigation,,Main,,,,1.03,2.76,1.088,0.205,7.66,14.0,0.013257752450768856,,1.6319365224224909,123.093,0.013257752450768856,-4.3231728070246245,0
107,11492200,,58.26,,,17,0.5063711515329129,0.32462318325743855,16.86,26.332142857142856,William L. Jess,Oregon,42.672829,-122.672183,5790.0,40.0,33.8,179.0,1966.0,Hydroelectricity,Main,,,,,0.534,2.26,1.365,0.282,3.16,30.0,3.1984733790636404,,183.4740284432276,57.363,3.1984733790636404,1.1626736269294269,0
