dam_id,dam_name,state,lat,lon,grand_cap_mcm,dam_hgt_m,depth_m,elev_masl,year_dam,main_use,use_elec,use_irri,use_supp,use_fcon,inflow_mean_m3s,outflow_cv,outflow_season_amp,storage_range_frac,release_summer_frac,q90_q10_outflow,n_years_out,capacity_ratio
41,Ross,Washington,48.732466,-121.067305,8700.0,32.0,6.5,79.0,1955.0,Hydroelectricity,Main,,Sec,,92.025,0.593,2.37,1.298,0.209,5.1,31.0,2.995776843054082
42,Diablo,Washington,48.714583,-121.13032,169000.0,125.0,35.0,389.0,1964.0,Hydroelectricity,Main,,Sec,,113.126,0.393,1.73,0.227,0.241,2.95,31.0,10.0
54,Wynoochee,Washington,47.386357,-123.604561,18180.0,37.0,8.7,11.0,1955.0,Hydroelectricity,Main,Sec,Sec,,,1.113,3.93,1.224,0.133,6.0,41.0,
55,Keechelus,Washington,47.323654,-121.340171,28100.0,52.0,23.3,474.0,1970.0,Hydroelectricity,Main,Sec,,,9.702,1.112,12.56,1.733,0.557,267.15,56.0,10.0
56,Howard A. Hanson Dam,Washington,47.277406,-121.783969,43500.0,-99.0,25.6,44.0,-99.0,Irrigation,,Main,,Sec,,1.037,5.8,5.399,0.119,8.07,41.0,
57,Kachess,Washington,47.265956,-121.205208,13500.0,15.0,9.8,9.0,1953.0,Flood control,,Sec,,Main,8.425,1.319,19.58,1.384,0.484,313.6,56.0,10.0
59,Lake Tapps Dike 2-B,Washington,47.191381,-122.163202,162000.0,111.0,30.2,178.0,1970.0,Irrigation,Sec,Main,,Sec,,,,,,,,
60,Bumping Lake,Washington,46.86875,-121.302083,15000.0,79.0,14.6,137.0,1968.0,Hydroelectricity,Main,,,,8.063,0.864,3.88,2.092,0.354,6.85,56.0,10.0
63,Tieton,Washington,46.654792,-121.128322,185000.0,128.0,35.2,485.0,1959.0,Hydroelectricity,Main,,,,14.514,1.064,19.16,1.489,0.414,87.28,56.0,10.0
72,Scoggins Reservoir,Oregon,45.47449,-123.199777,23800.0,104.0,28.2,846.0,1952.0,Hydroelectricity,Main,,,,,,,,,,,
78,Wasco,Oregon,45.17581,-121.690853,2500.0,23.0,11.6,500.0,1960.0,Hydroelectricity,Main,,,,0.163,1.308,15.67,3.82,0.616,29.33,20.0,10.0
80,Detroit,Oregon,44.719354,-122.247917,5180.0,175.0,46.4,571.0,1983.0,Hydroelectricity,Main,,,,,0.796,3.51,1.144,0.15,4.61,51.0,
83,Green Peter,Oregon,44.451859,-122.547437,2220.3,11.0,4.7,488.0,1941.0,Water supply,Major,,Main,,,,,,,,,
85,Foster,Oregon,44.418013,-122.668049,119.6,24.0,6.4,314.0,1958.0,Hydroelectricity,Main,,,,,1.014,7.76,1.211,0.097,8.57,48.0,
87,Ochoco,Oregon,44.298084,-120.722554,2798.0,-99.0,12.3,244.0,2005.0,Hydroelectricity,Main,,,,,1.351,26.91,2.12,0.379,72.04,56.0,
88,Blue River Dam,Oregon,44.17358,-122.328125,5180.0,48.0,18.6,433.0,1943.0,Hydroelectricity,Main,,,,,1.195,3.97,2.162,0.145,18.73,47.0,
89,Cougar,Oregon,44.126141,-122.240036,1620.0,17.0,13.0,54.0,1912.0,Hydroelectricity,Main,,Sec,,,0.824,2.93,1.756,0.187,5.21,50.0,
90,Fern Ridge,Oregon,44.117518,-123.296875,10480.0,108.0,51.3,202.0,1975.0,Hydroelectricity,Main,,,,,1.597,23.96,1.58,0.034,34.86,46.0,
91,Arthur R. Bowman,Oregon,44.111562,-120.78475,24350.0,122.0,41.4,344.0,1969.0,Hydroelectricity,Main,,,,,,,,,,,
92,Fall Creek,Oregon,43.944837,-122.7552,1010.0,21.0,2.4,529.0,1932.0,Hydroelectricity,Main,,,,,1.151,5.47,1.758,0.113,22.95,41.0,
93,Dexter,Oregon,43.922071,-122.805208,13900.0,61.0,17.5,391.0,1956.0,Hydroelectricity,Main,,,,,0.799,2.81,2.078,0.184,4.63,60.0,
94,Lookout Point,Oregon,43.913909,-122.750316,11300.0,52.0,22.1,427.0,1968.0,Flood control,,,,Main,,,,,,,,
97,Dorena,Oregon,43.78714,-122.954278,1274.3,11.0,6.8,153.0,1928.0,Hydroelectricity,Main,,,,,1.277,11.04,2.177,0.073,17.1,47.0,
98,Crane Prairie,Oregon,43.760449,-121.793773,1650.0,24.0,1.7,262.0,1921.0,Hydroelectricity,Main,,,,,,,,,,,
99,Cottage Grove,Oregon,43.714163,-123.05623,866.5,8.0,4.1,336.0,1914.0,Recreation,,,,,,1.347,9.09,2.018,0.077,10.9,47.0,
100,Hills Creek,Oregon,43.708548,-122.421703,7434.2,129.0,45.2,719.0,1973.0,Hydroelectricity,Main,,,Sec,,0.841,3.12,0.947,0.176,6.27,58.0,
101,Wickiup Reservoir,Oregon,43.68125,-121.690207,6300.0,63.0,41.0,324.0,1970.0,Hydroelectricity,Main,,,,,,,,,,,
102,Crescent Lake,Oregon,43.500474,-121.971611,1424.7,55.0,3.9,623.0,1955.0,Hydroelectricity,Main,,,Sec,,,,,,,,
107,William L. Jess,Oregon,42.672829,-122.672183,5790.0,40.0,33.8,179.0,1966.0,Hydroelectricity,Main,,,,,0.534,2.26,1.365,0.282,3.16,30.0,
108,Four Mile Lake Dam,Oregon,42.456756,-122.244487,834.0,12.0,6.5,331.0,1927.0,Hydroelectricity,Main,,,Sec,,,,,,,,
111,Howard Prairie,Oregon,42.217605,-122.378342,2209.2,59.0,4.5,877.0,1939.0,Hydroelectricity,Main,,,,0.965,8.603,183496.77,1.451,0.061,0.0,15.0,10.0
113,Hyatt Dam,Oregon,42.173159,-122.467427,9266.0,11.0,28.1,260.0,1911.0,Flood control,Sec,,,Main,0.258,1.414,38.8,1.506,0.445,239.67,20.0,10.0
114,Emigrant,Oregon,42.159508,-122.606267,678.4,7.0,2.7,391.0,1884.0,Water supply,,,Main,Sec,2.427,1.874,5.37,1.889,0.356,37.75,31.0,8.857519065940354
116,Applegate Dam,Oregon,42.054661,-123.113916,838.8,4.0,2.0,391.0,1885.0,Recreation,,,Sec,Sec,,1.33,2.65,2.071,0.184,6.86,41.0,
119,Clear Lake Dike,California,41.925594,-121.077838,2866.0,69.0,20.6,1149.0,1953.0,Hydroelectricity,Main,Sec,Sec,Sec,,,,,,,,
124,McCloud,California,41.132236,-122.07314,1356.8,5.0,2.1,226.0,1922.0,Flood control,,,,Main,,,,,,,,
126,Iron Canyon,California,41.044408,-121.984375,2343.6,29.0,10.2,428.0,1963.0,Flood control,Sec,Sec,,Main,,,,,,,,
131,Trinity,California,40.802949,-122.760687,315.0,15.0,1.5,112.0,1909.0,Navigation,,,,,51.832,0.832,3.17,1.376,0.377,12.36,56.0,0.19257886366374286
132,Shasta,California,40.720459,-122.422031,817.8,6.0,4.8,114.0,1912.0,Navigation,,,,Sec,215.205,0.888,2.38,1.443,0.337,4.72,34.0,0.12041782586051847
133,Whiskeytown,California,40.599432,-122.540564,292.4,17.0,1.7,135.0,1915.0,Hydroelectricity,Main,,,,38.457,0.801,2.99,1.135,0.352,12.98,28.0,0.24093394900335607
135,Robert W. Matthews,California,40.367331,-123.432155,646.0,7.0,2.3,1256.0,1921.0,Hydroelectricity,Main,Sec,,,,,,,,,,
136,Indian Ole,California,40.282206,-121.023036,2344.4,49.0,21.4,990.0,1941.0,Hydroelectricity,Main,Sec,,,,,,,,,,
137,Antelope,California,40.18168,-120.605896,4336.3,153.0,34.2,1836.0,1963.0,Water supply,Sec,,Main,Sec,,,,,,,,
138,Lake Almanor,California,40.174792,-121.087815,4890.7,183.0,47.7,323.0,1945.0,Irrigation,Sec,Main,Sec,,,,,,,,,
139,Butt Valley,California,40.115902,-121.144792,1689.7,3.0,4.7,1366.0,1988.0,Water supply,,,Main,,,,,,,,,
140,Bucks Storage,California,39.897279,-121.201337,1613.4,40.0,15.7,1369.0,1927.0,Irrigation,,Main,,,,,,,,,,
141,Frenchman,California,39.8944,-120.191195,902.9,6.0,1.8,1895.0,1913.0,Irrigation,,Main,,,,,,,,,,
142,Grizzly Valley,California,39.885247,-120.47787,6416.6,30.0,34.3,215.0,1978.0,Hydroelectricity,Main,,Sec,Sec,,,,,,,,
144,Black Butte Dam,California,39.814583,-122.339583,2568.1,48.0,10.1,105.0,1966.0,Hydroelectricity,Main,,,Sec,8356.401,96.101,18277.68,2.893,0.0,33.99,28.0,0.009738424270832354
145,Little Grass Valley,California,39.724074,-121.017848,7560.0,63.0,13.2,106.0,1944.0,Navigation,Sec,,,Sec,,,,,,,,
146,Stony Gorge,California,39.585442,-122.530468,25070.0,216.0,207.5,1121.0,1963.0,Hydroelectricity,Main,Sec,Sec,,,,,,,,,
147,Sly Creek,California,39.582613,-121.113718,7510.7,79.0,47.1,207.0,1951.0,Hydroelectricity,Main,,,Sec,,,,,,,,
148,Oroville,California,39.539616,-121.481218,4270.3,79.0,36.2,277.0,1959.0,Flood control,Sec,,Sec,Main,158.848,1.241,2.41,1.645,0.329,15.19,34.0,0.8518687134383047
151,Stampede,California,39.473759,-120.106838,1923.3,42.0,16.8,193.0,1963.0,Flood control,,,Sec,Main,,1.548,10.18,1.146,0.284,13.8,41.0,
152,Thermalito Afterbay,California,39.457142,-121.644792,6670.7,86.0,43.5,197.0,1951.0,Flood control,Sec,,Sec,Main,,,,,,,,
153,Independence,California,39.450598,-120.290738,36700.0,223.0,63.2,370.0,1935.0,Water supply,Sec,Sec,Main,,,1.41,4.37,0.903,0.316,27.56,41.0,
156,Scott,California,39.410033,-122.955096,510.8,41.0,4.6,227.0,1963.0,Hydroelectricity,Main,,Sec,,,,,,,,,
157,Boca,California,39.391436,-120.095694,648.4,23.0,4.8,143.0,1970.0,Navigation,Sec,,,,,1.414,4.65,1.521,0.279,529.0,41.0,
158,New Bullards Bar,California,39.393473,-121.142593,4718.6,35.0,13.3,178.0,1964.0,Flood control,Sec,,Sec,Main,57.975,1.447,3.97,1.419,0.257,9.7,10.0,2.5791015292673913
159,Lake Fordyce,California,39.380461,-120.496074,909.4,39.0,8.2,203.0,1940.0,Navigation,Sec,,,Sec,,,,,,,,
160,Prosser Creek,California,39.3785,-120.141076,1363.0,34.0,8.8,125.0,1938.0,Navigation,Sec,,,Sec,,1.407,4.93,2.958,0.224,18.81,41.0,
161,East Park,California,39.360383,-122.51038,1318.6,22.0,8.5,165.0,1936.0,Hydroelectricity,Main,,,,,,,,,,,
162,Lake Spaulding,California,39.327475,-120.642108,4638.8,73.0,32.1,181.0,1953.0,Hydroelectricity,Main,,,Sec,,,,,,,,
163,Martis Creek Dam,California,39.325992,-120.113874,1293.9,29.0,7.8,179.0,1939.0,Navigation,Sec,,,Sec,0.673,3.605,5.0,20.239,0.095,4000.0,26.0,10.0
165,Donner Lake,California,39.323946,-120.241002,4241.6,62.0,22.4,203.0,1962.0,Hydroelectricity,Main,,,Sec,,1.481,13.87,1.989,0.132,44.88,41.0,
166,Lake Valley,California,39.301055,-120.597303,3150.3,70.0,23.5,326.0,1958.0,Flood control,Sec,,,Main,,,,,,,,
168,Harry L. Englebright Dam,California,39.241269,-121.269088,6406.9,50.0,24.4,189.0,1944.0,Flood control,Sec,,Sec,Main,84.887,1.576,3.53,12.49,0.231,6.88,41.0,2.391678464496355
169,Coyote Valley Dam,California,39.197467,-123.180998,3357.7,31.0,31.2,61.0,1954.0,Flood control,,,,Main,7.058,3.008,730.72,1.565,0.009,3983.33,41.0,10.0
172,L.L. Anderson,California,39.110417,-120.46816,1369.2,42.0,6.2,20.0,1942.0,Flood control,Sec,,Sec,Main,,,,,,,,
173,Indian Valley,California,39.082147,-122.535917,2932.4,18.0,26.6,1351.0,1921.0,Flood control,Sec,Sec,,Main,3.895,2.301,7715669.75,7.81,0.428,38.52,26.0,10.0
174,Lower Hell Hole,California,39.061146,-120.407324,2047.6,26.0,14.9,134.0,1960.0,Recreation,,,,,,,,,,,,
176,Loon Lake,California,39.001324,-120.309375,1338.3,28.0,11.3,98.0,1966.0,Recreation,,Sec,,,,,,,,,,
177,Mark Edson,California,38.902035,-120.602019,2150.0,29.0,13.7,93.0,1987.0,Recreation,,,,,,,,,,,,
178,Union Valley,California,38.867879,-120.439328,1152.6,52.0,9.1,57.0,1962.0,Navigation,Sec,,,Sec,,,,,,,,
179,Ice House,California,38.824184,-120.361604,6287.7,34.0,10.5,51.0,1966.0,Hydroelectricity,Main,,Sec,,,,,,,,,
180,Warm Springs Dam,California,38.718758,-123.011209,7815.6,40.0,20.6,48.0,1965.0,Water supply,Sec,,Main,Sec,8.075,2.322,6.06,1.765,0.11,3.14,27.0,10.0
182,Folsom,California,38.710426,-121.156241,6330.0,87.0,48.2,331.0,1969.0,Irrigation,Sec,Main,Sec,Sec,102.749,1.28,2.68,1.684,0.27,6.34,34.0,1.9521902486915033
183,Caples Lake,California,38.706229,-120.047917,900.4,12.0,7.4,13.0,1964.0,Flood control,,,,Main,,,,,,,,
184,Lower Bear,California,38.537099,-120.254546,3920.0,53.0,32.5,80.0,1953.0,Flood control,Sec,Major,,Main,,,,,,,,
185,Monticello,California,38.513668,-122.106948,3900.0,63.0,30.1,126.0,1971.0,Irrigation,,Main,,,14.502,2.619,19174015.54,1.286,0.391,11.25,28.0,8.521827504807122
186,Salt Springs,California,38.498886,-120.213696,9340.0,148.0,32.5,160.0,1963.0,Hydroelectricity,Main,,,,,,,,,,,
190,Pardee,California,38.257854,-120.850562,9200.0,146.0,16.3,523.0,1974.0,Hydroelectricity,Main,,,,25.988,4.453,7.73,10.34,0.266,8.58,28.0,10.0
191,Camanche,California,38.22259,-121.022487,544.0,35.0,1.6,28.0,1912.0,,,,,,21.433,1.267,3.39,1.517,0.254,7.94,28.0,0.8042887029735338
192,Beardsley,California,38.206297,-120.072817,4000.0,72.0,15.8,59.0,1975.0,Hydroelectricity,Main,,,,,1.829,6.25,1.498,0.367,17.47,40.0,
193,New Hogan Dam,California,38.152175,-120.813047,1840.4,30.0,9.9,101.0,1957.0,Irrigation,,Main,,Sec,6.339,2.575,6.26,2.167,0.252,11.72,28.0,9.199993187086115
198,New Melones,California,37.948664,-120.522863,10800.0,105.0,15.8,298.0,1986.0,Hydroelectricity,Main,Sec,,,45.269,0.845,6.94,1.556,0.378,238.53,34.0,7.55994937797417
201,Alpine,California,37.939238,-122.637992,2300.0,56.0,16.8,285.0,2002.0,,,,,,,,,,,,,
203,Farmington Dam,California,37.914458,-120.934253,21000.0,75.0,26.3,565.0,1962.0,Hydroelectricity,Main,,,Sec,4.746,1.66,4.31,20049.22,0.276,272.04,26.0,10.0
204,Tulloch,California,37.877114,-120.602083,17000.0,110.0,51.2,503.0,1980.0,Hydroelectricity,Main,,,,42.579,1.236,3.35,0.731,0.216,9.89,40.0,10.0
210,Don Pedro,California,37.70282,-120.419017,1524.0,40.0,11.8,467.0,1973.0,,,,,,68.426,1.821,7.43,0.916,0.159,61.9,41.0,0.7057645606725531
213,Del Valle,California,37.613313,-121.744035,13450.0,57.0,22.8,321.0,1999.0,Navigation,Sec,,,,,,,,,,,
214,Exchequer Main,California,37.586276,-120.271021,22950.0,127.0,24.8,760.0,1963.0,Hydroelectricity,Main,,,,39.184,1.018,7.72,1.74,0.347,14.89,27.0,10.0
216,James H. Turner,California,37.57207,-121.847584,3100.0,71.0,16.1,355.0,1982.0,Hydroelectricity,Main,,,,,,,,,,,
219,Calaveras,California,37.489583,-121.822917,1920.0,30.0,9.6,255.0,1999.0,Hydroelectricity,Main,,,,,,,,,,,
223,Coyote,California,37.117567,-121.548868,4732.0,105.0,45.2,711.0,1975.0,Hydroelectricity,Main,Sec,,Sec,5.05,0.671,1.52,1.565,0.264,4.44,28.0,10.0
230,San Antonio,California,35.798659,-120.886663,5500.0,65.0,10.3,31.0,1979.0,Hydroelectricity,Main,,Sec,,,,,,,,,
250,Mica,"British Columbia, CAN",52.077993,-118.56979,778.0,-99.0,4.2,400.0,1959.0,Water supply,,,Main,,,,,,,,,
257,Revelstoke,"British Columbia, CAN",51.052067,-118.19325,505.0,-99.0,1.0,211.0,1944.0,Hydroelectricity,Main,,,,,,,,,,,
262,Coursier Lake,"British Columbia, CAN",50.713349,-118.10576,700.0,33.0,5.7,68.0,1971.0,Hydroelectricity,Main,,,,,,,,,,,
265,Sugar Lake,"British Columbia, CAN",50.353672,-118.53962,320.0,-99.0,2.4,69.0,1908.0,Hydroelectricity,Main,,,,,,,,,,,
268,Duncan,"British Columbia, CAN",50.252176,-116.94366,9400.0,44.0,11.1,81.0,1963.0,Hydroelectricity,Main,,,,,,,,,,,
279,Corra-Linn,"British Columbia, CAN",49.46878,-117.4651,2460.0,35.0,4.8,61.0,1964.0,Hydroelectricity,Main,,,,,0.742,2.97,,0.39,3.46,83.0,
282,Hugh Keenleyside,"British Columbia, CAN",49.342295,-117.77454,426.0,14.0,2.1,191.0,1942.0,,,,,,,,,,,,,
288,Morrison,"Saskatchewan, CAN",49.032726,-105.43613,6700.0,27.0,9.0,246.0,1965.0,,,,,,,1.214,23.16,,0.41,15.59,6.0,
292,Lake Sherburne,Montana,48.828116,-113.523663,4200.0,32.0,9.8,344.0,1957.0,Hydroelectricity,Main,Sec,,,5.607,1.371,173.35,2.789,0.556,16990000.0,107.0,10.0
293,Fresno,Montana,48.599168,-109.949037,1600.0,23.0,13.5,16.0,1960.0,Flood control,,,,Main,10.26,1.216,20.27,2.313,0.565,31.47,74.0,4.941612134741357
294,Conconully,Washington,48.537299,-119.747523,5980.0,83.0,32.5,843.0,1959.0,Hydroelectricity,Main,,,,,,,,,,,
295,Nelson Dike,Montana,48.531051,-107.523165,1350.0,40.0,13.3,764.0,1970.0,Irrigation,Major,Main,,,2.148,1.544,42.92,1.029,0.653,7386600.0,27.0,10.0
297,Libby,Montana,48.411432,-115.313542,9580.0,173.0,49.1,674.0,1987.0,Hydroelectricity,Main,,,,309.376,0.674,2.55,1.728,0.283,5.38,47.0,0.9812392727890896
299,Hungry Horse,Montana,48.339662,-114.010417,48700.0,169.0,70.0,507.0,1992.0,Irrigation,Sec,Main,,,,0.73,1.82,0.972,0.274,7.64,23.0,
300,Tiber Dike,Montana,48.322931,-111.102097,3240.2,-99.0,21.1,208.0,-99.0,,,,,,22.923,0.917,3.45,1.762,0.38,6.06,66.0,4.479158144004564
301,Lake Frances East Dam,Montana,48.302083,-112.29375,12500.0,131.0,36.0,307.0,1983.0,Irrigation,Sec,Main,,Sec,,,,,,,,
305,Albeni Falls,Idaho,48.178294,-116.997745,6120.0,147.0,53.0,1729.0,1968.0,Hydroelectricity,Main,Sec,,Sec,,0.723,4.72,1.862,0.314,4.61,61.0,
306,Swift Dike,Montana,48.160417,-112.878447,11600.0,60.0,18.2,301.0,1978.0,Irrigation,Sec,Main,,,3.091,1.969,3.47,1.998,0.382,81.81,15.0,10.0
307,Fort Peck Dam,Montana,48.001098,-106.414583,3000.0,128.0,26.1,445.0,1961.0,Irrigation,Sec,Main,,Sec,279.168,0.588,1.67,0.712,0.285,4.17,83.0,0.34052707846919
310,Grand Coulee,Washington,47.954652,-118.98095,11000.0,57.0,32.4,137.0,1983.0,Irrigation,Sec,Main,,,3119.243,0.415,2.12,1.163,0.308,2.61,54.0,0.11174793562230273
311,Dry Falls,Washington,47.939695,-119.019462,13940.0,143.0,66.9,357.0,1976.0,Irrigation,Sec,Main,,,,,,,,,,
316,Kerr,Montana,47.676175,-114.232292,39300.0,175.0,46.1,40.0,2003.0,Hydroelectricity,Main,,,Sec,303.206,0.721,4.54,,0.339,4.66,21.0,4.107246726949129
317,Pishkun Dike 1,Montana,47.674729,-112.48791,21626.0,105.0,51.0,98.0,1960.0,Hydroelectricity,Main,,,Sec,9.423,1.567,37115205.96,0.897,0.782,36033700.0,27.0,10.0
319,Gibson,Montana,47.60042,-112.762395,42.0,-99.0,0.1,4427.0,1996.0,Hydroelectricity,Main,,,,22.882,1.578,21.86,2.368,0.571,25.09,91.0,0.058163608434106104
320,Willow Creek,Montana,47.549113,-112.428497,4200.0,88.0,37.0,52.0,1996.0,Hydroelectricity,Main,Sec,,Sec,0.592,2.762,138.3,1.337,0.846,2231200.0,36.0,10.0
334,Lake Helena,Montana,46.70063,-111.901861,9500.0,163.0,92.3,25.0,2006.0,Hydroelectricity,Main,Sec,Sec,,,,,,,,,
338,Dworshak Dam,Idaho,46.516351,-116.297014,826.9,26.0,4.4,878.0,1971.0,Irrigation,Sec,Main,,,178.695,0.928,4.16,0.796,0.333,9.92,50.0,0.14663465577335985
345,Como,Montana,46.063822,-114.236534,3140.0,56.0,14.3,493.0,1981.0,,,,,,,,,,,,,
346,Cold Springs,Oregon,45.860356,-119.171723,9510.0,114.0,37.9,160.0,1974.0,Irrigation,Sec,Main,Sec,Sec,,,,,,,,
347,West Fork Bitterroot,Montana,45.717058,-114.281904,850.2,33.0,8.2,521.0,-99.0,Water supply,,,Main,,8.798,1.057,12.26,1.401,0.561,9.36,11.0,3.0621973470660846
350,McKay,Oregon,45.605278,-118.792708,1430.0,33.0,7.1,160.0,1969.0,Irrigation,,Main,Sec,,,,,,,,,
353,Willow Creek Reservoir,Oregon,45.344451,-119.54375,300.0,18.0,1.1,0.0,1986.0,Irrigation,,Main,,Sec,,1.743,9.88,1.474,0.166,19.63,41.0,
355,Yellowtail,Montana,45.305859,-107.957143,8722.0,145.0,16.3,255.0,1981.0,Hydroelectricity,Main,,,,95.32,0.626,1.94,1.495,0.336,3.55,56.0,2.899533171569036
361,Thief Valley,Oregon,45.013574,-117.78289,8900.0,92.0,30.4,152.0,1985.0,Irrigation,Sec,Main,Sec,Sec,4.332,1.433,15.88,1.44,0.318,179.48,43.0,10.0
362,Clark Canyon,Montana,44.997869,-112.860426,17800.0,140.0,51.6,172.0,1978.0,Irrigation,Sec,Main,Sec,Sec,9.442,0.941,4.85,2.061,0.491,24.33,58.0,10.0
364,Hebgen Dam,Montana,44.863227,-111.334057,175.0,8.0,1.7,281.0,1947.0,Irrigation,,Main,,,29.521,0.384,1.43,0.502,0.272,2.15,33.0,0.18784646073829023
367,Mason,Oregon,44.671057,-117.999626,2708.8,70.0,22.4,235.0,1934.0,Irrigation,Sec,Main,,,2.939,1.235,25.88,2.206,0.542,53.19,56.0,10.0
368,Lima,Montana,44.654902,-112.363205,3000.0,60.0,13.4,482.0,1966.0,Irrigation,Sec,Main,,,3.719,1.367,30.08,2.217,0.623,12035000.0,36.0,10.0
370,Cascade,Idaho,44.523064,-116.053057,1700.0,45.0,10.2,231.0,1992.0,Irrigation,Sec,Main,,,,,,,,,,
372,Unity,Oregon,44.504773,-118.18281,1580.0,28.0,8.5,18.0,1985.0,Irrigation,,Main,Sec,,2.449,1.412,29.43,2.171,0.317,66.32,56.0,10.0
373,Buffalo Bill,Wyoming,44.500233,-109.186819,2765.0,40.0,10.0,49.0,1987.0,,,,,,35.239,1.044,8.67,1.894,0.537,14.67,70.0,2.486380510394451
374,Island Park,Idaho,44.420051,-111.394991,2000.0,50.0,15.0,176.0,1984.0,Hydroelectricity,Main,,,,17.294,16.58,5.33,1.336,0.367,135.81,36.0,3.6646337243007925
375,Mann Creek,Idaho,44.39375,-116.89813,50.0,6.0,0.4,312.0,1979.0,,,,,,,,,,,,,
377,Deadwood,Idaho,44.295039,-115.645624,7000.0,125.0,25.9,371.0,1984.0,Hydroelectricity,Main,,,,,,,,,,,
378,Grassy Lake,Wyoming,44.129764,-110.817278,650.0,25.0,3.6,2222.0,1973.0,Hydroelectricity,Main,,,,0.229,2.539,784930.95,0.736,0.703,991000.0,41.0,10.0
382,Bully Creek,Oregon,44.01512,-117.398688,1900.0,42.0,12.7,1587.0,1960.0,Irrigation,Sec,Main,,,1.471,3.551,4074090.32,2.266,0.249,2265000.0,41.0,10.0
383,Agency Valley,Oregon,43.912118,-118.155208,1710.0,44.0,13.4,138.0,1987.0,Irrigation,Sec,Main,,,,,,,,,,
384,Jackson Lake,Wyoming,43.857485,-110.591126,27680.0,58.0,55.6,185.0,1972.0,Hydroelectricity,Main,Sec,,,41.182,1.045,9.36,1.366,0.516,12.96,56.0,10.0
385,Anchor,Wyoming,43.663883,-108.827888,2600.0,30.0,12.7,844.0,1971.0,Hydroelectricity,Main,,,,0.649,1.776,132.2,39.763,0.682,2087700.0,60.0,10.0
386,Owyhee,Oregon,43.639982,-117.238522,8300.0,37.0,16.4,194.0,1980.0,Hydroelectricity,Main,,,,28.925,3.112,104.01,1.668,0.148,177.53,56.0,9.092865301864833
387,Arrowrock,Idaho,43.593558,-115.921576,3300.0,34.0,20.2,713.0,1988.0,Hydroelectricity,Main,,,,,,,,,,,
388,Warm Springs,Oregon,43.58693,-118.2091,2000.0,17.0,10.1,1149.0,1974.0,Hydroelectricity,Main,,,,,,,,,,,
389,Deer Flat Upper,Idaho,43.584629,-116.73125,6168.0,127.0,45.1,245.0,1978.0,Hydroelectricity,Main,,,Sec,,,,,,,,
390,Ririe,Idaho,43.580736,-111.740813,13600.0,155.0,41.9,135.0,1985.0,Flood control,Sec,,,Main,3.409,1.711,25.29,1.813,0.277,10845000.0,56.0,10.0
391,Lucky Peak,Idaho,43.526359,-116.052083,1135.0,42.0,10.4,684.0,1966.0,Hydroelectricity,Main,Sec,,,69.611,0.937,23.16,2.336,0.42,40.53,56.0,0.5166709236891133
392,Little Wood River,Idaho,43.426524,-114.028321,3200.0,45.0,7.2,697.0,1980.0,Hydroelectricity,Main,,,,,,,,,,,
393,Boysen,Wyoming,43.414157,-108.177221,1560.0,41.0,12.7,51.0,1975.0,Irrigation,,Main,Sec,,39.485,0.817,2.62,1.529,0.385,4.39,70.0,1.251954336833865
394,Anderson Ranch,Idaho,43.36022,-115.447429,4975.0,110.0,27.9,866.0,2004.0,Hydroelectricity,Main,,,,,,,,,,,
396,Palisades,Idaho,43.330514,-111.202028,1500.0,13.0,8.4,1120.0,1930.0,Hydroelectricity,Main,,,,,,,,,,,
398,Bull Lake,Wyoming,43.209951,-109.044413,10800.0,99.0,13.1,87.0,1971.0,Irrigation,,Main,,,7.467,1.429,23.01,1.412,0.627,40.79,53.0,10.0
399,Pilot Butte,Wyoming,43.195527,-108.760417,4389.0,-99.0,21.4,902.0,-99.0,,,,,,7.037,1.209,57.6,1.223,0.65,19046400.0,53.0,10.0
405,C.J. Strike,Idaho,42.947917,-115.972917,1150.0,59.0,11.2,65.0,1985.0,Water supply,Major,,Main,Sec,,0.535,1.76,0.141,0.217,2.69,35.0,
411,American Falls,Idaho,42.779062,-112.873708,4800.0,116.0,39.5,1153.0,1958.0,Hydroelectricity,Main,,,,,,,,,,,
413,Minidoka,Idaho,42.667609,-113.484084,12400.0,140.0,56.2,295.0,1974.0,Irrigation,Major,Main,,,193.893,0.847,7.1,1.284,0.454,26.8,37.0,2.0265419014299586
415,Alcova,Wyoming,42.543117,-106.727083,6300.0,32.0,35.8,533.0,1976.0,Hydroelectricity,Main,,,,39.349,0.971,4.87,0.917,0.493,76.56,76.0,5.073444133990251
416,Pathfinder Dike,Wyoming,42.46391,-106.853706,2200.0,32.0,14.8,347.0,1959.0,Hydroelectricity,Main,,,,41.263,0.981,7.83,2.029,0.508,150.89,76.0,1.68949890194275
419,Big Sandy Dike,Wyoming,42.252083,-109.432426,264.8,11.0,2.7,661.0,1952.0,Hydroelectricity,Main,,,,2.159,1.595,839.05,2.213,0.815,7529200.0,49.0,3.8865241561625137
420,Eden Dike 1,Wyoming,42.238935,-109.372287,500.0,-99.0,16.7,291.0,-99.0,,,,,,0.417,2.117,1461209.26,2.977,0.842,1416000.0,25.0,10.0
421,Seminoe,Wyoming,42.154838,-106.906358,270.0,90.0,22.4,342.0,2002.0,Other,,,,,38.116,0.843,2.5,1.656,0.327,4.5,76.0,0.22446698787353914
423,Fontenelle,Wyoming,42.028371,-110.065625,277.0,42.0,9.3,107.0,1977.0,Hydroelectricity,Main,,,,44.868,1.051,4.73,1.753,0.452,5.5,58.0,0.19563163779277035
424,Wheatland 1,Wyoming,41.997877,-105.043725,180.0,-99.0,4.3,299.0,1930.0,,,,,,,,,,,,,
428,Wheatland 2,Wyoming,41.833794,-105.642093,490.0,89.0,12.4,951.0,1962.0,Hydroelectricity,Main,,,Sec,,0.988,691.75,1.617,0.718,12912000.0,27.0,
430,Wild Horse Dam,Nevada,41.684728,-115.83377,17.9,14.0,1.4,681.0,1956.0,Water supply,,,Main,,,,,,,,,
431,Hyrum,Utah,41.623799,-111.871746,389.8,23.0,15.3,6.0,1917.0,Hydroelectricity,Main,,Sec,,2.446,1.383,13.17,1.561,0.326,5522000.0,48.0,5.049884149594638
437,Arthur V. Watkins,Utah,41.376955,-112.130397,477.4,24.0,9.1,425.0,1969.0,Flood control,,Sec,Sec,Main,3.241,1.933,8.82,1.427,0.293,44.38,31.0,4.667662179085905
438,Pineview,Utah,41.254826,-111.841795,421.9,60.0,22.1,1690.0,1951.0,Hydroelectricity,Main,,,,6.585,1.202,8.92,2.568,0.379,132.7,45.0,2.030251214690784
442,Lost Creek,Utah,41.185867,-111.39784,75.0,14.0,3.0,239.0,1956.0,Hydroelectricity,Main,,,,0.747,1.237,5.1,1.544,0.457,8.68,33.0,3.181534921087244
445,Meeks Cabin,Wyoming,41.025296,-110.582609,161.0,13.0,7.4,599.0,1929.0,Hydroelectricity,Main,,,,4.466,1.598,58.75,2.594,0.674,49.77,49.0,1.1423605324806676
448,Bor Stateline Summit,Utah,40.987986,-110.386982,317.0,41.0,14.5,851.0,1954.0,Irrigation,,Main,,,1.411,1.609,36.12,2.114,0.697,36.08,43.0,7.119152258715221
449,Echo,Utah,40.963948,-111.430527,930.0,55.0,18.4,383.0,1984.0,Hydroelectricity,Main,,,,8.075,1.144,18.81,1.584,0.524,17560800.0,55.0,3.649525903039867
450,East Canyon,Utah,40.919468,-111.597917,105.2,20.0,8.2,804.0,1942.0,Irrigation,,Main,Sec,,1.469,1.15,17.05,0.911,0.533,24.12,34.0,2.2692898829379478
451,Flaming Gorge,Utah,40.915665,-109.420471,320.7,38.0,13.1,182.0,1949.0,Hydroelectricity,Main,,,,60.581,0.684,1.66,1.274,0.283,4.35,60.0,0.16774846506262828
456,Wanship,Utah,40.787922,-111.40263,1500.0,64.0,62.0,131.0,1941.0,Hydroelectricity,Main,,,,5.435,1.183,5.61,1.282,0.439,11.83,54.0,8.745562414175422
458,Smith and Morehouse Dam,Utah,40.76266,-111.104034,104.2,11.0,4.9,137.0,1955.0,Hydroelectricity,Main,,,,1.277,1.78,31.1,1.114,0.51,46.98,19.0,2.585668559296646
467,Bor Jordanelle,Utah,40.599261,-111.422917,580.0,26.0,10.3,76.0,1911.0,Hydroelectricity,Main,,Sec,,8.998,0.918,4.93,1.3,0.438,4.24,29.0,2.042575120264147
468,Dixon Canyon,Colorado,40.589614,-105.164661,704.0,5.0,29.0,424.0,2003.0,Hydroelectricity,Main,,,,3.901,1.893,113.5,1.398,0.538,11093300.0,28.0,5.7186397900734125
469,Red Fleet,Utah,40.577988,-109.420236,39.0,37.0,3.0,26.0,1952.0,Hydroelectricity,Main,,,,1.018,1.15,16.06,1.373,0.524,33.9,42.0,1.2139837178262565
470,Upper Bor Stillwater,Utah,40.561752,-110.701662,1620.0,83.0,39.3,128.0,1959.0,Hydroelectricity,Main,,,,3.976,2.311,8.87,2.861,0.57,6.36,32.0,10.0
471,Moon Lake,Utah,40.562222,-110.489005,204.0,55.0,7.6,83.0,1978.0,Hydroelectricity,Main,,,,3.158,1.523,120.84,1.94,0.651,9602000.0,48.0,2.0469822400449353
473,Steinaker,Utah,40.510417,-109.53125,275.0,24.0,5.0,306.0,1980.0,Hydroelectricity,Main,,,,0.95,1.431,2904590.46,2.01,0.67,3212000.0,48.0,9.172867525113643
477,Deer Creek,Utah,40.407034,-111.525821,362.6,34.0,7.8,168.0,1952.0,Hydroelectricity,Main,,,,11.087,0.757,4.75,1.06,0.424,6.98,64.0,1.0363579544842516
481,Carter Lake Dam 1,Colorado,40.326941,-105.214853,1040.0,49.0,27.6,287.0,1953.0,Hydroelectricity,Main,,,,,,,,,,,
487,Shadow Mountain,Colorado,40.210417,-105.84375,126.9,34.0,11.2,774.0,1938.0,Irrigation,,Main,Sec,Sec,8.561,1.821,15.95,0.649,0.565,27.43,6.0,0.4697136249971117
488,Bor Starvation,Utah,40.191264,-110.444834,97.7,6.0,7.0,672.0,1914.0,Irrigation,,Main,,,5.308,0.937,3.99,1.166,0.408,25.79,53.0,0.5832566276244591
491,Willow Creek,Colorado,40.147981,-105.945086,3678.3,172.0,48.7,1067.0,1952.0,Irrigation,Sec,Main,,Sec,0.912,12.586,1607714.29,1.084,0.856,19.39,7.0,10.0
492,Granby,Colorado,40.139748,-105.856013,625.0,-99.0,6.9,246.0,1982.0,,,,,,3.884,0.681,2.59,1.148,0.24,9.51,71.0,5.099138744533495
493,Soldier Creek,Utah,40.137146,-111.028275,1757.1,20.0,26.9,906.0,1956.0,Irrigation,,Main,Sec,Sec,6.101,1.516,2.24,1.308,0.317,4.0,48.0,9.126231617444725
497,Williams Fork,Colorado,40.03395,-106.205943,14.4,4.0,1.0,434.0,1942.0,Fisheries,,,,,3.745,0.943,2.86,1.377,0.37,16.0,62.0,0.12184471682830891
500,Gross,Colorado,39.949456,-105.357859,129.0,20.0,6.9,314.0,1970.0,Hydroelectricity,Main,,,,3.529,0.971,9.34,1.213,0.52,39.74,45.0,1.158334748656768
502,Green Mountain,Colorado,39.876756,-106.329309,72.8,4.0,2.5,387.0,1987.0,Recreation,,,,,12.415,0.893,2.99,1.567,0.415,7.48,46.0,0.18581496519221163
505,Ralston,Colorado,39.832745,-105.241537,650.0,37.0,13.8,301.0,1959.0,Hydroelectricity,Main,,,,1.659,0.973,3.93,1.051,0.456,79.58,45.0,10.0
506,Scofield,Utah,39.788265,-111.12828,132.0,18.0,11.2,1268.0,1926.0,Irrigation,,Main,,,1.934,1.436,28.96,2.413,0.587,4954000.0,50.0,2.1627857246389977
507,Rifle Gap,Colorado,39.628571,-107.759375,493.4,55.0,21.3,712.0,1960.0,Hydroelectricity,Main,,,,5.54,7.34,28.04,1.745,0.067,13.9,44.0,2.8221845717404124
508,Marston Lake North Dam,Colorado,39.624824,-105.057908,232.0,31.0,8.4,289.0,1954.0,,,,,,1.573,0.822,1.89,1.248,0.363,3596000.0,34.0,4.673640415037964
509,Dillon,Colorado,39.61875,-106.060416,216.7,20.0,9.6,417.0,1923.0,Hydroelectricity,Main,,,,8.547,1.455,9.17,1.108,0.534,9.96,45.0,0.8034174130455215
511,Chatfield Dam,Colorado,39.55497,-105.05625,48.9,2.0,1.9,429.0,1922.0,Recreation,,,,Sec,5.764,1.888,14.29,2.226,0.524,40.74,45.0,0.26883197330083547
514,Lahontan,Nevada,39.460352,-119.06875,304.3,53.0,19.7,240.0,1951.0,,,,,,,1.031,21.77,2.024,0.456,579.9,41.0,
517,Ruedi,Colorado,39.364977,-106.814496,595.5,79.0,45.8,214.0,1926.0,Hydroelectricity,Main,,,,4.611,0.742,2.73,0.902,0.362,3.93,43.0,4.092443351388905
518,Joes Valley,Utah,39.289893,-111.272992,57.9,11.0,3.4,439.0,1922.0,Hydroelectricity,Main,,,,2.566,1.278,11.58,1.509,0.539,18.0,48.0,0.7150195964272317
519,Sugar Loaf,Colorado,39.253663,-106.371408,520.0,29.0,16.8,363.0,1956.0,Hydroelectricity,Main,,,,4.374,1.049,3.53,1.333,0.321,26.67,49.0,3.7672166582750473
521,Vega,Colorado,39.222856,-107.809638,302.2,35.0,17.8,688.0,1911.0,Irrigation,,Main,,,1.649,1.282,19.08,2.716,0.611,94.52,14.0,5.807240835293844
522,Cheesman,Colorado,39.210039,-105.273882,539.0,50.0,32.2,675.0,1932.0,Irrigation,,Main,,,5.456,1.144,4.83,0.956,0.464,16.44,65.0,3.1304764171117307
524,Marlette Lake Dam,Nevada,39.173654,-119.90502,171.0,132.0,13.2,241.0,1971.0,Hydroelectricity,Main,,,,4.353,1.705,22.95,0.204,0.219,195.0,41.0,1.2448111684353207
529,Antero,Colorado,38.989297,-105.895655,377.4,38.0,19.7,1090.0,1918.0,Hydroelectricity,Main,,,Sec,0.744,1.593,7.19,1.494,0.522,17.29,64.0,10.0
530,Spinney Mountain,Colorado,38.97361,-105.623608,409.9,61.0,6.7,314.0,1948.0,Flood control,Sec,Sec,,Main,4.715,0.843,3.54,0.935,0.45,4.82,31.0,2.754813827141138
531,Paonia,Colorado,38.942351,-107.350889,51.5,6.0,4.8,407.0,1911.0,Hydroelectricity,Main,,,,4.442,3.789,30.0,5.077,0.348,71.01,48.0,0.3673877808245139
533,Eleven Mile Canyon,Colorado,38.902254,-105.478234,29.6,4.0,2.0,440.0,1938.0,Other,,,,,3.292,0.902,3.49,0.615,0.459,5.24,24.0,0.2849232683156917
536,Taylor Park,Colorado,38.820602,-106.604289,97.9,7.0,3.3,366.0,1895.0,Navigation,,,Sec,Sec,5.527,0.856,4.77,1.279,0.436,7.65,61.0,0.561292527047844
537,Crawford,Colorado,38.68814,-107.604956,172.6,38.0,14.5,1109.0,1911.0,Hydroelectricity,Main,,,Sec,1.449,1.022,2.19,51.274,0.349,33.77,38.0,3.774578300000964
541,Blue Mesa,Colorado,38.45367,-107.333611,107.3,26.0,4.7,99.0,1916.0,,,,,,36.685,0.704,2.19,1.456,0.338,7.55,54.0,0.09268452562206096
542,Morrow Point,Colorado,38.451537,-107.53435,28.6,2.0,2.0,397.0,1938.0,Other,,,,,39.303,0.686,2.39,0.387,0.341,5.31,52.0,0.023058782064504693
544,New Spicer Meadow,California,38.393724,-119.997266,530.4,9.0,50.8,624.0,1949.0,Irrigation,,Main,,Sec,,,,,,,,
545,Donnells,California,38.331332,-119.958792,113.0,3.0,6.0,402.0,1937.0,Other,,,,,,2.29,27.23,1.996,0.387,27.7,40.0,
546,Bridgeport,California,38.325225,-119.212814,340.4,2.0,6.5,391.0,1906.0,Other,,,,,,1.186,8.24,2.278,0.454,18.71,41.0,
548,Relief,California,38.279987,-119.732871,2078.4,185.0,54.0,223.0,1968.0,Hydroelectricity,Main,,,Sec,,,,,,,,
549,Silver Jack,Colorado,38.230238,-107.540387,4391.2,219.0,84.3,467.0,1973.0,Flood control,Sec,,Sec,Main,1.417,1.639,30.34,1.993,0.638,21.85,41.0,10.0
551,Main Strawberry,California,38.197774,-119.985074,96.6,2.0,4.6,398.0,1937.0,Other,,,,,,,,,,,,
554,Cherry Valley,California,37.977502,-119.910579,67.8,9.0,5.2,450.0,1940.0,Water supply,,,Main,Sec,,4.241,16.77,1.261,0.543,3.51,41.0,
555,Lake Eleanor,California,37.974799,-119.880383,92.9,5.0,2.1,360.0,1912.0,Flood control,,,Sec,Main,,2.665,19.58,0.949,0.302,79.5,41.0,
557,O'Shaughnessy,California,37.949378,-119.787927,438.5,34.0,13.4,174.0,1952.0,Hydroelectricity,Main,,,,-90.981,2.634,29.59,13.291,0.529,26.83,41.0,-0.15272668476332085
567,McPhee,Colorado,37.578215,-108.571436,129.8,5.0,2.5,286.0,1890.0,Hydroelectricity,Main,,,,13.52,2.531,21.36,1.326,0.297,19.07,38.0,0.3042243933624969
572,Jackson Gulch,Colorado,37.399487,-108.273317,345.7,2.0,15.4,413.0,1937.0,Other,,,,,0.412,99.151,69100.81,6.638,0.914,1327700.0,62.0,10.0
574,Lemon,Colorado,37.382549,-107.659343,42.9,3.0,1.2,183.0,1878.0,Other,,,,,2.691,1.327,27.71,1.827,0.595,26.64,59.0,0.5051724144265485
575,Vallecito,Colorado,37.377799,-107.572064,42.2,29.0,3.9,387.0,1943.0,Hydroelectricity,Main,,,,10.352,1.086,16.91,1.887,0.531,24.55,81.0,0.12917671037017212
578,Platoro,Colorado,37.350215,-106.545704,495.9,98.0,36.5,142.0,1953.0,Hydroelectricity,Main,,,Sec,,1.306,26.48,2.264,0.499,31.62,6.0,
580,Crane Val Stor,California,37.293805,-119.527037,1360.5,55.0,25.0,38.0,1968.0,Hydroelectricity,Main,,,,,,,,,,,
585,Buchanan Dam,California,37.219517,-119.984278,578.0,5.0,33.5,687.0,1951.0,Irrigation,,Main,,Sec,3.621,15.295,28.21,3.032,0.411,7985000.0,28.0,5.058192421018706
592,Hidden Dam,California,37.110637,-119.881035,484.4,11.0,6.2,148.0,1934.0,Hydroelectricity,Main,,Sec,Sec,3.346,2.847,5.97,3.596,0.343,5890000.0,28.0,4.587480495252726
593,Courtright,California,37.081222,-118.973044,69.4,20.0,6.9,102.0,1906.0,Hydroelectricity,Main,,Sec,Sec,,,,,,,,
595,Friant,California,37.002085,-119.702082,264.5,5.0,3.9,114.0,1967.0,Hydroelectricity,Main,,,,70.788,1.057,11.99,1.798,0.449,27.57,34.0,0.11840282571637366
597,Glen Canyon,Arizona,36.939635,-111.485228,129.6,6.0,3.2,182.0,1902.0,Hydroelectricity,Main,,,,401.217,0.495,1.48,1.704,0.297,2.65,59.0,0.01023579803622018
600,Pine Flat Dam,California,36.831978,-119.321848,133.2,50.0,10.5,290.0,1955.0,Hydroelectricity,Main,,,,66.032,1.282,31.4,2.464,0.592,67.15,34.0,0.06392133051897043
601,Navajo,New Mexico,36.801492,-107.609481,51.9,12.0,3.8,1466.0,1907.0,Hydroelectricity,Main,,Sec,Sec,35.333,1.0,2.53,1.349,0.309,6.48,60.0,0.04654605489338869
603,Heron,New Mexico,36.666231,-106.70481,107.8,17.0,8.2,182.0,1911.0,Hydroelectricity,Main,,,,,1.405,19.25,1.257,0.395,14158000.0,14.0,
604,El Vado Reservoir Dam,New Mexico,36.594947,-106.732989,27.1,3.0,1.0,129.0,1929.0,Hydroelectricity,Main,,Sec,,,1.254,9.33,1.693,0.308,15.0,47.0,
605,Terminus Dam,California,36.418267,-119.001457,42.1,5.0,3.6,313.0,1925.0,Hydroelectricity,Main,,,,17.275,1.346,23.38,8.392,0.542,236.2,27.0,0.07722538332680862
606,Abiquiu Dam,New Mexico,36.237769,-106.42863,1760.6,160.0,158.6,1105.0,1965.0,Irrigation,Sec,Main,Sec,Sec,,0.924,10.24,2.713,0.377,14.5,12.0,
609,Success Dam,California,36.062301,-118.92174,184.5,15.0,2.6,61.0,1915.0,Hydroelectricity,Main,,,,5.386,1.632,8.84,6.595,0.383,184.73,28.0,1.0854905684530898
610,Hoover,Nevada,36.018191,-114.735006,185.0,5.0,7.5,96.0,1984.0,Hydroelectricity,Main,,,,,0.438,1.47,1.045,0.281,3.09,88.0,
612,Isabella Dam,California,35.648325,-118.481266,56.7,18.0,4.9,316.0,1907.0,Hydroelectricity,Main,,,,27.329,1.253,6.07,3.479,0.441,11.39,28.0,0.06574388302006812
613,Cochiti,New Mexico,35.61975,-106.317485,536.6,13.0,8.5,343.0,1948.0,Hydroelectricity,Main,,Sec,Sec,15.234,1.003,4.9,7.885,0.319,7.79,52.0,1.1161761796644305
614,Jemez Canyon Dam,New Mexico,35.394321,-106.548993,318.5,55.0,10.4,247.0,1967.0,Hydroelectricity,Main,,,,,2.41,13.31,4043.227,0.091,2576200.0,12.0,
616,Davis Bor,Arizona,35.20227,-114.572791,112.2,9.0,6.4,282.0,1942.0,Fisheries,,,,Sec,,0.419,1.84,1.104,0.305,2.8,73.0,
619,Pyramid,California,34.645013,-118.764728,396.2,8.0,29.4,146.0,1911.0,Hydroelectricity,Main,,,,,,,,,,,
620,Bradbury,California,34.585417,-119.979533,23.4,3.0,0.9,52.0,1973.0,Recreation,,,,Sec,2.319,5.596,6.09,1.309,0.198,6.0,16.0,0.31975043331102954
624,Castaic,California,34.520378,-118.605333,217.8,45.0,12.1,1687.0,1963.0,Irrigation,,Main,,Sec,,,,,,,,
625,Santa Felicia,California,34.462147,-118.753391,58.2,2.0,5.7,333.0,1940.0,Other,,,,,,1.867,10.42,1.982,0.228,43.58,41.0,
627,Lyman,Arizona,34.368424,-109.380173,396.2,23.0,15.4,455.0,1911.0,Hydroelectricity,Main,,,,,4.052,90.51,3.669,0.16,27.23,3.0,
629,Parker,Arizona,34.29867,-114.138725,69.1,24.0,3.4,269.0,1917.0,Hydroelectricity,Main,,,Sec,,0.485,1.71,1.494,0.301,3.52,87.0,
640,Horseshoe,Arizona,33.985427,-111.710417,228.5,37.0,7.9,902.0,1910.0,Irrigation,,Main,,Sec,,,,,,,,
643,Perris,California,33.844532,-117.182292,33.5,2.0,0.8,180.0,1976.0,Recreation,,,,,,,,,,,,
644,Bartlett,Arizona,33.817207,-111.629844,132.0,2.0,10.7,47.0,1911.0,Hydroelectricity,Main,,Sec,,,3.317,7.4,1.317,0.17,10.12,41.0,
648,Diamond Valley Lake,California,33.668795,-117.063342,54.1,4.0,1.6,73.0,1900.0,Hydroelectricity,Main,,,,,,,,,,,
654,Vail,California,33.496395,-116.975529,141.8,23.0,11.6,413.0,1953.0,Hydroelectricity,Main,,,,,6.91,19.1,1.966,0.062,170.0,41.0,
656,Coolidge,Arizona,33.176265,-110.522895,229.2,51.0,15.2,1247.0,1951.0,Irrigation,,Main,,Sec,,1.919,18.56,12.322,0.378,1228.7,41.0,
657,Elephant Butte Dike,New Mexico,33.156049,-107.189253,145.6,22.0,6.7,139.0,1960.0,Hydroelectricity,Main,,,,19.262,0.928,8.88,3.522,0.433,602.86,105.0,0.23952785721745481
664,Caballo,New Mexico,32.898365,-107.293998,69.2,99.0,6.3,76.0,1926.0,Hydroelectricity,Main,,,,20.858,1.174,1758.6,7.006,0.596,3111.72,19.0,0.10513067776060998
725,Rafferty,"Saskatchewan, CAN",49.151575,-103.09456,116.3,27.0,8.8,1469.0,1925.0,Irrigation,,Main,,,,,,,,,,
726,Boundary,"Saskatchewan, CAN",49.096083,-103.01997,239.3,29.0,17.6,1342.0,1980.0,Other,,,,,,,,,,,,
740,Lower Red Lake Dam,Minnesota,47.956032,-95.272214,568.9,40.0,42.5,207.0,1958.0,Flood control,,,,Main,,0.719,1.7,1.081,0.272,15.22,43.0,
744,Birch Lake,Minnesota,47.813354,-91.784897,333.0,21.0,15.8,362.0,1926.0,Hydroelectricity,Main,,,,,1.231,7.88,,0.285,17.6,18.0,
753,Garrison Dam,North Dakota,47.50613,-101.432292,48.7,5.0,4.8,1680.0,1904.0,Irrigation,,Main,,,646.89,0.49,1.36,1.038,0.292,2.69,68.0,0.0023855831386220376
758,Winnibigoshish Dam,Minnesota,47.428657,-94.053087,454.4,43.0,42.3,223.0,1967.0,Flood control,,,,Main,17.178,0.904,1.61,1.641,0.24,111.6,134.0,0.8382272151993686
761,Upper Rice Lake,Minnesota,47.380974,-95.314536,185.5,6.0,3.7,264.0,1841.0,Recreation,,,,,,1.503,6.75,,0.212,42.0,24.0,
762,Prairie River,Minnesota,47.287092,-93.502526,86.2,5.0,4.9,302.0,1852.0,Recreation,,,,,,1.086,5.0,,0.264,8.3,25.0,
763,Whiteface Lake,Minnesota,47.282541,-92.189105,24.9,5.0,0.6,1260.0,-99.0,Irrigation,,Main,,,,0.952,2.9,,0.186,7.13,7.0,
767,Leech Lake Dam,Minnesota,47.251782,-94.223518,233.1,61.0,20.7,1741.0,1970.0,Water supply,,,Main,,,0.75,1.4,,0.239,41.0,130.0,
768,Pokegama Lake Dam,Minnesota,47.251326,-93.588285,166.3,28.0,15.9,267.0,1974.0,Flood control,,,Sec,Main,13.53,0.866,1.4,,0.235,19.7,126.0,0.3894847748317084
773,Boulder Lake,Minnesota,47.053208,-92.203247,179.0,26.0,17.6,272.0,1956.0,Water supply,,,Main,,,1.634,3.45,,0.216,8.32,24.0,
774,Baldhill,North Dakota,47.036297,-98.079898,188.6,19.0,18.4,245.0,1968.0,Recreation,,,,,,2.12,9.24,,0.26,53.81,70.0,
775,Island Lake,Minnesota,46.992107,-92.225209,1018.5,33.0,20.3,595.0,1952.0,Flood control,,Sec,,Main,,1.04,3.03,,0.228,5.25,24.0,
777,Pipestem Dam,North Dakota,46.96493,-98.751547,109.2,14.0,7.9,251.0,1937.0,Flood control,,,,Main,-19.519,2.146,11.35,14.524,0.413,5794000.0,36.0,-0.17728055685700914
778,Fish Lake,Minnesota,46.9555,-92.276042,102.4,35.0,5.7,1765.0,1966.0,Recreation,,,,,,1.544,4.05,,0.22,8.13,24.0,
780,Jamestown,North Dakota,46.932526,-98.709425,177.3,48.0,17.1,139.0,1963.0,Flood control,Sec,Sec,,Main,2.258,2.608,27.3,7.787,0.355,7066500.0,68.0,2.4881744771600234
784,Dickinson,North Dakota,46.867223,-102.828566,321.3,21.0,19.8,216.0,1966.0,Flood control,,,,Main,0.772,5.354,50.7,1.854,0.226,1226000.0,70.0,10.0
789,Sandy Lake Dam and Lock,Minnesota,46.783615,-93.321528,273.3,73.0,21.1,1814.0,1970.0,Flood control,,,,Main,13.764,0.831,1.32,3.122,0.243,216.18,122.0,0.6292033129594676
792,Pine River Dam,Minnesota,46.670135,-94.112119,70.3,12.0,5.6,36.0,1967.0,Water supply,Sec,Sec,Main,,4.84,0.494,1.19,1.926,0.26,3.9,14.0,0.4602629283731891
798,Heart Butte Dike,North Dakota,46.596531,-101.812192,446.7,28.0,11.9,1530.0,1914.0,Irrigation,,Main,,,3.416,3.156,21.65,2.755,0.257,4742200.0,72.0,4.143755511278318
806,Gull Lake,Minnesota,46.414653,-94.358021,454.8,35.0,16.1,266.0,1977.0,Flood control,,,Sec,Main,,0.901,1.47,0.953,0.238,28.11,109.0,
827,Bowman-Haley,North Dakota,45.9813,-103.248588,757.5,45.0,27.2,229.0,1974.0,Flood control,,,,Main,2.236,2.077,11.59,1.918,0.193,49.64,46.0,10.0
830,Chippewa Reservoir,Wisconsin,45.891129,-91.071875,376.2,27.0,8.4,76.0,1972.0,Hydroelectricity,Main,,,Sec,,1.124,4.05,,0.298,18.49,57.0,
836,Browns Valley Dike,Minnesota,45.767747,-96.639471,204.8,14.0,7.3,125.0,1940.0,Recreation,,,Sec,,3.734,2.743,49.03,1.023,0.355,14158000.0,72.0,1.738007601583591
837,Shadehill Dike 1,South Dakota,45.751107,-102.203155,2504.0,173.0,60.2,245.0,1971.0,Irrigation,,Main,,,2.906,3.178,8.22,2.774,0.24,14.0,70.0,10.0
854,Highway 75 Dam,Minnesota,45.23921,-96.291375,416.9,22.0,24.9,217.0,1983.0,Flood control,,,Sec,Main,11.977,2.178,25.93,8.511,0.267,426.75,31.0,1.1030110887257802
858,Marsh Lake Dam,Minnesota,45.174204,-96.091121,1637.0,38.0,27.9,308.0,1976.0,Flood control,Sec,,Sec,Main,,,,,,,,
861,Lac Qui Parle Dam,Minnesota,45.02737,-95.874081,270.8,53.0,24.2,2102.0,1935.0,Irrigation,,Main,,,,1.844,11.81,3.679,0.287,73.81,76.0,
868,Belle Fourche,South Dakota,44.735438,-103.677318,41.3,4.0,1.5,84.0,-99.0,Recreation,,,,,4.216,1.584,15048194.56,1.436,0.762,15574000.0,35.0,0.3104169892598187
870,Oahe Dam,South Dakota,44.456316,-100.39797,835.1,101.0,39.0,597.0,1948.0,Flood control,Sec,,,Main,710.349,0.596,1.88,0.797,0.318,4.83,63.0,0.03725312787586887
872,Keyhole,Wyoming,44.379972,-104.78125,383.5,28.0,9.1,150.0,1973.0,Hydroelectricity,Main,,,Sec,0.621,3.388,1048.44,1.96,0.646,2435000.0,70.0,10.0
882,Pactola,South Dakota,44.072917,-103.490625,2580.4,76.0,43.3,199.0,1951.0,Flood control,Sec,,,Main,1.474,1.233,4.81,1.219,0.442,7.44,66.0,10.0
884,Big Bend Dam,South Dakota,44.039785,-99.448646,1900.8,14.0,29.3,291.0,1943.0,Flood control,,,,Main,698.469,0.611,1.71,0.241,0.315,5.9,58.0,0.08623534804967181
885,Deerfield,South Dakota,44.027173,-103.786348,1259.4,28.0,32.7,74.0,1981.0,Water supply,,,Main,,0.396,0.951,3.51,1.093,0.357,14.91,69.0,10.0
893,Angostura,South Dakota,43.342073,-103.435489,3002.6,69.0,85.9,894.0,1965.0,Recreation,,,,,3.169,4.049,36.24,1.58,0.584,6938000.0,70.0,10.0
895,Gavins Point Dam,South Dakota,42.850337,-97.483244,700.6,56.0,29.4,782.0,1953.0,Flood control,Sec,Sec,,Main,761.422,0.545,2.24,0.819,0.314,3.82,66.0,0.029156859563433526
897,Merritt,Nebraska,42.631243,-100.872917,1518.2,60.0,31.1,198.0,1952.0,Flood control,Sec,,,Main,,,,,,,,
898,Glendo,Wyoming,42.48023,-104.953299,204.2,43.0,8.3,507.0,1960.0,Water supply,,,Main,Sec,45.504,1.379,263.37,2.445,0.679,2435.85,64.0,0.14220085116967107
899,Box Butte,Nebraska,42.460003,-103.077233,155.5,34.0,14.6,269.0,1976.0,Hydroelectricity,Main,,,,,7.119,168.91,2.041,0.893,167.19,13.0,
901,Guernsey,Wyoming,42.289933,-104.766214,176.1,65.0,8.0,159.0,1917.0,Hydroelectricity,Main,,Sec,,,,,,,,,
903,Lake Alice 1,Nebraska,41.992166,-103.625454,497.1,40.0,21.9,1152.0,1963.0,Recreation,,,,,2.642,1.536,8047038.71,11.291,0.301,10691400.0,12.0,5.962206075834137
904,Minatare,Nebraska,41.91949,-103.493827,125.6,27.0,9.2,294.0,1952.0,Water supply,,,Main,Sec,,,,,,,,
905,Calamus Dam,Nebraska,41.835725,-99.210417,599.7,27.0,6.4,106.0,1969.0,Navigation,Sec,,,Sec,,,,,,,,
907,Coralville Dam,Iowa,41.727526,-91.531121,206.0,27.0,10.8,86.0,1928.0,Hydroelectricity,Main,,Sec,,,1.151,4.05,22.336,0.365,22.18,29.0,
908,Hawk Springs,Wyoming,41.714582,-104.193569,2242.9,61.0,22.7,198.0,1952.0,Hydroelectricity,Main,,,,,,,,,,,
910,Davis Creek Dam,Nebraska,41.416301,-98.74837,89.5,37.0,6.2,415.0,1958.0,Water supply,,,Main,Sec,,,,,,,,
911,Red Rock Dam,Iowa,41.369935,-92.982345,535.3,94.0,43.2,450.0,1940.0,Flood control,Sec,,,Main,,1.128,5.36,9.578,0.402,35.25,29.0,
913,Kingsley,Nebraska,41.214586,-101.67338,884.4,65.0,74.9,1443.0,1979.0,Flood control,,Sec,,Main,,3.975,4.71,1.339,0.467,14.64,58.0,
919,Branched Oak Dam,Nebraska,40.970589,-96.853979,527.3,30.0,22.2,147.0,1949.0,Flood control,,,Sec,Main,1.671,1.332,3.17,0.856,0.337,25.22,50.0,9.9994785782989
920,Jeffrey Reg Dam,Nebraska,40.958721,-100.403511,163.8,34.0,8.0,477.0,1944.0,Irrigation,,Main,Sec,Sec,40.853,0.375,1.59,1.448,0.314,3.03,81.0,0.12705330780941282
924,Rathbun Dam,Iowa,40.831517,-92.881377,261.4,29.0,13.9,377.0,1961.0,Water supply,,,Main,,,1.392,2.89,2.692,0.341,57.37,42.0,
929,Johnson Lake Dam,Nebraska,40.677414,-99.843679,222.0,37.0,8.8,125.0,1983.0,Navigation,,,,,30.042,0.555,1.36,0.868,0.25,6.08,57.0,0.23416402019554047
931,Elwood Dam,Nebraska,40.634268,-99.853071,225.9,34.0,10.7,122.0,1932.0,Hydroelectricity,Main,,Sec,,1.1,4.081,1870608.5,1.51,0.96,0.0,23.0,6.507580942899218
936,Enders,Nebraska,40.422802,-101.51979,39.5,17.0,3.4,81.0,1914.0,Hydroelectricity,Main,,,,2.307,2.226,21.05,2.402,0.695,188.5,69.0,0.5425572035778689
938,Medicine Creek,Nebraska,40.378902,-100.219447,1153.9,32.0,31.0,293.0,1977.0,Flood control,,Sec,Sec,Main,1.615,1.569,18.43,1.656,0.63,167.89,70.0,10.0
939,Red Willow,Nebraska,40.360837,-100.666251,1698.6,74.0,37.6,126.0,1969.0,Flood control,Sec,,Sec,Main,0.492,1.817,11.67,1.347,0.667,26.33,57.0,10.0
947,Trenton,Nebraska,40.168713,-101.065857,1835.6,59.0,18.0,147.0,1986.0,Hydroelectricity,Main,,,Sec,0.804,1.898,139.27,1.148,0.823,117.32,9.0,10.0
948,Harlan County Dam,Nebraska,40.072869,-99.21467,1571.6,31.0,32.8,127.0,1974.0,Flood control,,,Sec,Main,3.782,2.009,20.43,1.797,0.689,14588600.0,33.0,10.0
952,Lovewell,Kansas,39.886843,-98.028963,177.8,16.0,16.0,322.0,1924.0,Irrigation,,Main,,,2.085,2.425,26.81,2.419,0.713,2701.33,35.0,2.702226385292253
953,Norton,Kansas,39.805524,-99.93575,149.0,32.0,5.7,154.0,1966.0,Hydroelectricity,Main,,,,0.159,3.368,35.73,5.58,0.826,4.75,57.0,10.0
955,Long Branch Dam,Missouri,39.753459,-92.517382,1282.8,35.0,44.8,347.0,1923.0,Irrigation,,Main,,,,1.485,3.52,1.788,0.322,36.0,41.0,
956,Kirwin,Kansas,39.659702,-99.127083,2288.0,28.0,24.6,81.0,1966.0,Flood control,,,Sec,Main,281.255,2.313,27.0,2.122,0.69,3625500.0,35.0,0.2577815324829718
957,Cherry Creek Dam,Colorado,39.646658,-104.8599,1641.8,109.0,40.8,630.0,1911.0,Irrigation,Sec,Main,,,0.564,3.03,5.88,2.359,0.261,878000.0,56.0,10.0
958,Bonny,Colorado,39.621971,-102.174556,249.2,18.0,14.2,317.0,1945.0,Flood control,,,,Main,0.449,1.769,4.46,1.529,0.316,5.78,69.0,10.0
961,Clarence Cannon Dam,Missouri,39.526146,-91.648475,727.8,37.0,10.4,134.0,1980.0,Hydroelectricity,Main,,Sec,,,1.617,2.8,1.407,0.336,110.27,41.0,
962,Glen Elder,Kansas,39.473081,-98.318864,983.5,29.0,24.3,134.0,1991.0,Water supply,,,Main,Sec,6.62,1.884,2.5,4.19,0.372,61.6,35.0,4.707739330075147
963,Webster,Kansas,39.40559,-99.424609,7068.8,32.0,83.8,72.0,1954.0,Water supply,,,Main,Sec,0.934,2.672,22.93,3.55,0.589,3669800.0,35.0,10.0
964,Smithville Dam,Missouri,39.398007,-94.554967,55.6,7.0,3.1,29.0,1942.0,Recreation,,,,,,2.086,2.92,1.611,0.351,65.55,42.0,
965,Tuttle Creek Dam,Kansas,39.260417,-96.59375,222.0,38.0,12.3,70.0,1971.0,Water supply,,,Main,,,1.7,4.67,6.655,0.382,28.47,62.0,
967,Perry Dam,Kansas,39.111675,-95.432391,1139.5,40.0,28.5,254.0,1931.0,Flood control,,,,Main,,2.151,4.89,2.636,0.35,79.59,50.0,
968,Milford Dam,Kansas,39.078243,-96.899609,1323.5,77.0,85.6,742.0,1929.0,Irrigation,Sec,Main,,,,1.875,3.04,3.385,0.371,58.91,56.0,
969,Blue Springs Dam,Missouri,39.014258,-94.335427,604.4,32.0,15.9,108.0,1953.0,Hydroelectricity,Main,,Sec,,0.979,2.448,5.1,2.042,0.292,698.33,33.0,10.0
972,Wilson Dam,Kansas,38.963636,-98.49375,202.3,23.0,17.1,120.0,1971.0,Recreation,,,,,,2.766,2.31,2.844,0.325,40.39,58.0,
974,Longview Dam,Missouri,38.92201,-94.465654,1136.3,25.0,16.6,151.0,1953.0,Recreation,,,,,1.303,2.619,5.47,1.669,0.264,10.48,31.0,10.0
975,Clinton Dam,Kansas,38.91875,-95.331348,936.0,42.0,44.1,165.0,1952.0,Recreation,,,,,,2.089,4.04,2.194,0.34,127.67,43.0,
976,Cedar Bluff,Kansas,38.785402,-99.72388,326.9,43.0,10.1,124.0,1914.0,Hydroelectricity,Main,,,,-0.121,10.715,125.57,2.245,0.658,0.0,33.0,-85.61021410252945
978,Council Grove City Dam,Kansas,38.676363,-96.553129,285.6,29.0,10.1,1278.0,1937.0,Irrigation,Sec,Main,,Sec,,2.742,6.31,2.622,0.352,82.95,42.0,
979,Hillsdale Dam,Kansas,38.657411,-94.902775,839.2,26.0,28.9,200.0,1932.0,Flood control,,,,Main,,2.287,4.83,1.931,0.37,77.93,41.0,
980,Pomona Dam,Kansas,38.653448,-95.557488,686.1,57.0,13.6,304.0,1941.0,Water supply,Sec,,Main,,,2.381,5.41,3.085,0.364,35.68,59.0,
981,Kanopolis Dam,Kansas,38.609095,-97.966322,888.1,34.0,20.6,360.0,1962.0,Flood control,,,,Main,,2.082,6.67,7.347,0.424,35.37,72.0,
982,Melvern Dam,Kansas,38.51407,-95.715718,1293.3,25.0,13.9,121.0,1980.0,Recreation,,,,,6.285,2.277,6.15,2.143,0.344,25.01,46.0,6.520637067602807
983,Marion Lake,Kansas,38.370716,-97.08315,212.2,32.0,10.8,100.0,1923.0,Hydroelectricity,Main,,,,,3.566,6.87,1.377,0.38,62.1,42.0,
987,Pueblo,Colorado,38.272917,-104.727382,246.7,22.0,11.4,57.0,1966.0,Water supply,,,Main,,22.593,1.186,14.05,1.546,0.536,14.59,34.0,0.3460120950613439
989,Harry S. Truman Dam,Missouri,38.264873,-93.40625,931.3,16.0,15.5,53.0,1914.0,Navigation,,,Sec,,274.37,1.359,4.81,4.042,0.283,848821500.0,39.0,0.10755955892118366
991,John Redmond Lake,Kansas,38.239796,-95.764794,505.7,41.0,41.7,213.0,1951.0,Water supply,,,Main,Sec,,1.777,4.88,9.417,0.364,199.61,42.0,
993,Bagnell Dam,Missouri,38.20625,-92.627083,289.9,38.0,26.2,78.0,1928.0,Hydroelectricity,Main,,,,303.154,1.251,3.79,,0.277,65.4,21.0,0.03030267341775795
998,John Martin Dam,Colorado,38.064582,-102.939585,296.8,26.0,12.5,212.0,1969.0,Irrigation,,Main,,,,1.42,88.49,6.08,0.576,846.31,41.0,
1000,Pomme de Terre Dam,Missouri,37.897187,-93.321703,246.0,48.0,22.8,240.0,1977.0,Recreation,,,,,,1.595,6.31,2.074,0.202,44.6,61.0,
1001,El Dorado Lake,Kansas,37.840623,-96.813814,224.9,18.0,13.2,95.0,1974.0,Recreation,,,,,4.397,3.101,5.31,1.529,0.359,57.29,37.0,1.620798487463068
1003,Toronto Lake,Kansas,37.741526,-95.921996,154.2,24.0,8.0,63.0,1986.0,Recreation,,,Sec,,14.946,2.101,4.63,10.08,0.303,596.38,37.0,0.326930492501222
1005,Cheney,Kansas,37.723975,-97.802083,113.5,16.0,8.8,83.0,1956.0,Recreation,,,,,,,,,,,,
1006,Stockton Dam,Missouri,37.689583,-93.76875,414.2,25.0,25.9,129.0,1963.0,Flood control,,,,Main,32.495,1.389,3.15,1.657,0.288,75.73,47.0,0.4039146321763592
1007,Fall River Lake,Kansas,37.649318,-96.06875,640.1,32.0,39.8,858.0,1936.0,Irrigation,Sec,Main,,,11.343,2.061,3.48,10.336,0.316,416.42,37.0,1.788199330843686
1014,Big Hill Lake,Kansas,37.2693,-95.464466,666.5,45.0,14.2,466.0,1989.0,Recreation,,,,,,3.378,5.52,1.652,0.248,1756000.0,38.0,
1016,Trinidad,Colorado,37.142426,-104.552901,1341.4,41.0,21.8,575.0,1962.0,Irrigation,,Main,,Sec,,1.547,130.97,3.635,0.592,6541.0,41.0,
1017,Clearwater Dam,Missouri,37.136323,-90.774448,688.1,20.0,15.2,110.0,1978.0,Irrigation,,Main,,,25.814,1.116,3.48,20.034,0.198,16.17,73.0,0.8446801435203115
1019,Wappapello Dam,Missouri,36.931986,-90.282381,2314.9,59.0,54.4,183.0,1954.0,Recreation,,,,,,1.286,6.92,7.127,0.134,71.71,74.0,
1020,Copan Lake,Oklahoma,36.886385,-95.972917,1250.5,61.0,53.3,191.0,1968.0,Water supply,,,Main,Sec,11.801,2.255,15.2,6.98,0.309,285.3,36.0,3.3578471156209813
1021,Great Salt Plains Lake,Oklahoma,36.747179,-98.140473,377.9,14.0,21.2,25.0,1951.0,Other,Sec,,Sec,,18.071,1.851,3.69,5.564,0.295,254.18,37.0,0.6626599737104499
1023,Kaw Lake,Oklahoma,36.702154,-96.927032,168.4,23.0,15.4,36.0,1952.0,Water supply,,,Main,,98.815,1.508,4.16,2.653,0.368,223.94,37.0,0.05400267153653267
1026,Table Rock Dam,Missouri,36.597936,-93.311648,197.4,9.0,16.5,2.0,1948.0,Recreation,,,,,121.015,1.126,3.26,1.416,0.24,69.4,65.0,0.051689695777294674
1027,Fort Supply Lake,Oklahoma,36.550855,-99.565839,280.0,36.0,14.7,251.0,1951.0,Hydroelectricity,Main,,,,1.357,2.051,9.55,1.513,0.191,2945000.0,37.0,6.53844111122189
1028,Birch Lake,Oklahoma,36.530647,-96.161815,983.0,92.0,57.0,758.0,1942.0,Irrigation,,Main,,,1.299,2.87,10.11,2.004,0.259,139.57,37.0,10.0
1032,Oologah Lake,Oklahoma,36.424078,-95.679416,1269.0,24.0,29.1,72.0,1967.0,Irrigation,,Main,,,94.454,1.675,5.87,2.378,0.325,282408800.0,37.0,0.42573298574970614
1033,Beaver,Arkansas,36.422916,-93.849219,50.1,7.0,3.9,6.0,1962.0,Recreation,,,,,40.974,1.736,3.3,1.265,0.255,178.5,58.0,0.03874586809886393
1034,Spavinaw,Oklahoma,36.384733,-95.046645,347.6,20.0,9.3,14.0,1954.0,Irrigation,,Main,,,,,,,,,,
1035,Eucha,Oklahoma,36.375383,-94.933731,1393.0,68.0,45.5,276.0,1964.0,Water supply,Sec,,Main,Sec,,2.967,4.58,0.57,0.186,10.0,20.0,
1036,Bull Shoals,Arkansas,36.365385,-92.572917,74.0,3.0,3.8,-2.0,-99.0,Other,,Sec,,,172.61,1.013,2.1,1.846,0.285,42.85,70.0,0.013585067482985588
1042,Norfork,Arkansas,36.252069,-92.238377,253.0,39.0,12.4,220.0,1948.0,Irrigation,,Main,Sec,,56.574,0.986,2.26,1.215,0.267,46.86,76.0,0.14170972915030447
1044,Robert S. Kerr Dam,Oklahoma,36.231263,-95.180265,3030.0,133.0,72.0,310.0,1964.0,Hydroelectricity,Main,,,,,1.454,3.73,2.993,0.254,86.4,41.0,
1048,Keystone Lake,Oklahoma,36.152083,-96.25625,1335.9,39.0,24.3,60.0,1981.0,Recreation,,,,,241.592,1.467,3.89,2.909,0.341,623989200.0,37.0,0.17522151607156392
1050,Canton Lake,Oklahoma,36.085762,-98.602083,90.0,7.0,7.6,14.0,1966.0,Flood control,,,,Main,,1.595,2.96,1.25,0.304,62.93,38.0,
1051,Newt Graham Lock and Dam,Oklahoma,36.059869,-95.539797,425.0,57.0,16.6,1239.0,1949.0,Irrigation,,Main,,,177.454,1.354,6.08,0.571,0.206,116.48,16.0,0.07589255424483135
1053,Fort Gibson Lake,Oklahoma,35.870603,-95.232292,655.0,25.0,11.1,28.0,1958.0,Recreation,,,,,274.778,1.378,3.78,2.574,0.26,713736000.0,37.0,0.07553624205063346
1055,Sanford Dam,Texas,35.713078,-101.553663,3240.0,90.0,43.4,70.0,1952.0,Irrigation,Sec,Main,,Sec,,,,,,,,
1060,Tenkiller Lake,Oklahoma,35.595392,-95.037008,1014.7,81.0,66.6,111.0,1955.0,Irrigation,Sec,Main,,Sec,,1.347,4.07,1.048,0.217,73.74,42.0,
1063,Foss,Oklahoma,35.543961,-99.186521,4000.0,86.0,42.3,105.0,1956.0,Irrigation,Sec,Main,,Sec,,,,,,,,
1067,Greers Ferry,Arkansas,35.520559,-91.992829,1784.0,44.0,41.3,151.0,1994.0,Water supply,,,Main,,50.085,1.119,3.83,1.515,0.25,96.5,59.0,1.128712162528255
1068,Overholser,Oklahoma,35.487041,-97.668076,3162.0,95.0,66.7,1492.0,1947.0,Irrigation,,Main,,Sec,,2.671,4.71,1.281,0.32,199.88,41.0,
1070,Conchas Dam,New Mexico,35.40124,-104.191262,3150.0,107.0,108.5,138.0,1964.0,Irrigation,,Main,,Sec,4.035,2.389,2245.59,1.704,0.485,7985000.0,25.0,10.0
1073,Ute Dam,New Mexico,35.351627,-103.44804,2850.0,136.0,142.3,220.0,1981.0,Irrigation,Sec,Main,,Sec,,4.55,10.87,1.225,0.452,3.91,41.0,
1075,Robert S. Kerr Lock and Dam,Oklahoma,35.346223,-94.778828,197.0,50.0,10.7,118.0,1982.0,Recreation,,,,,1080.146,1.171,4.19,0.367,0.212,50.14,16.0,0.005779360659914219
1077,Eufaula Lake,Oklahoma,35.307952,-95.357937,6950.0,187.0,96.4,111.0,1994.0,Hydroelectricity,Main,,,,,1.548,4.71,1.117,0.265,166.36,42.0,
1078,Dardanelle Lock and Dam,Arkansas,35.251912,-93.172917,1020.0,38.0,24.8,32.0,1972.0,,,,,,1236.161,1.138,4.23,0.216,0.27,44.32,27.0,0.026146957856063677
1080,Norman,Oklahoma,35.223344,-97.219506,136.0,-99.0,6.8,71.0,2004.0,Water supply,,,Main,,,,,,,,,
1081,Fort Cobb,Oklahoma,35.164589,-98.456255,1426.0,207.0,63.6,1404.0,1994.0,Hydroelectricity,Main,,,,,,,,,,,
1084,Blue Mountain,Arkansas,35.102957,-93.651042,1220.0,57.0,28.8,1889.0,1949.0,Irrigation,,Main,,Sec,15.36,1.698,8.4,11.412,0.166,282.86,70.0,2.516892391478862
1086,Santa Rosa Dam,New Mexico,35.02896,-104.688235,470.0,70.0,19.3,135.0,1976.0,Irrigation,Sec,Main,,Sec,3.015,3.124,34.41,2.422,0.533,6853000.0,41.0,4.939768249616454
1092,Nimrod,Arkansas,34.95283,-93.16166,530.0,73.0,29.2,359.0,1985.0,Irrigation,,Main,,,26.442,1.673,9.2,12.652,0.152,427.5,77.0,0.6351519000618464
1093,Wister Lake,Oklahoma,34.939583,-94.719351,710.0,60.0,53.8,54.0,1968.0,Irrigation,Sec,Main,,,35.337,1.6,10.93,9.003,0.146,886.16,37.0,0.636685127429056
1095,Altus,Oklahoma,34.889583,-99.29375,1485.0,46.0,78.2,85.0,1985.0,Hydroelectricity,Main,,,,17.779,5.888,242.8,1.977,0.282,538000.0,41.0,2.646763620216716
1101,Arkabutla Dam,Mississippi,34.756146,-90.122793,380.0,50.0,21.2,46.0,1983.0,Hydroelectricity,Main,Sec,,,46.067,0.97,2.36,6.418,0.191,63.99,56.0,0.2613904393455402
1109,Sumner,New Mexico,34.608174,-104.387881,110.0,-99.0,10.2,92.0,1988.0,,,,,,6.14,1.991,16.71,4.241,0.418,25.68,29.0,0.5677018989484014
1112,Blakely Mountain Dam,Arkansas,34.574105,-93.195081,301.6,20.0,10.0,159.0,1963.0,,,,,,59.908,1.175,2.55,0.611,0.24,210.13,59.0,0.15953006751537577
1117,Arbuckle Dike 1,Oklahoma,34.435509,-97.026426,315.0,-99.0,9.7,76.0,1983.0,,,,,,,,,,,,,
1119,McGee Creek,Oklahoma,34.315301,-95.872801,856.5,61.0,26.9,236.0,1988.0,,,,,,,31.913,5881914.44,2.316,0.084,14015400.0,17.0,
1120,Waurika Lake,Oklahoma,34.239978,-98.05608,363.0,69.0,6.5,54.0,1996.0,,,,,,6.058,3.012,6.79,1.669,0.338,11808000.0,37.0,1.898774492653105
1121,Degray Dam,Arkansas,34.216058,-93.110417,1200.0,73.0,30.5,116.0,2000.0,Hydroelectricity,Main,,,Sec,27.562,1.453,3.33,0.642,0.209,139.71,48.0,1.3796424561655445
1122,Gillham,Arkansas,34.211828,-94.228715,775.0,139.0,52.0,1097.0,1983.0,,,,,,15.121,1.463,6.57,5.575,0.136,94.77,48.0,1.62411666264615
1123,Broken Bow Lake,Oklahoma,34.147952,-94.684146,1236.4,32.0,24.1,1880.0,1976.0,Hydroelectricity,Main,,,,,1.308,3.18,0.73,0.2,26.09,42.0,
1124,Dierks,Arkansas,34.145695,-94.09561,3500.0,47.0,84.6,33.0,1994.0,Hydroelectricity,Main,,,,4.943,1.519,7.14,2.196,0.141,107.44,27.0,10.0
1125,Narrows Dam,Arkansas,34.149561,-93.716351,690.0,54.0,31.9,2580.0,1962.0,Hydroelectricity,Main,,,Sec,27.562,1.453,3.33,0.642,0.209,139.71,48.0,0.7932944122951882
1127,Dequeen,Arkansas,34.099584,-94.381595,906.0,-99.0,49.8,1145.0,1985.0,,,,,,14.537,1.588,6.49,,0.156,121.92,48.0,1.9749196917871794
1128,Hugo Lake,Oklahoma,34.011291,-95.382598,1970.0,90.0,33.4,563.0,1984.0,Hydroelectricity,Main,Sec,,Sec,62.407,1.787,7.33,5.796,0.183,93.79,22.0,1.000296969789239
1134,Pat Mayse Lake,Texas,33.85427,-95.557174,250.5,43.0,20.4,193.0,1981.0,,,,,,4.668,1.89,31.84,1.051,0.189,11525000.0,37.0,1.700485432179574
1135,Denison Dam,Oklahoma,33.822946,-96.573487,258.0,57.0,21.8,291.0,1958.0,,,,,,,1.542,4.36,1.611,0.352,99.86,36.0,
1139,Lake Arrowhead Dam,Texas,33.762939,-98.360383,280.0,36.0,22.3,248.0,1899.0,,,,,,,5.536,20.16,1.563,0.318,1225200.0,54.0,
1140,Lake Kemp Dam,Texas,33.754876,-99.148818,1358.0,82.0,47.2,241.0,1942.0,,,,,,,2.158,10.04,1.84,0.477,814.08,62.0,
1144,Millwood Dam,Arkansas,33.694799,-93.965625,3493.0,38.0,64.9,68.0,1989.0,,,,,,166.789,1.329,6.56,6.474,0.149,98.04,27.0,0.6636318386368594
1145,Lake Kickapoo Dam,Texas,33.660121,-98.778238,1200.0,30.0,15.2,250.0,1974.0,Hydroelectricity,Main,,,,,6.008,7.97,1.757,0.3,1416000.0,65.0,
1151,Ray Roberts Dam,Texas,33.356409,-97.052189,170.0,12.0,10.6,4516.0,1960.0,,,,,,15.799,2.474,4.33,1.596,0.291,517.65,34.0,0.3409693606168062
1152,Jim Chapman Lake,Texas,33.327054,-95.627112,1640.0,58.0,22.0,228.0,1970.0,Irrigation,Sec,Main,,Sec,,2.756,39.15,1.621,0.128,1094.41,41.0,
1153,Wright Patman Dam and Lake,Texas,33.306363,-94.161536,110.0,12.0,3.8,4861.0,1996.0,Hydroelectricity,Main,Sec,,,,,,,,,,
1164,Lewisville Dam,Texas,33.069896,-96.969792,100.0,22.0,9.5,2699.0,1945.0,,,,,,,1.758,3.24,2.45,0.301,33.99,67.0,
1170,Lavon Dam,Texas,33.033002,-96.469792,1420.0,92.0,33.5,624.0,1969.0,Hydroelectricity,Main,,,,19.771,3.045,13.15,2.375,0.315,39077000.0,62.0,2.2759134437267265
1171,Grapevine Dam,Texas,32.972572,-97.057957,192.0,23.0,13.0,750.0,1959.0,,,,,,,2.062,4.41,2.92,0.368,67.65,58.0,
1176,Morris Sheppard,Texas,32.869311,-98.428696,985.0,32.0,10.8,402.0,1969.0,,,,,,,3.541,6.34,1.44,0.336,30.02,32.0,
1181,Iron Bridge Dam,Texas,32.814655,-95.91465,1052.0,26.0,50.9,422.0,1958.0,Hydroelectricity,Main,,Sec,,,2.451,25.62,1.275,0.151,1583.18,51.0,
1182,Lake Fork Dam,Texas,32.811369,-95.531853,149.0,25.0,7.6,364.0,1999.0,,,,,,,3.125,14.72,1.101,0.126,113.06,41.0,
1183,Rockwall Forney Dam,Texas,32.802749,-96.501952,215.0,29.0,9.5,350.0,1999.0,,,,,,,2.528,9.54,0.605,0.196,66.95,41.0,
1186,Ferrells Bridge Dam,Texas,32.752105,-94.506269,1396.0,77.0,46.6,621.0,1971.0,Water supply,,,Main,,,1.48,11.44,2.684,0.166,86.19,42.0,
1188,Mountain Creek Dam,Texas,32.730483,-96.94375,336.0,41.0,15.9,772.0,1970.0,,,,,,,4.333,5.75,0.639,0.18,980.82,60.0,
1192,Caddo Dam,Louisiana,32.707095,-93.916361,1229.0,25.0,12.4,751.0,1928.0,Water supply,Sec,,Main,,71.421,1.297,5.97,4.625,0.146,13.66,89.0,0.5452830389303086
1194,Benbrook Lake,Texas,32.651213,-97.455208,4290.0,41.0,409.5,185.0,1972.0,Hydroelectricity,Main,,,,,3.464,11.46,2.579,0.275,788.17,69.0,
1197,Joe Pool Lake,Texas,32.642259,-96.988542,1200.0,90.0,42.5,186.0,1991.0,Hydroelectricity,Main,,,,4.347,3.129,7.14,1.879,0.255,6088000.0,30.0,8.747574275784388
1202,Brantley,New Mexico,32.549683,-104.378655,335.0,47.0,19.4,59.0,2001.0,,,,,,7.603,1.768,2.83,3.757,0.265,22.14,29.0,1.3962264129553728
1207,Ross Barnett Reservoir,Mississippi,32.398735,-90.063542,307.0,63.0,14.2,765.0,1953.0,Irrigation,Sec,Main,Sec,,,,,,,,,
1216,Squaw Creek Dam,Texas,32.294346,-97.760779,1100.0,116.0,26.3,425.0,1985.0,Hydroelectricity,Main,,,,,4.621,4.71,0.119,0.27,16.06,27.0,
1218,Lake Pat Cleburne Dam,Texas,32.285598,-97.427188,300.0,37.0,8.3,313.0,1983.0,Hydroelectricity,Main,,,,,5.764,24.01,0.794,0.179,79.59,22.0,
1220,Bardwell Lake,Texas,32.252524,-96.647908,3215.0,130.0,60.1,695.0,1984.0,Hydroelectricity,Main,,,,,2.695,12.27,2.579,0.211,9146000.0,56.0,
1231,Blackburn Crossing Dam,Texas,32.058212,-95.432925,1260.0,30.0,15.3,427.0,1966.0,Hydroelectricity,Main,,,,,1.816,9.31,1.386,0.157,28.48,46.0,
1236,Proctor Lake,Texas,31.973949,-98.478125,98.0,-99.0,1.9,244.0,1976.0,Hydroelectricity,Main,,,,,3.823,11.07,7.484,0.498,481.36,43.0,
1237,Navarro Mills Dam,Texas,31.953148,-96.698596,42.0,-99.0,1.5,239.0,1973.0,Hydroelectricity,Main,,,,,,,,,,,
1242,Red Bluff Dam,Texas,31.906225,-103.911505,115.4,23.0,4.5,23.0,1957.0,Hydroelectricity,Main,,,,,4.152,6.6,4.951,0.4,94.39,84.0,
1243,Robert Lee Dam,Texas,31.90205,-100.519321,687.2,49.0,24.0,461.0,1967.0,Hydroelectricity,Main,,,,,6.126,11.01,3.212,0.481,340000.0,53.0,
1245,Aquilla Lake,Texas,31.899559,-97.207292,49.5,-99.0,4.4,15.0,1965.0,,,,,,,3.671,10.32,2.303,0.208,3794.0,33.0,
1247,Whitney Lake,Texas,31.869948,-97.370431,90.0,-99.0,7.2,383.0,1999.0,,,,,,,2.426,3.72,4.34,0.325,99.82,69.0,
1249,Hords Creek Dam,Texas,31.834514,-99.561775,80.0,24.0,5.7,6.0,1948.0,Hydroelectricity,Main,,,,0.136,10.533,13.92,2.612,0.236,28000.0,73.0,10.0
1254,Waco Lake,Texas,31.57696,-97.198025,575.0,22.0,8.2,392.0,1963.0,Hydroelectricity,Main,,,,13.038,3.081,26.11,3.44,0.19,27741800.0,19.0,1.3975034892672684
1257,Simon Freese Dam,Texas,31.502318,-99.669008,500.0,20.0,12.6,438.0,1951.0,Hydroelectricity,Main,,,,,6.398,7.53,1.712,0.357,45.31,41.0,
1258,O.C. Fisher Dam,Texas,31.485411,-100.482578,2100.0,198.0,35.1,480.0,2006.0,Hydroelectricity,Main,,,,0.389,12.18,9.26,22.438,0.289,453.0,39.0,10.0
1262,Nasworthy Dam,Texas,31.386193,-100.478543,337.0,-99.0,21.7,398.0,1969.0,Hydroelectricity,Main,,,,,1.839,4.41,11.393,0.386,7.7,11.0,
1263,Twin Buttes,Texas,31.367842,-100.523438,150.0,30.0,7.4,578.0,1984.0,Hydroelectricity,Main,,,,,,,,,,,
1266,Sterling C. Robertson Dam,Texas,31.327812,-96.330328,1400.0,33.0,17.7,519.0,1972.0,Hydroelectricity,Main,,,,,4.3,19.17,1.15,0.132,90.91,43.0,
1271,Brady Dam,Texas,31.138818,-99.387001,1815.0,-99.0,51.5,154.0,1956.0,Hydroelectricity,Main,,,,,,,,,,,
1273,Belton Dam,Texas,31.110239,-97.473818,125.0,-99.0,11.6,584.0,1975.0,Hydroelectricity,Main,,,,,2.09,3.84,2.812,0.312,423.79,67.0,
1275,Sam Rayburn Dam And Reservoir,Texas,31.064744,-94.106215,700.0,-99.0,16.1,473.0,1966.0,Hydroelectricity,Main,,,,,,,,,,,
1277,Stillhouse-Hollow Dam,Texas,31.023437,-97.532714,206.0,69.0,19.7,436.0,1969.0,Hydroelectricity,Main,,,,,,,,,,,
1279,Town Bluff Dam,Texas,30.799546,-94.17438,40.0,12.0,2.0,72.0,1974.0,Hydroelectricity,Main,,,Major,,1.165,3.68,84.399,0.208,23.81,61.0,
1280,Buchanan Dam,Texas,30.757588,-98.415803,400.0,55.0,17.6,470.0,1974.0,Hydroelectricity,Main,,,,,1.481,3.55,1.046,0.382,46383000.0,78.0,
1283,Roy Inks Dam,Texas,30.73233,-98.380208,42.0,13.0,3.7,33.0,1976.0,Flood control,,,,Main,,1.359,3.38,1.063,0.389,45817000.0,78.0,
1285,Granger Dam,Texas,30.690415,-97.337077,500.0,28.0,14.0,486.0,1962.0,Hydroelectricity,Main,,,,,2.117,4.38,4.506,0.258,371.77,41.0,
1286,North San Gabriel Dam,Texas,30.669258,-97.727235,600.0,40.0,16.4,790.0,1956.0,Hydroelectricity,Main,,,,,3.056,5.94,3.988,0.325,258.18,41.0,
1287,Livingston Dam,Texas,30.632678,-95.015625,237.0,44.0,3.7,334.0,1975.0,Hydroelectricity,Main,,,,,1.453,5.55,1.175,0.213,29.04,44.0,
1291,Alvin Wirtz Dam,Texas,30.56016,-98.340775,448.0,-99.0,22.9,1396.0,1979.0,,,,,,,3.101,2.84,1.002,0.31,67451000.0,70.0,
1292,Max Starcke Dam,Texas,30.557553,-98.257643,119.0,28.0,6.7,-9.0,1933.0,Hydroelectricity,Main,,,,,3.101,2.84,33.983,0.31,67451000.0,70.0,
1294,Mansfield Dam,Texas,30.393211,-97.905713,163.4,-99.0,10.5,333.0,1956.0,Hydroelectricity,Main,,,,,1.743,3.83,1.818,0.388,85687000.0,78.0,
1296,Somerville Dam,Texas,30.314583,-96.523958,300.0,20.0,15.3,705.0,1946.0,Hydroelectricity,Main,,,,,1.937,3.33,3.57,0.319,15291.0,39.0,
1297,Tom Miller Dam,Texas,30.295339,-97.786268,427.0,81.0,41.1,864.0,1979.0,Hydroelectricity,Main,,,,,0.922,3.25,0.96,0.384,75390900.0,78.0,
1302,Canyon Lake,Texas,29.871728,-98.19971,1064.0,-99.0,13.6,888.0,1908.0,,,,,,,2.173,2.34,2.194,0.34,13.84,59.0,
1315,Coleto Creek Dam,Texas,28.735417,-97.170278,150.0,-99.0,4.8,60.0,1908.0,,,,,,,7.887,4.0,0.689,0.246,12.6,41.0,
1316,Choke Canyon,Texas,28.484779,-98.245154,274.0,50.0,17.1,705.0,1968.0,Hydroelectricity,Main,,,,,2.471,2.61,2.158,0.312,5.15,30.0,
1317,Wesley E. Seale Dam,Texas,28.047561,-97.869086,170.0,-99.0,0.1,88.0,1921.0,Hydroelectricity,Main,,,,,4.327,5.52,1.642,0.324,14.44,73.0,
1585,Beltzville Dam,Pennsylvania,40.84943,-75.637744,1300.0,83.0,22.2,154.0,1977.0,Water supply,Sec,Sec,Main,Sec,5.102,1.13,2.66,35.805,0.187,9.69,28.0,8.074189368529524
1586,J. Edward Roush Lake Dam,Indiana,40.846824,-85.467105,595.0,73.0,42.4,156.0,1993.0,Water supply,Sec,Sec,Main,Sec,20.545,1.603,6.5,,0.208,47.6,39.0,0.9177129349889134
1587,Salamonie Lake Dam,Indiana,40.806373,-85.675829,1490.0,72.0,32.7,70.0,1981.0,,,,,,17.035,1.508,3.0,,0.215,70.56,39.0,2.77166133506916
1592,Mississinewa Lake Dam,Indiana,40.714103,-85.955208,200.0,18.0,8.9,894.0,1960.0,Water supply,,Sec,Main,Sec,24.557,1.369,4.07,,0.196,43.48,39.0,0.2580778418701711
1595,Lake Mohawk Dam,Ohio,40.672896,-81.193735,280.0,55.0,16.2,1619.0,1970.0,Hydroelectricity,Main,Sec,,,49.874,1.065,5.86,508.091,0.166,15.26,56.0,0.17790160380013845
1600,Pleasant Hill Dam,Ohio,40.624274,-82.324353,55.0,14.0,3.4,629.0,1934.0,Irrigation,,Main,,Sec,6.417,1.206,6.12,2.587,0.168,16.17,56.0,0.2715980722723379
1606,Atwood Dam,Ohio,40.523591,-81.277152,309.0,21.0,19.1,36.0,1970.0,Water supply,Sec,Sec,Main,Sec,3.497,1.339,2.2,1.283,0.204,31.57,56.0,2.800005471700013
1615,Blue Marsh Dam,Pennsylvania,40.382474,-76.034375,500.0,100.0,32.2,1036.0,1968.0,Hydroelectricity,Main,,,,8.226,1.138,2.64,2.013,0.183,7.56,28.0,1.9260933512052607
1617,Tappan Dam,Ohio,40.356622,-81.225946,390.0,74.0,32.6,707.0,1981.0,Irrigation,,Main,,,2.571,1.519,6.62,0.881,0.125,122.56,56.0,4.8068277897593505
1619,Clendening Dam,Ohio,40.270656,-81.279319,100.0,21.0,5.3,12.0,1958.0,Flood control,,,,Main,2.922,1.371,4.86,1.159,0.138,29.4,56.0,1.0844657020543789
1620,Piedmont Dam,Ohio,40.191827,-81.218352,1200.0,121.0,61.6,505.0,1992.0,,,,,,3.429,1.26,4.26,3.585,0.16,139.11,56.0,10.0
1631,Dillon Dam,Ohio,39.99397,-82.081891,1700.0,16.0,21.9,52.0,1958.0,Flood control,,,,Main,25.452,1.344,6.12,13.888,0.16,27.8,56.0,2.1165232313314952
1634,Clarence J. Brown Dam,Ohio,39.951705,-83.746098,93.1,19.0,5.0,243.0,1968.0,Irrigation,,Main,,,28.042,1.413,5.83,,0.141,51.4,39.0,0.10520508435511358
1636,Senecaville Dam,Ohio,39.924326,-81.433961,1200.0,107.0,94.5,239.0,1978.0,Hydroelectricity,Main,,,,4.425,1.536,6.28,1.679,0.124,160.22,56.0,8.593379746177343
1645,Cecil M. Harden Lake Dam,Indiana,39.720158,-87.067708,2700.0,98.0,63.2,1010.0,1952.0,Irrigation,,Main,,,6.983,1.379,5.38,,0.2,37.83,39.0,10.0
1650,Tom Jenkins Dam,Ohio,39.539648,-82.056248,400.0,26.0,9.4,72.0,1969.0,Irrigation,,Main,,,1.416,1.962,5.84,1.72,0.146,3800.0,56.0,8.9514372356014
1654,Cagles Mill Lake Dam,Indiana,39.486722,-86.914583,478.0,63.0,17.5,1087.0,1952.0,,,,,,11.253,1.302,4.37,,0.225,68.34,39.0,1.346032700178249
1655,Caesar Creek Lake Dam,Ohio,39.485819,-84.059259,2750.0,205.0,65.3,687.0,2004.0,Hydroelectricity,Main,,,,7.728,1.677,10.46,,0.136,48.24,39.0,10.0
1656,Brookville Lake Dam,Indiana,39.44049,-84.996875,916.0,39.0,48.0,97.0,1976.0,Flood control,,Sec,,Main,14.967,1.418,6.5,,0.159,30.82,39.0,1.9393524712801844
1659,Lake Shelbyville Dam,Illinois,39.410509,-88.777006,2300.0,88.0,92.2,107.0,1956.0,Flood control,,Sec,,Main,,1.121,5.93,2.566,0.222,95.32,50.0,
1683,William H. Harsha Lake Dam,Ohio,39.021119,-84.146664,100.0,30.0,8.3,374.0,1975.0,Irrigation,,Main,,,11.984,1.89,7.64,,0.119,45.0,39.0,0.2644199583947676
1684,Monroe Lake Dam,Indiana,39.007857,-86.50046,2641.0,76.0,45.9,106.0,1971.0,Flood control,,Sec,,Main,,,,,,,,
1691,Burnsville Lake Dam,West Virginia,38.840775,-80.617632,100.0,9.0,5.4,262.0,1964.0,,,,,,8.765,1.426,5.14,2.781,0.137,42.18,39.0,0.36152980962953735
1699,Sutton Dam,West Virginia,38.661883,-80.690625,874.0,48.0,19.4,11.0,1968.0,Irrigation,Sec,Main,,,35.182,1.173,5.14,2.238,0.134,23.79,57.0,0.7872033639207919
1703,Patoka Lake Dam,Indiana,38.433971,-86.706038,120.0,39.0,12.0,82.0,1973.0,,,,,,7.418,1.29,3.68,,0.138,30.11,39.0,0.5126139845893063
1706,Beech Fork Lake Dam,West Virginia,38.301903,-82.413806,94.3,23.0,6.5,258.0,1961.0,Irrigation,,Main,,,9.44,1.324,5.07,30.884,0.163,25.11,56.0,0.31654519924395447
1707,Grayson Dam,Kentucky,38.251318,-82.984298,400.0,86.0,33.1,508.0,1979.0,Hydroelectricity,Main,,,,7.753,1.716,8.78,2.623,0.105,30.71,50.0,1.634881352458607
1709,Summersville Dam,West Virginia,38.224185,-80.890208,612.0,39.0,39.5,85.0,1968.0,Irrigation,,Main,,,57.496,1.159,3.32,2.39,0.149,22.19,51.0,0.33729493777281405
1712,East Lynn Dam,West Virginia,38.142806,-82.386678,58.2,11.0,3.5,238.0,1975.0,Irrigation,,Main,,,,,,,,,,
1713,Yatesville Dam,Kentucky,38.125451,-82.696959,800.0,89.0,31.7,177.0,1995.0,Hydroelectricity,Main,,,,8.576,1.697,7.3,2.183,0.118,31.13,27.0,2.9559783408609093
1714,Cave Run Lake Dam,Kentucky,38.114969,-83.530932,209.0,17.0,9.3,209.0,1962.0,Irrigation,,Main,,,31.815,1.177,6.32,,0.136,50.05,39.0,0.20816628486978
1716,Rend Lake Dam,Illinois,38.037374,-88.968937,300.0,49.0,23.2,29.0,1989.0,Hydroelectricity,Main,Sec,,,14.659,1.507,10.27,1.974,0.218,30.98,41.0,0.6485044235083351
1718,Taylorsville Lake Dam,Kentucky,38.002023,-85.302083,1544.0,113.0,99.0,199.0,1979.0,Hydroelectricity,Main,,,,14.376,1.564,7.22,,0.139,65.08,38.0,3.4033394257693868
1723,Paintsville Dam,Kentucky,37.840562,-82.871875,1393.0,102.0,33.2,173.0,1989.0,,,,,,,,,,,,,
1726,Dewey Dam,Kentucky,37.734423,-82.725985,116.0,26.0,9.6,77.0,1960.0,Irrigation,Sec,Main,,,,,,,,,,
1732,Rough River Lake Dam,Kentucky,37.61843,-86.500231,300.0,48.0,22.8,158.0,1960.0,Irrigation,Sec,Main,,,,,,,,,,
1733,R.D. Bailey Dam,West Virginia,37.600451,-81.8213,344.0,60.0,21.6,88.0,1983.0,,,,,,23.582,1.307,7.51,3.847,0.139,22.8,38.0,0.46224672241650233
1735,Fishtrap Dam,Kentucky,37.42702,-82.405835,1020.0,166.0,48.8,949.0,1995.0,,,,,,15.023,1.428,4.57,3.017,0.137,14.69,49.0,2.151491018458998
1739,Buckhorn Lake Dam,Kentucky,37.338027,-83.469937,164.0,40.0,11.5,77.0,1990.0,Hydroelectricity,Main,,,,16.177,1.395,7.2,,0.11,44.37,39.0,0.3212490821228131
1740,Nolin Lake Dam,Kentucky,37.278458,-86.246529,300.0,20.0,13.7,63.0,1960.0,Hydroelectricity,Main,,,,28.042,1.413,5.83,,0.141,51.4,39.0,0.3390067165041254
1741,Green River Lake Dam,Kentucky,37.247917,-85.339277,641.0,71.0,59.7,361.0,1959.0,,,,,,32.683,1.336,9.38,,0.116,66.6,39.0,0.6214871428201988
1742,John W. Flannagan Dam,Virginia,37.231204,-82.347917,700.0,53.0,16.2,1232.0,1958.0,Hydroelectricity,Main,,,,8.381,1.525,4.93,1.373,0.129,13.24,53.0,2.646660478441745
1744,Carr Creek Lake Dam,Kentucky,37.22716,-83.031211,600.0,83.0,41.7,2209.0,1969.0,Hydroelectricity,Main,,,,2.114,1.556,5.5,,0.129,32.74,39.0,8.993780836526666
1752,Barkley Dam,Kentucky,37.018747,-88.218748,700.0,59.0,17.4,143.0,1962.0,Hydroelectricity,Main,,,,930.582,0.747,2.67,3.513,0.172,7.25,56.0,0.023836331961955275
1753,Kentucky,Kentucky,37.010296,-88.268652,1095.8,40.0,18.5,299.0,1993.0,,,,,,1574.392,0.889,3.21,2.582,0.156,6.22,77.0,0.022055375425315247
1754,Laurel Dam,Kentucky,36.959995,-84.267474,360.0,50.0,27.2,95.0,1970.0,Hydroelectricity,Main,Sec,Sec,Sec,11.834,1.682,3.72,1.123,0.157,29478000.0,46.0,0.9639776586995457
1755,Barren River Lake Dam,Kentucky,36.893486,-86.122475,822.2,68.0,42.4,195.0,1957.0,Hydroelectricity,Main,,,,41.795,0.949,6.01,2.809,0.152,66.95,39.0,0.6233747051248858
1756,Wolf Creek,Kentucky,36.867817,-85.14375,207.0,29.0,14.1,253.0,1935.0,Irrigation,,Main,,,261.099,0.852,3.15,2.244,0.197,12.74,70.0,0.02512240252740912
1758,Philpott Dam,Virginia,36.782001,-80.028689,200.0,38.0,19.8,46.0,1958.0,Hydroelectricity,Main,Sec,Sec,,,1.043,1.6,1.19,0.239,14.06,70.0,
1761,John H. Kerr Dam,Virginia,36.59626,-78.294784,78.5,-99.0,7.1,601.0,1982.0,Hydroelectricity,Main,,,,207.775,0.919,2.23,1.884,0.195,151.8,69.0,0.011972156868734317
1762,Dale Hollow Dam,Tennessee,36.538312,-85.450254,78.8,17.0,5.3,195.0,1886.0,Irrigation,,Main,,,41.946,1.005,2.37,0.658,0.243,213.78,74.0,0.059529426399310574
1763,South Holston,Tennessee,36.523027,-82.085291,440.0,59.0,35.1,72.0,1960.0,Irrigation,Sec,Main,,,,0.832,1.79,1.405,0.283,85.17,70.0,
1765,Boone,Tennessee,36.438918,-82.434375,230.0,92.0,21.7,344.0,1995.0,Irrigation,Sec,Main,,Sec,,0.7,1.25,1.233,0.247,6.65,68.0,
1767,Watauga,Tennessee,36.3216,-82.121993,1140.0,49.0,82.3,83.0,1979.0,Water supply,,Sec,Main,,,0.943,1.72,1.334,0.296,44825000.0,72.0,
1768,Old Hickory Dam,Tennessee,36.29189,-86.658869,57.8,19.0,3.9,269.0,1909.0,Irrigation,,Main,,,527.923,0.853,3.52,19.859,0.17,8.41,66.0,0.0034693913234522334
1770,Norris,Tennessee,36.227217,-84.09268,116.6,26.0,10.2,229.0,1994.0,Irrigation,,Main,,,,0.869,2.24,1.749,0.235,39.38,85.0,
1774,Cherokee Saddle Dam 1,Tennessee,36.164256,-83.497532,180.0,47.0,16.5,634.0,1969.0,,,,,,,0.845,2.76,1.904,0.273,157.98,79.0,
1775,J. Percy Priest Dam,Tennessee,36.155261,-86.617997,130.0,29.0,8.6,316.0,1992.0,Irrigation,,Main,,,41.052,1.464,10.34,2.605,0.079,130257000.0,53.0,0.10034715521347957
1776,W. Kerr Scott Dam,North Carolina,36.132374,-81.228204,10260.0,178.0,104.7,759.0,2000.0,Hydroelectricity,Main,,,,17.89,0.942,1.82,2.204,0.226,4.59,59.0,10.0
1777,Center Hill Dam,Tennessee,36.096527,-85.82558,178.4,19.0,9.5,264.0,1966.0,Irrigation,,Main,,,108.495,1.11,4.6,1.872,0.136,49.34,72.0,0.052105210986891234
1781,Douglas,Tennessee,35.96336,-83.534322,13.9,18.0,1.0,343.0,1975.0,,,,,,,0.705,1.81,2.493,0.241,9.75,75.0,
1782,Falls Lake Dam,North Carolina,35.945046,-78.582442,595.0,43.0,17.5,173.0,1966.0,Irrigation,Sec,Main,,,19.143,1.697,5.06,2.479,0.131,31.41,38.0,0.9849246329910266
1783,Melton Hill,Tennessee,35.882789,-84.296716,2210.0,111.0,23.9,93.0,2001.0,,,,,,,0.843,1.92,1.095,0.231,14.07,58.0,
1786,Oxford,North Carolina,35.821759,-81.194332,83.5,22.0,7.6,368.0,1990.0,Irrigation,,Main,,,,0.99,2.02,0.197,0.214,6.91,14.0,
1787,Great Falls,Tennessee,35.801042,-85.621457,2000.0,95.0,21.6,149.0,1975.0,,,,,,,1.911,9.85,1.555,0.085,172421000.0,80.0,
1788,Tellico,Tennessee,35.789583,-84.239583,556.3,45.0,18.6,366.0,1953.0,Irrigation,Sec,Main,,,,1.46,1.6,0.353,0.225,204654400.0,59.0,
1789,Rhodhiss,North Carolina,35.772803,-81.439986,566.0,41.0,33.1,282.0,1730.0,Irrigation,,Main,,,,0.938,1.81,0.994,0.216,6.39,14.0,
1790,Lookout Shoals,North Carolina,35.757868,-81.090611,617.0,47.0,9.7,121.0,1955.0,Irrigation,Sec,Main,,,,0.932,1.93,0.683,0.215,6.9,14.0,
1791,Catawba,North Carolina,35.744272,-81.840625,2610.0,110.0,30.7,212.0,1992.0,Hydroelectricity,Main,,,,,1.162,1.94,0.491,0.218,12.09,14.0,
1794,Beech River Dam,Tennessee,35.661986,-88.416975,350.3,58.0,19.7,421.0,1955.0,Irrigation,Sec,Main,,,,2.634,10.06,0.852,0.128,878000.0,19.0,
1796,B. Everett Jordan Dam,North Carolina,35.656806,-79.06867,1904.0,52.0,23.8,19.0,1999.0,,,,,,46.804,1.492,3.83,2.054,0.154,17.56,47.0,1.2890804033396956
1797,Watts Bar,Tennessee,35.623945,-84.780208,243.0,70.0,18.4,138.0,1992.0,Flood control,,,,Main,,0.665,1.92,1.256,0.211,4.69,78.0,
1800,Normandy,Tennessee,35.466245,-86.242708,1210.0,79.0,38.9,143.0,1964.0,,,,,,,1.587,3.48,208.045,0.143,15.02,44.0,
1801,Fontana,North Carolina,35.453399,-83.807292,1500.0,49.0,31.4,125.0,1959.0,Irrigation,Sec,Main,,,,0.577,2.01,1.499,0.246,6.22,74.0,
1804,Cowans Ford,North Carolina,35.435689,-80.952083,252.8,30.0,7.3,454.0,1976.0,Irrigation,,Main,,,,1.057,2.47,0.218,0.239,10.03,14.0,
1809,Mountain Island,North Carolina,35.339583,-80.985417,707.5,133.0,59.8,210.0,1973.0,,,,,,,1.049,2.59,0.71,0.235,9.81,14.0,
1812,Bear Creek,North Carolina,35.241953,-83.068498,1220.0,68.0,41.7,67.0,1987.0,,,,,,,1.409,2.67,0.898,0.205,51.67,9.0,
1814,Tillery,North Carolina,35.207212,-80.06875,1960.6,56.0,58.6,175.0,1993.0,,,,,,,1.602,2.5,0.431,0.208,87.5,21.0,
1815,Nantahala,North Carolina,35.197248,-83.653125,270.0,45.0,16.2,459.0,-99.0,Irrigation,,Main,,,,0.755,2.01,0.546,0.215,4.52,9.0,
1816,Thorpe,North Carolina,35.196105,-83.153466,1036.0,41.0,13.6,131.0,1965.0,Irrigation,,Main,,,,1.218,3.84,1.131,0.252,6541180.0,9.0,
1817,Apalachia,North Carolina,35.168026,-84.293303,3000.0,41.0,45.2,58.0,1964.0,Hydroelectricity,Main,Sec,,,,0.633,2.59,1.078,0.248,6.85,77.0,
1818,Hiwassee,North Carolina,35.152638,-84.176042,638.0,37.0,39.6,106.0,1960.0,Irrigation,Sec,Main,,,,0.655,2.72,1.581,0.25,9.49,80.0,
1822,Chickamauga,Tennessee,35.102025,-85.226742,507.0,43.0,14.1,514.0,-99.0,Irrigation,,Main,,,,0.66,1.93,1.669,0.209,4.33,80.0,
1823,Ocoee 1,Tennessee,35.094393,-84.646551,450.0,41.0,14.5,127.0,1989.0,Irrigation,Sec,Main,,,,0.711,1.57,0.535,0.217,5.58,81.0,
1824,Pickwick Landing,Tennessee,35.069376,-88.247429,615.9,54.0,51.9,169.0,1960.0,Irrigation,,Main,,,,0.868,2.72,1.485,0.168,6.22,83.0,
1827,Winthrop University Dam,South Carolina,35.022443,-81.010741,230.0,36.0,8.9,149.0,1960.0,Irrigation,,Main,,,,1.05,2.96,0.341,0.214,22.21,14.0,
1828,Chatuge,North Carolina,35.016806,-83.79203,480.0,63.0,20.1,57.0,1972.0,Hydroelectricity,Main,,,,,0.967,1.74,1.426,0.3,28090000.0,78.0,
1829,Nickajack,Tennessee,35.001899,-85.618247,1151.1,43.0,53.9,81.0,1959.0,Irrigation,Sec,Main,,,,0.687,1.93,1.363,0.203,4.41,83.0,
1831,Blewett Falls,North Carolina,34.983522,-79.879,265.3,37.0,18.9,16.0,1959.0,Flood control,Sec,Sec,,Main,,1.553,2.91,1.99,0.197,90.43,21.0,
1833,Nottely,Georgia,34.955905,-84.090625,1082.0,41.0,57.4,45.0,1960.0,,,,,,,1.05,2.01,1.798,0.297,26788000.0,78.0,
1834,Blue Ridge,Georgia,34.881121,-84.278125,238.0,29.0,10.4,98.0,1964.0,,,,,,,0.746,1.49,1.341,0.277,49.09,80.0,
1835,Wheeler,Alabama,34.806299,-87.380231,630.0,100.0,28.8,105.0,-99.0,Irrigation,,Main,,,,0.828,2.58,1.662,0.175,5.56,83.0,
1836,Keowee,South Carolina,34.799787,-82.889333,1000.0,34.0,39.9,28.0,1964.0,Irrigation,Sec,Main,,,,6.37,63096345.75,0.096,0.269,75.02,5.0,
1841,Carters Main Dam,Georgia,34.614583,-84.66861,790.0,52.0,12.8,335.0,1994.0,Irrigation,,Main,,,,0.839,3.04,0.457,0.196,6.7,46.0,
1842,Fishing Creek,South Carolina,34.60297,-80.890625,51.5,15.0,2.8,48.0,1954.0,Irrigation,,Main,,,,1.03,2.76,1.088,0.205,7.66,14.0,
1843,Cedar Creek,Alabama,34.54375,-87.972741,160.3,23.0,15.8,290.0,1981.0,Irrigation,,Main,,,,1.415,9.64,1.45,0.096,72.64,41.0,
1846,Little Bear Creek,Alabama,34.452307,-87.972917,388.0,26.0,33.1,211.0,1982.0,Irrigation,,Main,,,,1.552,11.73,1.055,0.084,54.47,44.0,
1847,Guntersville,Alabama,34.421538,-86.39202,150.0,14.0,5.5,252.0,1978.0,Irrigation,,Main,,,,0.753,2.19,1.547,0.186,5.43,82.0,
1848,Sardis Dam,Mississippi,34.407344,-89.792634,9450.0,128.0,104.1,117.0,1994.0,,,,,,73.942,0.766,1.97,3.497,0.235,47.99,60.0,4.049828647352974
1851,Hartwell Dam,Georgia,34.360491,-82.822993,312.3,25.0,13.9,330.0,1923.0,Irrigation,,Main,,,110.659,0.974,1.51,0.547,0.253,237309000.0,59.0,0.08942959745091895
1852,Wateree,South Carolina,34.336709,-80.702952,909.0,31.0,11.5,347.0,1979.0,Irrigation,,Main,,,,1.297,3.04,1.007,0.214,11.22,14.0,
1855,Upper Bear Creek,Alabama,34.27409,-87.692356,104.0,-99.0,7.8,302.0,2011.0,,,,,,,1.942,7.68,1.334,0.1,78.66,42.0,
1862,Allatoona Lake Dam and Powerhouse,Georgia,34.164969,-84.726313,215.8,37.0,13.9,607.0,1965.0,Irrigation,,Main,,,,0.97,1.97,1.776,0.195,15.03,69.0,
1863,Buford,Georgia,34.16084,-84.072357,353.8,38.0,12.0,599.0,1976.0,Irrigation,,Main,,,,0.828,1.48,0.758,0.251,7.36,62.0,
1864,Enid Dam,Mississippi,34.151653,-89.90447,219.8,28.0,11.9,567.0,1916.0,Irrigation,,Main,,,33.573,0.905,2.12,3.451,0.227,44.8,58.0,0.2074596164037638
1869,Grenada Dam,Mississippi,33.814591,-89.76874,3345.0,80.0,57.8,177.0,1970.0,,,,,,61.077,0.91,1.97,4.391,0.222,43.9,59.0,1.7354593994126568
1872,J. Strom Thurmond Dam,Georgia,33.662099,-82.196875,265.0,59.0,23.0,393.0,1985.0,,,,,,204.052,0.819,1.73,0.627,0.225,4.12,31.0,0.04115295743593629
1883,Wallace,Georgia,33.352754,-83.157149,522.8,51.0,17.2,599.0,1927.0,Hydroelectricity,Main,,,,22.142,0.752,2.05,13.659,0.202,3.35,75.0,0.7481949376377173
1890,Pinopolis West Dam,South Carolina,33.240867,-79.999023,382.3,50.0,22.0,737.0,1977.0,Irrigation,Sec,Main,,,253.772,3.147,6.05,,0.106,2.44,80.0,0.04773716553167122
1896,West Point,Georgia,32.924552,-85.192847,157.0,41.0,12.1,542.0,1920.0,Water supply,,,Main,,,0.91,2.12,0.821,0.204,11.66,46.0,
1910,Walter F. George Lock and Dam,Alabama,31.627517,-85.064945,236.8,43.0,23.1,584.0,1954.0,Irrigation,Sec,Main,,,258.165,1.065,3.18,0.549,0.177,18.11,53.0,0.029065671932144384
1916,Jim Woodruff Dam,Florida,30.708037,-84.866115,2996.0,107.0,79.3,202.0,1974.0,Hydroelectricity,Main,Major,Sec,Sec,1.14,0.898,3.23,0.437,0.186,6.74,39.0,10.0
1924,Golf Course,Florida,28.776316,-82.266049,1075.0,131.0,66.9,218.0,1968.0,Hydroelectricity,Main,Sec,Sec,Sec,,,,,,,,
1944,Structure 65,Florida,27.806733,-81.194247,445.0,42.0,16.8,51.0,1978.0,,,,,,,,,,,,,
1957,Structure 193,Florida,26.941122,-81.100806,300.0,-99.0,3.3,561.0,-99.0,,,,,,,,,,,,,
2149,Franklin Falls Dam,New Hampshire,43.453369,-71.654894,52.4,29.0,13.8,375.0,1957.0,Hydroelectricity,Main,,,,,0.883,4.71,25.862,0.173,8.51,20.0,
2158,Hopkinton Flood Control Dam,New Hampshire,43.188119,-71.747262,77.0,30.0,11.9,324.0,1958.0,Hydroelectricity,Main,,,,27.253,1.079,6.15,16.127,0.134,18.4,30.0,0.08953079520347225
2180,Wachusett Reservoir Dam,Massachusetts,42.402072,-71.689716,16.4,5.0,4.5,584.0,1953.0,Other,,,,,,1.309,6.71,0.24,0.119,41.61,15.0,
2186,Quabbin Winsor Dam,Massachusetts,42.286673,-72.340877,19.5,40.0,12.4,1047.0,1923.0,Irrigation,,Main,,,,0.762,2.18,0.651,0.336,12.59,40.0,
2188,Littleville Dam,Massachusetts,42.26612,-72.88235,31.9,3.0,4.3,405.0,1936.0,Flood control,,,,Main,3.33,1.304,6.27,1.232,0.142,29.92,19.0,0.30355855893919625
2193,Colebrook River Dam,Connecticut,41.99076,-73.019413,25.1,2.0,4.6,355.0,1942.0,Flood control,,,,Main,,0.757,2.02,1.958,0.27,4.15,41.0,
6864,Blandin Dam,Minnesota,47.231799,-93.534719,120.0,52.0,15.9,52.0,2001.0,Water supply,,,Main,,,0.4,3.46,,0.102,3.13,3.0,
6865,Winton Dam,Minnesota,47.932504,-91.763742,585.0,138.0,49.2,1005.0,2009.0,Water supply,Sec,Sec,Main,,,8.977,7.83,,0.259,18.45,18.0,
7214,Ridges Basin,Colorado,37.219426,-107.896538,499.0,133.0,69.8,313.0,2011.0,Hydroelectricity,Main,,,,0.79,21.359,102510.51,1.031,0.161,0.0,11.0,10.0
7306,Wilson,Alabama,34.79871,-87.623433,1.1,18.0,25.0,214.0,1962.0,Hydroelectricity,Main,,,,,0.866,2.71,0.838,0.17,6.02,83.0,
7308,Richard B. Russell Dam,Georgia,34.025484,-82.600552,0.1,26.0,2.6,185.0,1872.0,Water supply,,,Main,,150.217,0.863,1.26,0.291,0.261,320053000.0,37.0,2.109487462406315e-05
7311,Elk City Lake,Kansas,37.275927,-95.786274,,,,,,,,,,,14.544,2.224,6.24,8.913,0.321,329.15,37.0,
7313,Canyon Ferry Dam,Montana,46.648333,-111.727374,,,,,,,,,,,145.366,0.535,2.06,1.225,0.304,2.55,66.0,
7317,Tims Ford,Tennessee,35.197234,-86.276254,,,,,,,,,,,,1.36,4.63,1.265,0.13,41.36,51.0,
7318,Cordell Hull Dam,Tennessee,36.29222,-85.944131,,,,,,,,,,,371.553,0.784,2.94,1.341,0.198,7.98,52.0,
479,Utah Lake Outlet,Utah,40.358628,-111.892115,255.3,40.0,14.3,135.0,1953.0,Hydroelectricity,Main,,,,,,,,,,,
516,Homestake Dam,Colorado,39.367482,-106.46163,125.0,7.0,1.9,147.0,1930.0,Hydroelectricity,Main,,,,,,,,,,,
527,Weber Dam,Nevada,39.044175,-118.861185,192.4,18.0,9.7,383.0,1950.0,Flood control,,,Sec,Main,,1.639,1906.25,1.988,0.554,1104000.0,26.0,
596,Wishon Main,California,37.003905,-118.967372,84.2,18.0,7.3,35.0,1964.0,Hydroelectricity,Main,,,,,,,,,,,
599,Costilla Dam,New Mexico,36.877279,-105.278125,151.0,18.0,1.9,71.0,1931.0,Hydroelectricity,Main,,,,,1.071,2171.21,2.566,0.73,2464.0,41.0,
623,Blue Ridge,Arizona,34.552889,-111.186458,107.3,6.0,9.4,176.0,1910.0,Other,,,,,,,,,,,,
662,San Vicente,California,32.914817,-116.927083,44.9,5.0,1.8,468.0,1934.0,Recreation,,,,,,,,,,,,
665,El Capitan,California,32.884047,-116.80847,27.1,4.0,2.5,114.0,-99.0,Hydroelectricity,Main,,,,,,,,,,,
995,Lake Meredith,Colorado,38.161553,-103.734758,265.2,15.0,10.1,52.0,1925.0,Water supply,,,Main,,,,,,,,,
1002,Cucharas 5,Colorado,37.746554,-104.601635,391.6,25.0,33.2,129.0,1965.0,Water supply,,,Main,Sec,,,,,,,,
1025,Optima Lake,Oklahoma,36.672917,-101.136814,692.1,35.0,45.3,154.0,1979.0,Recreation,,,,,,,,,,,,
1029,Pensacola,Oklahoma,36.470297,-95.039609,3975.5,85.0,77.5,204.0,1942.0,Irrigation,Sec,Main,,,,,,,,,,
1037,Skiatook Lake,Oklahoma,36.350468,-96.090323,37.0,3.0,3.6,1.0,1972.0,Flood control,,,,Main,,5.059,195.74,1.525,0.311,89.05,2.0,
1061,Hefner,Oklahoma,35.579799,-97.608768,117.2,10.0,5.1,-1.0,1981.0,Other,,,,,,,,,,,,
1076,Stanley Draper,Oklahoma,35.328138,-97.354997,665.0,30.0,10.0,47.0,1978.0,Irrigation,,Main,,,,,,,,,,
1088,Greenbelt Dam,Texas,35.00625,-100.898875,600.0,104.0,42.9,430.0,1986.0,Irrigation,,Main,,Sec,,,,,,,,
1099,Ellsworth,Oklahoma,34.795341,-98.362126,1930.0,12.0,24.5,638.0,1964.0,Hydroelectricity,Main,,,,,,,,,,,
1104,Lawtonka Lake,Oklahoma,34.737284,-98.503305,250.9,-99.0,14.1,44.0,1978.0,,,,,,,,,,,,,
1110,Wildhorse Creek Site 39,Oklahoma,34.602083,-97.672917,170.0,-99.0,16.4,356.0,1974.0,,,,,,,,,,,,,
1111,Wildhorse Creek Site 22,Oklahoma,34.585895,-97.886156,1573.9,73.0,29.3,299.0,1968.0,Water supply,,Sec,Main,,,,,,,,,
1113,Mackenzie Dam,Texas,34.545392,-101.44059,882.1,39.0,15.0,182.0,1983.0,Irrigation,,Main,Sec,,,8.27,50.51,1.216,0.407,37000.0,7.0,
1114,Deep Red Run,Oklahoma,34.514873,-98.885497,110.5,20.0,7.0,102.0,1967.0,,,,,,,,,,,,,
1126,Pine Creek Lake,Oklahoma,34.116043,-95.082292,1400.0,90.0,41.5,360.0,1971.0,Hydroelectricity,Main,Sec,,,,,,,,,,
1129,North Fork Buffalo Creek Dam,Texas,33.987242,-98.758542,138.0,43.0,6.2,42.0,1975.0,Hydroelectricity,Main,,,,,,,,,,,
1133,Farmers Creek Dam,Texas,33.880186,-97.654885,1000.0,38.0,22.3,147.0,1958.0,Flood control,Sec,Sec,,Main,,,,,,,,
1138,Fish Creek Dam,Texas,33.772917,-97.216223,2100.0,54.0,34.4,193.0,1961.0,Flood control,,Sec,Sec,Main,,,,,,,,
1141,Lake Crook Dam,Texas,33.724654,-95.568554,640.0,35.0,27.3,242.0,1956.0,,,,,,,,,,,,,
1146,Lake Bonham Dam,Texas,33.652035,-96.136568,128.0,35.0,8.7,248.0,1979.0,,,,,,,,,,,,,
1148,White River Dam,Texas,33.459623,-101.086035,245.0,34.0,13.3,362.0,1967.0,,,,,,,,,,,,,
1149,Amon G Carter Dam,Texas,33.460267,-97.860649,146.8,28.0,13.1,327.0,1958.0,,,,,,,,,,,,,
1150,Millers Creek Dam,Texas,33.418405,-99.365658,224.0,41.0,10.0,377.0,-99.0,,,,,,,,,,,,,
1154,Lock and Dam 8,Arkansas,33.293786,-92.471875,2600.0,60.0,52.8,257.0,2005.0,Flood control,Sec,,,Main,,,,,,,,
1156,Lake Chicot Dam North,Arkansas,33.273254,-91.222841,202.0,34.0,12.6,687.0,1992.0,,,,,,,,,,,,,
1158,Lost Creek Dam,Texas,33.244067,-98.120395,120.0,-99.0,9.9,1029.0,1972.0,,,,,,,,,,,,,
1159,Bridgeport Dam,Texas,33.221504,-97.832817,600.0,50.0,16.9,999.0,1960.0,Hydroelectricity,Main,,,,,,,,,,,
1160,Lake Sulphur Springs Dam,Texas,33.176339,-95.615628,705.0,45.0,23.7,567.0,1977.0,,,,,,,,,,,,,
1161,Graham Dam,Texas,33.135439,-98.618771,2720.0,120.0,44.8,34.0,2003.0,,,,,,,,,,,,,
1163,Monticello Dam,Texas,33.072835,-95.003213,1011.0,10.0,21.9,4530.0,1989.0,Irrigation,,Main,,,,,,,,,,
1165,John T. Montford Dam,Texas,33.060408,-101.047925,1500.0,90.0,38.8,592.0,1997.0,,,,,,,,,,,,,
1166,Lake Stamford Dam,Texas,33.066436,-99.569999,519.0,26.0,9.2,434.0,1966.0,,,,,,,,,,,,,
1167,Franklin County Dam,Texas,33.056322,-95.14111,1120.0,79.0,25.8,698.0,1998.0,,,,,,,,,,,,,
1177,Eagle Mountain Dam,Texas,32.87062,-97.498242,960.0,33.0,21.8,426.0,1965.0,Hydroelectricity,Main,,,,,3.911,30.88,1.755,0.292,69.79,12.0,
1179,Hubbard Creek Dam,Texas,32.825436,-98.962026,672.0,58.0,8.1,284.0,1985.0,Hydroelectricity,Main,,,,,8.041,906.09,1.869,0.531,98.8,6.0,
1184,Lake Worth Dam,Texas,32.790449,-97.417708,1400.0,63.0,35.3,845.0,1981.0,Hydroelectricity,Main,,,,,3.911,30.88,1.134,0.292,69.79,12.0,
1185,Lake Weatherford Dam,Texas,32.773196,-97.677083,289.0,-99.0,18.0,792.0,1972.0,,,,,,,4.693,47.33,0.781,0.242,66.56,33.0,
1189,Cedar Creek,Texas,32.729052,-96.175476,355.5,38.0,16.2,842.0,1914.0,,,,,,,1.105,3.14,0.863,0.202,8.47,14.0,
1190,Lake Arlington Dam,Texas,32.717495,-97.194987,220.0,-99.0,19.8,755.0,2005.0,,,,,,,,,,,,,
1196,Lake Palo Pinto Dam,Texas,32.646742,-98.271875,3000.0,140.0,49.2,607.0,1992.0,Hydroelectricity,Main,,,,,,,,,,,
1198,Fort Phantom Hill Dam,Texas,32.613851,-99.673958,6100.0,160.0,79.0,719.0,1980.0,Hydroelectricity,Main,,,,,,,,,,,
1201,Lake J.B. Thomas Dam,Texas,32.585119,-101.137062,258.0,13.0,8.4,472.0,1954.0,,,,,,,9.095,28.3,4.399,0.421,88000.0,32.0,
1205,Williamson Dam,Texas,32.439868,-98.986281,201.0,51.0,13.0,641.0,1944.0,Water supply,Sec,Sec,Main,Sec,,,,,,,,
1208,De Cordova Bend Dam,Texas,32.375842,-97.690826,560.0,10.0,12.1,531.0,1936.0,Irrigation,Sec,Main,,Sec,,1.841,7.52,0.674,0.199,38.6,9.0,
1210,Lake Leon Dam,Texas,32.363548,-98.677903,81.0,27.0,6.4,839.0,1941.0,,,,,,,,,,,,,
1212,South Prong Dam,Texas,32.342123,-96.807717,420.0,116.0,29.5,1294.0,2003.0,,,,,,,,,,,,,
1214,Lake Colorado City Dam,Texas,32.320017,-100.919792,680.0,112.0,12.8,108.0,1968.0,Hydroelectricity,Main,,,,,,,,,,,
1217,Champion Creek Dam,Texas,32.286584,-100.854604,1420.0,40.0,30.2,2159.0,1957.0,Irrigation,Sec,Main,,,,,,,,,,
1219,Martin Lake Dam,Texas,32.26875,-94.54375,197.0,-99.0,11.7,477.0,2000.0,,,,,,,4.421,35.47,1.401,0.139,104.1,23.0,
1222,Lake Abilene Dam,Texas,32.235446,-99.890365,1860.0,113.0,60.9,127.0,1963.0,Irrigation,Sec,Main,,Sec,,,,,,,,
1226,Natural Dam,Texas,32.217975,-101.628084,140.0,27.0,11.7,748.0,1971.0,Hydroelectricity,Main,,,,,,,,,,,
1232,Oak Creek Dam,Texas,32.044849,-100.266146,561.0,15.0,43.9,645.0,1972.0,Hydroelectricity,Main,,,,,,,,,,,
1233,Murvaul Bayou Dam,Texas,32.038477,-94.424401,1675.0,106.0,18.1,452.0,1967.0,Hydroelectricity,Main,,,,,2.747,1121.44,0.705,0.083,6456000.0,4.0,
1234,Coleman Dam,Texas,32.032716,-99.465844,3500.0,125.0,75.1,545.0,1997.0,Hydroelectricity,Main,,,,,,,,,,,
1238,Richland Creek Dam,Texas,31.94808,-96.102607,68.0,85.0,4.3,194.0,1967.0,Hydroelectricity,Main,,,,,,,,,,,
1240,Lake Striker Dam,Texas,31.933031,-94.978709,100.1,21.0,8.1,39.0,1960.0,Hydroelectricity,Main,,,,,,,,,,,
1241,Buckner Dam,Texas,31.909552,-95.308862,605.0,31.0,9.5,496.0,1985.0,Hydroelectricity,Main,,,,,,,,,,,
1248,Lake Brownwood Dam,Texas,31.838857,-99.0039,50.0,25.0,2.7,5.0,1975.0,Hydroelectricity,Main,,,,,,,,,,,
1261,Houston County Lake Dam,Texas,31.410356,-95.601768,100.0,-99.0,2.5,422.0,1969.0,,,,,,,,,,,,,
1269,Toledo Bend,Louisiana,31.174682,-93.566547,116.0,22.0,6.5,277.0,1983.0,Hydroelectricity,Main,,,,,1.379,7.6,1.204,0.197,84.48,50.0,
1295,Conroe Dam,Texas,30.360417,-95.564583,619.8,40.0,26.1,924.0,1955.0,Hydroelectricity,Main,,,,,3.231,7.11,1.269,0.137,37095000.0,43.0,
1300,Lake Houston Dam,Texas,29.920584,-95.132778,321.0,-99.0,15.6,1034.0,1917.0,,,,,,,,,,,,,
1305,Medina Lake Dam,Texas,29.541074,-98.934221,182.0,-99.0,3.9,65.0,1907.0,Hydroelectricity,Main,,,,,1.404,1.97,1.637,0.224,9.0,11.0,
1312,Palmetto Bend Dam,Texas,28.890277,-96.572867,275.0,37.0,21.4,669.0,1964.0,Hydroelectricity,Main,,,,,,,,,,,
1720,Kaskaskia Lock and Dam,Illinois,37.986049,-89.947917,700.0,91.0,28.6,1986.0,2000.0,Irrigation,,Main,,,,,,,,,,
1845,Jamie L. Whitten Lock and Dam,Mississippi,34.524077,-88.321875,86.0,28.0,7.6,107.0,1983.0,Irrigation,,Main,,,,,,,,,,
1856,Fulton,Mississippi,34.260518,-88.426571,609.0,44.0,19.3,389.0,1969.0,,,,,,,,,,,,,
1865,Glover Wilkins,Mississippi,34.065793,-88.422511,1254.0,47.0,15.4,439.0,1982.0,Irrigation,,Main,,,,,,,,,,
1868,Aberdeen Dam,Mississippi,33.832243,-88.519826,736.3,47.0,19.8,547.0,1972.0,Irrigation,,Main,,,,,,,,,,
1876,John C. Stennis,Mississippi,33.519852,-88.488172,780.0,91.0,30.9,103.0,1979.0,Hydroelectricity,Main,,,Sec,,1.653,11.22,0.618,0.084,33.83,11.0,
1908,Okatibbee Dam,Mississippi,32.474874,-88.792326,59.1,25.0,4.1,386.0,1943.0,Irrigation,,Main,,,,1.364,9.29,0.853,0.084,54.34,8.0,
2183,Cambridge Reservoir Dam,Massachusetts,42.335453,-71.156404,18.8,2.0,5.4,406.0,1900.0,Other,,,,,,,,,,,,
1879,North Santee Dam,South Carolina,33.452083,-80.16573,156.1,46.0,20.2,100.0,1958.0,Irrigation,,Main,,,160.256,0.782,1.4,,0.236,3.65,44.0,0.030866304586224035
