site_no,lat,lon
01091000,43.01480519,-71.64146129
01095220,42.41080875,-71.7911516
01095375,42.37286967,-71.8281279
01095434,42.36453675,-71.775349
01104370,42.38555556,-71.2894444
01104415,42.43592855,-71.2600567
01104420,42.4198177,-71.2575565
01104430,42.3981512,-71.2733903
01104453,42.37138889,-71.27527778
01104455,42.37259606,-71.27033448
01104460,42.368985,-71.2706123
01104475,42.3545408,-71.2681121
01104480,42.3556519,-71.2650565
01173000,42.39120167,-72.0650774
01447720,41.08472426,-75.6054522
01447800,41.10472447,-75.73212288
01449360,40.8975919,-75.5024077
01449800,40.84564756,-75.6457437
01470779,40.4133443,-76.1715854
01470960,40.37056658,-76.025192
01471875,40.339538,-75.7421359
02072000,36.7806925,-80.0247647
02072500,36.77013709,-80.00087509
02079500,36.60319824,-78.2977743
02087182,35.9411111,-78.5833333
02111000,35.9908333,-81.5583333
0212378405,35.20066667,-80.0618056
0212880025,34.9834833,-79.8775806
02129375,34.8662583,-79.878925
02137727,35.6858333,-82.0602778
02138520,35.74125,-81.8352528
02141500,35.77262778,-81.4306556
0214196125,35.8218972,-81.1903833
0214244102,35.75719444,-81.08915
0214264790,35.4277333,-80.9573417
0214267602,35.33400556,-80.9864083
02145910,35.01641944,-81.00156389
02146409,35.2036111,-80.8369444
02147310,34.598056,-80.890556
021474095,34.55801667,-80.8935
02147505,34.541111,-80.875278
02171637,33.41822284,-79.9447993
02171639,33.42683379,-79.9303544
02171645,33.4275,-79.915
02172020,33.0935042,-79.9489708
02172040,33.0569722,-79.9584722
02172050,33.05766667,-79.9357778
021720508,33.01577778,-79.90675
02172053,32.9835058,-79.9228612
021720698,32.8590638,-79.8961963
02176930,34.97452778,-83.1161667
02188100,34.1011111,-82.6180556
02193900,33.84166667,-82.345
02205000,34.00194444,-84.005
02205522,33.92588889,-84.0378056
02205865,33.9411111,-84.1077778
02208130,33.9497222,-83.9483333
02217274,34.0822222,-83.8544444
02218565,34.01027778,-83.8941667
02334480,34.1325,-84.07
02334578,34.09638889,-84.0780556
02334652,34.0588333,-84.1106944
02334653,34.0567222,-84.1083333
02334654,34.05388889,-84.1052778
02334885,34.0325,-84.08888889
02335350,33.965,-84.2647222
02335400,33.97305556,-84.26888889
02335405,33.9733333,-84.27
02335450,33.98580556,-84.3156944
02335700,34.05055556,-84.2694444
023432415,31.62219444,-85.0591667
02357150,30.903,-84.7495
02358000,30.7010251,-84.8590871
02358795,30.79046943,-85.1407611
02385800,34.71675,-84.77025
02388975,34.4090833,-84.0198056
02388985,34.3986111,-84.0566667
02389150,34.3575833,-84.1135833
02392000,34.24019444,-84.4945278
02394000,34.1629722,-84.7410833
02394682,34.0789722,-84.8544444
02450250,34.28537757,-87.3989084
03057300,38.86870938,-80.4578658
03058000,39.00452778,-80.4733611
03119341,40.46166667,-81.1255556
03119971,40.5133333,-81.1127778
03119979,40.52888889,-81.1369444
03120820,40.5536111,-81.1847222
03120869,40.57805556,-81.1927778
03120961,40.56805556,-81.2572222
03125338,40.08416667,-81.1272222
03126395,40.24777778,-81.1483333
03127980,40.3386111,-81.11388889
03127986,40.31166667,-81.1152778
03127989,40.34694444,-81.1266667
03140853,39.86388889,-81.3208333
03140900,39.85277778,-81.3286111
03140950,39.90138889,-81.3194444
03158200,39.43534835,-82.1915365
03191982,38.2267611,-81.1531556
03193000,38.1381632,-81.2142745
03194700,38.59732627,-80.4903644
03238745,38.9514529,-84.3382712
03238772,38.98666667,-84.3652778
03250322,38.24730198,-83.5893567
03254520,38.9203417,-84.44799549
03254695,39.05242186,-84.48810859
03271510,39.63728058,-84.2924416
0329247350,38.32811025,-85.59383953
03297800,37.9911111,-85.6411111
03298000,38.18840166,-85.460235
03298150,38.16006729,-85.5421797
03298200,38.08534216,-85.5549556
03298250,38.0792321,-85.6160683
03306000,37.2403413,-85.3471848
03307000,37.12547797,-85.4040748
03311500,37.20699194,-86.2610868
03323500,40.85325,-85.4897778
03324500,40.8116902,-85.6838407
03327000,40.7233579,-85.9574609
03359000,39.487539,-86.9247153
03373980,38.5283854,-87.2538926
03374500,38.44199776,-86.7141531
03430200,36.18648009,-86.632762
03431083,36.16394545,-86.699164
03431091,36.1653343,-86.7213866
03431514,36.1889717,-86.8283959
0351706800,35.4383333,-83.91888889
03544970,34.8836111,-83.7223056
03597860,35.4829327,-86.462582
05058000,47.033889,-98.083333
05487520,41.48938889,-93.2782222
05488110,41.36416667,-92.9754722
06038500,44.86639167,-111.3387806
06038800,44.88865556,-111.580886
06043120,45.29727778,-111.2113917
06101630,48.26,-110.8916667
06178500,49.0,-105.409586
06227600,43.14277778,-108.7088889
06711565,39.66497989,-105.00418085
06714215,39.812222,-104.957778
06752260,40.588083,-105.069222
06767998,40.68250868,-99.5403836
06767999,40.68000868,-99.5401058
06768000,40.68257222,-99.54023611
06853500,39.9936611,-97.9318583
06861000,38.80778889,-100.0222667
06888990,39.07194435,-95.7163715
06889000,39.0666666,-95.6497028
06893060,39.15169444,-94.4940556
06893500,38.957,-94.5588889
06893562,39.03925,-94.5787222
06893620,39.111944,-94.472222
06893820,39.0173611,-94.3872778
06893830,39.03777778,-94.3633333
06893890,39.02556175,-94.3438385
06893970,39.08416667,-94.3372222
06894000,39.1005609,-94.3005038
07049050,36.26757447,-93.9432535
07053450,36.5950631,-93.3090721
07054527,36.3436111,-92.5741667
07060000,36.24923449,-92.2384887
07060500,36.11666667,-92.1430556
07076000,35.5172222,-91.9972222
07079300,39.2724892,-106.3064133
07081200,39.249,-106.3481111
07086000,39.04277116,-106.2658553
07097000,38.38833418,-105.0160961
07099400,38.2716694,-104.718033
07099969,38.25361396,-104.6060854
07099971,38.253275,-104.6028778
07106500,38.2877801,-104.6010849
07109500,38.248056,-104.398611
07119700,38.12583934,-103.9119006
07120480,38.19944444,-103.7105556
07120500,38.06528559,-103.6860593
07124000,38.080833,-103.219167
07128500,38.0342222,-103.2014167
07130500,38.066389,-102.931944
07164500,36.14064807,-96.0063866
07177500,36.27842534,-95.954162
07178000,36.24870534,-95.867213
07178200,36.2231514,-95.8194322
071912213,36.32256869,-94.6852334
07191222,36.35535924,-94.7763388
07280010,34.14463889,-90.2301111
07299890,34.93560669,-100.6965246
07308500,34.11009327,-98.5317234
07311900,33.70036966,-99.3886905
07312100,33.7600934,-99.1428495
07312130,33.86926267,-98.839231
07312200,33.90592785,-98.9050666
07312500,33.90955506,-98.53367399
07316000,33.7278833,-97.1600129
07331000,34.23342725,-96.9758447
07332620,33.6822222,-95.9844444
07332622,33.74416667,-95.9611111
07337000,33.55194444,-94.0411111
08022040,32.32853333,-94.3538278
08048000,32.76096337,-97.3325167
08049500,32.7625,-96.9944444
08052700,33.28344977,-96.8927805
08052745,33.219298,-96.8919565
08057000,32.7748517,-96.8219464
08057055,32.7521361,-96.7825528
08057410,32.70763139,-96.7358319
08062500,32.42652988,-96.4630415
08065350,31.33851319,-95.6563407
08067074,29.80674444,-95.0323972
08068000,30.24465738,-95.4571616
08068275,30.11993899,-95.6460559
08068400,30.192159,-95.4838288
08069500,30.02716385,-95.2579888
08070200,30.14523056,-95.1246139
08074598,29.76661676,-95.358549
08074710,29.74939477,-95.2910473
08086212,32.73289717,-99.1406299
08090800,32.61568907,-97.9258703
08123800,32.1992913,-101.0140029
08123850,32.05374399,-100.762052
08136500,31.5159908,-99.9195226
08155500,30.26354169,-97.7713947
08170990,30.03444444,-98.1261111
08211200,27.93779594,-97.7758308
08211503,27.8969652,-97.6255509
08405200,32.409275,-104.2149722
08407500,32.07519167,-104.0394361
08412500,31.87264499,-103.8315949
09014050,40.2461111,-105.8288333
09041400,40.108611,-106.413333
09071750,39.5588711,-107.2908874
09085150,39.561667,-107.406667
09136100,38.78516667,-107.8334167
09147500,38.33143056,-107.779225
09209400,42.19269994,-110.1632544
09211200,42.0209722,-110.0498056
09261000,40.40871944,-109.23523611
09352900,37.4775,-107.543056
09355500,36.80188889,-107.6986389
09361500,37.279167,-107.879722
09363500,37.03656944,-107.8753333
09371520,37.32666396,-108.70066068
09380000,36.86433333,-111.58787222
10129900,40.73522634,-111.4760313
10133650,40.7238375,-111.5196438
10133800,40.75966979,-111.5640912
10133980,40.8695861,-111.5866222
10141000,41.2782765,-112.0918866
10302002,38.94019785,-118.8037557
10317480,41.3297222,-115.5719444
10336580,38.79629598,-120.0190718
103366092,38.8485185,-120.0271275
10336700,39.2401855,-119.9449106
10336770,38.8632405,-119.9582367
10336775,38.90339444,-119.9688917
10336779,38.91212985,-119.969348
10339400,39.32879577,-120.1176964
10339419,39.36851817,-120.1149198
10345490,39.3726856,-120.0313073
10348000,39.53018865,-119.7954684
10351650,39.63213447,-119.2832254
11044000,33.4739175,-117.1422536
11125600,34.5822032,-119.9826082
11126000,34.58914745,-119.9887195
11128500,34.58497968,-120.1445568
11162690,37.80659538,-122.4577496
11172945,37.4974356,-121.7735644
11172955,37.4986111,-121.7794444
11173200,37.46160337,-121.769397
11173500,37.50194444,-121.8183333
11173510,37.5035472,-121.8246774
11173575,37.5404908,-121.856345
11174000,37.5773982,-121.8576936
11181360,37.9646458,-122.4294173
11203580,36.0482899,-118.6542574
11204100,36.02411648,-118.8134258
11206820,36.61166667,-118.7016667
11251000,36.98439397,-119.7243124
11274790,37.91657698,-119.6598627
11276500,37.93740877,-119.7982
11276600,37.87935307,-119.947092
11276900,37.88157506,-119.9701483
11277300,37.96768499,-119.91737025
11278000,37.96907415,-119.8820916
11278300,37.89435266,-119.9626483
11278400,37.890186,-119.9698706
11289650,37.66629746,-120.4421023
11294500,38.2438067,-120.2910282
11299997,37.87603788,-120.6052025
11302000,37.85159385,-120.6379816
11302500,37.77715006,-120.852988
11303000,37.72962389,-121.110454
11390000,39.72599524,-121.7088643
11433790,38.8829546,-121.0630007
11445500,38.81851188,-120.946885
11446030,38.76295708,-121.0082763
11446220,38.70452778,-121.164361
11446500,38.6354394,-121.227692
11446700,38.59129436,-121.3327288
11446980,38.5671281,-121.3882857
11463682,38.65820245,-122.8294009
11463980,38.63292489,-122.8555123
11464000,38.6132032,-122.8363448
11467000,38.50848204,-122.9277345
11509370,42.12788298,-121.9288769
11510700,42.0845877,-122.0733453
11525854,40.64527778,-122.9566667
11526400,40.76649958,-123.1144415
12056500,47.51425666,-123.3298868
12058800,47.3906475,-123.209602
12098700,47.169824,-122.0026114
12100490,47.27479497,-122.207876
12101100,47.2381564,-122.2281746
12101102,47.23555556,-122.236111
12114500,47.34202406,-121.5489688
12115000,47.3701073,-121.6251009
12115500,47.35063398,-121.6631392
12116100,47.4195473,-121.7664977
12116400,47.41871388,-121.781498
12116500,47.4170215,-121.7920335
12117000,47.38646539,-121.846201
12117500,47.39368648,-121.9545378
12117600,47.3795458,-121.983448
12147470,47.7197222,-121.7431972
12172000,48.7775862,-121.073432
12173500,48.7081426,-120.9773162
12178000,48.67179229,-121.2462348
12178100,48.66012536,-121.2476233
12179900,48.6045268,-121.3995491
12181000,48.5337306,-121.4298499
12355500,48.4957972,-114.1267639
12362500,48.35657778,-114.0378583
12363000,48.3618111,-114.18495
13012475,43.7634833,-110.3237861
13038500,43.73527778,-111.87805556
13150430,43.3233611,-114.10835
13168500,42.7711111,-115.7202778
13211205,43.67735278,-116.7011306
13211210,43.67776944,-116.7054944
13340000,46.4783333,-116.2575
13341000,46.5043462,-116.3204192
13341050,46.50027778,-116.3925
14019240,45.93345486,-119.3263758
14034470,45.34068289,-119.5158544
14070615,44.03711389,-121.6327694
14145500,43.72095655,-122.4378256
14147500,43.7567902,-122.5053292
14148000,43.80123517,-122.5608879
14150000,43.9456815,-122.8372967
14150290,43.9672222,-122.6297222
14151000,43.94429299,-122.774794
14152000,43.99818166,-122.9059126
14153500,43.72067785,-123.0497994
14154500,43.73527778,-122.8744444
14155500,43.7929012,-122.9914655
14158100,44.09166667,-123.116111
14158740,44.28638889,-122.0368056
14158790,44.3345666,-122.0470074
14158798,44.28988889,-122.0485833
14159200,44.047067,-122.2178245
14159500,44.13595817,-122.248391
14162050,44.1845,-122.3148056
14162200,44.16234819,-122.3331192
14162500,44.1248487,-122.47062
14164550,44.07066667,-122.8846667
14164700,44.059348,-122.9196644
14166000,44.27040126,-123.1737036
14169000,44.1226111,-123.3003056
14178000,44.7067885,-122.1011859
14179000,44.75262179,-122.1289648
14180300,44.65289999,-122.130908
14181500,44.75377778,-122.2974444
14185900,44.54012357,-122.4359155
14186200,44.44818005,-122.5503613
14187200,44.4123468,-122.6886956
14197900,45.2845625,-122.9614893
14202980,45.46927968,-123.200109
14205350,45.69385556,-123.0700194
14206241,45.50038889,-122.99094444
14316500,43.29595427,-122.5367127
14330000,42.72957187,-122.516147
14335072,42.6658333,-122.6863889
14335075,42.65957046,-122.6928179
14337600,42.6554035,-122.7150408
14337800,42.7734586,-122.6719864
14337830,42.73040316,-122.7114313
14337870,42.7109584,-122.7497655
14338000,42.6787364,-122.7419867
14338100,42.6473471,-122.8061552
14339000,42.5248471,-122.8428203
14362000,42.0637361,-123.1114358
14366000,42.2415113,-123.1400485
293252098380801,29.54777778,-98.6355556
294300098080001,29.71277778,-98.1375
294643095035200,29.7785861,-95.0644278
295524095072701,29.92369393,-95.1242915
295554095093401,29.93825,-95.1667778
295554095093402,29.93825,-95.1667778
295826095082200,29.97393333,-95.1393833
324122107120802,32.69014167,-107.2029389
325002107181201,32.834425,-107.3033333
340841090134701,34.1447222,-90.2296944
343048093031301,34.51342274,-93.0537906
343049093031301,34.5137005,-93.0537906
343052093031301,34.51453387,-93.0537906
343054093031201,34.5150894,-93.0535128
343057093031301,34.51594178,-93.0537904
381312104321001,38.2201111,-104.5359722
383930122494801,38.65835833,-122.82993056
393259107194801,39.54975,-107.3301
395339083130100,39.89416667,-83.2169444
404417108524900,40.73805556,-108.8802778
420448121503100,42.07988889,-121.8419444
420741121554001,42.12805556,-121.9277778
421134110094701,42.19275278,-110.1629944
422302071083801,42.38388889,-71.14388889
430834108423201,43.14277778,-108.7088889
452731123092100,45.4586111,-123.1559167
453004122510301,45.5009505,-122.852045
453030122560101,45.5081944,-122.9335
453040123065201,45.510878,-123.115666
453113123003501,45.52022699,-123.0110247
473423095053301,47.5729111,-95.092825
473425095052302,47.57373056,-95.0896778
473425095052602,47.57360278,-95.090875
473426095052305,47.5738361,-95.0899472
473426095052401,47.5737111,-95.0903917
474428091594601,47.7412611,-91.9961167
