site_no,lat,lon,span,count,min_dist_km,st
01464600,40.0820552,-74.8657206,25,6533,104.7,01
02266298,28.3486201,-81.5811849,19,5882,71.2,02
02266320,28.298622,-81.5775738,19,5687,66.4,02
02307479,28.1264034,-82.7367675,17,4829,85.7,02
022662947,28.3800078,-81.5828516,15,4317,74.3,02
03050400,38.91677326,-79.845068,37,12687,67.4,03
03182000,38.2112316,-80.0747867,32,10819,71.3,03
03180000,37.64539718,-80.8836976,28,8750,64.4,03
03193770,38.19954775,-81.47789389,22,5998,51.4,03
03200650,38.4748136,-81.8190201,17,4653,55.3,03
04208506,41.4881068,-81.6851303,21,7170,99.6,04
05406470,43.11916068,-89.6403997,18,5074,219.1,05
09408175,37.11498228,-113.440785,16,4045,168.0,09
12011500,46.5637139,-123.5651548,19,6672,91.5,12
13251300,45.02044088,-116.4359684,17,5877,63.0,13
13290200,44.97765627,-116.8579357,17,5867,65.0,13
14312260,43.22289327,-123.4145199,25,8102,61.8,14
14128910,45.6123396,-122.0275838,25,7820,55.2,14
14308600,42.9673409,-123.1675606,22,4181,52.0,14
15086600,56.1313112,-133.1506053,17,5068,1049.3,15
15083500,54.9463249,-132.1724762,17,4384,952.5,15
15106980,57.6779902,-135.2231705,20,3853,1229.2,15
