site_no,group,beta,beta_r2,beta_hw,n_years,w_med,d22
01022500,reference,-0.37099940547689153,0.01763208846977443,-0.07658145580589258,11,25.799999999999997,0.0
01073319,tailwater,0.5478781037222206,0.18200461792225608,0.35899980154792616,14,27.73,45.5
01091000,tailwater,0.9146090439925715,0.35709038855009567,0.3152636054421769,13,29.799999999999997,68.0
01095220,tailwater,0.5886665675963418,0.5535208080378584,0.46733190781658357,27,24.545,37.5
01095375,tailwater,1.180568480413811,0.8275304278180083,0.41018996392354995,28,26.27,51.0
01095434,tailwater,0.220538638000301,0.21376673572990756,0.05618161925601751,13,20.75,0.0
01104370,tailwater,0.07555744095179356,0.023713501674935515,0.27081427264409885,15,22.090000000000003,4.5
01104415,tailwater,0.3466761668700802,0.041143793411093636,0.15695711514977367,23,21.695,0.0
01104420,tailwater,0.18769219427460354,0.14596679913046115,0.48517940717628705,13,22.865000000000002,2.0
01104430,tailwater,0.5778272183757407,0.1649889403093769,0.2781214203894616,28,24.06,38.0
01104455,tailwater,0.24045948767968894,0.015687725700760824,0.47172919778578326,23,21.744999999999997,3.0
01104460,tailwater,0.7939027012306005,0.18637315415941627,0.6805626705857655,25,23.11,17.0
01104475,tailwater,0.4292826577510882,0.03614961292094603,0.2461966494997929,22,21.53,4.0
01104480,tailwater,-1.3023004241349518,0.19566688781884106,0.22848351244603657,11,27.3,20.0
01170100,reference,1.7430320833983612,0.25902045990087247,0.4895700297999148,10,24.93,7.0
01193500,reference,-1.2701736227483758,0.05720690190230756,0.23740685543964238,17,27.07,0.0
01435000,reference,0.608518878773678,0.038870145558380406,1.1859275410935926,13,19.425,0.0
01447720,tailwater,0.7624485270536816,0.43745266328591226,0.04977827557831218,27,24.765,1.0
01447800,tailwater,0.7359070288017632,0.4898159900033142,-0.04133957650692458,25,23.275,1.0
01449800,tailwater,0.3639111553066981,0.033059206963146334,2.611111111111111,8,18.14,0.0
01451800,reference,2.0926604221250575,0.2382123433395463,-0.05947616701647357,9,29.205,0.0
01466500,reference,0.12566769723904508,0.008339557189382635,0.055640056030828965,18,18.29,0.0
01470779,tailwater,1.8224800683279416,0.47841318783722786,0.4784882338958878,8,23.03,11.0
01470960,tailwater,2.2055610117387947,0.5655566219815628,1.6328502415458936,8,24.81,48.0
01544500,reference,0.17878937632098202,0.0029142802585855323,0.31883563767127526,15,25.685,31.5
01545600,reference,0.8921265159940883,0.598012924749027,0.2225298863122021,13,21.23,0.0
01571820,tailwater,0.7928973615938953,0.7356104209358449,0.12485391507596416,12,21.67,0.0
01596500,reference,-0.1924405137114877,0.006726419018365628,-0.22582828926409682,13,23.68,10.0
01611500,reference,0.49112044562467644,0.3918369360947722,0.5114541023558082,18,30.24,116.0
01632900,reference,0.6719497776822564,0.641239622854404,-0.058311245740249915,17,25.825,70.0
02011400,reference,1.07880974737746,0.1561001041288196,0.13372667428926663,34,25.064999999999998,57.5
02038850,reference,1.4417269889560642,0.32387250825137864,-0.4098101265822785,11,24.76,59.5
02077200,reference,0.10796203149629408,0.0045013979374944795,0.06116587109705949,36,27.34,90.0
02079500,tailwater,0.5985020067810937,0.07268222987994505,-0.1344310242105833,22,25.39,70.0
02087182,tailwater,0.30367455775388214,0.053654732284215585,0.5345196254331851,16,33.46,151.0
02110500,reference,1.0667864838984098,0.3655281043368357,0.14992921703147113,18,31.09,147.0
0212378405,tailwater,0.5863081254146881,0.4577962922790303,0.06877693228857269,14,31.74,0.0
0212880025,tailwater,0.3057303650667875,0.2616613148238223,0.24556456633769944,14,30.63,144.0
02129375,upstream,0.041337273687658466,0.009662974265195058,-0.04750127920859628,8,31.41,147.0
02137727,reference,1.4742318361114641,0.6918904736913628,0.3166033334587457,12,25.36,80.0
02138520,tailwater,-2.053941676112225,0.6096452953038005,-0.2936427850655904,10,21.39,0.0
0214244102,tailwater,0.6328142941344714,0.6801225270739772,-0.06291801696200787,9,28.16,62.5
0214264790,upstream,0.45683829452509217,0.6068854719569576,0.056438608615526395,9,30.645000000000003,64.5
0214267602,tailwater,0.4744014236511812,0.6384721552648612,-0.010267059308728082,10,31.0,146.0
02147310,tailwater,0.14036777224165825,0.04827186969437086,-0.04953694510136658,9,30.935,149.5
021474095,tailwater,0.06245548264785459,0.019338381195928865,-0.046052750347516824,9,31.064999999999998,146.5
02147505,tailwater,-0.5487004437199117,0.27053902686587794,-0.10925568212590037,9,31.58,73.5
02160991,tailwater,0.38895936426202066,0.35678840522938204,0.2245222131188656,37,30.79,154.5
02162035,tailwater,0.6163764022777972,0.667180089286527,0.10727066187134345,14,31.77,158.0
02171645,tailwater,-0.3663556484726715,0.01149259969999399,0.0887897249841699,19,32.245,175.0
02172020,tailwater,0.2508241945512018,0.37632185887106206,0.22244676477345554,39,30.365000000000002,163.0
02172040,tailwater,0.1800137611914345,0.11311454849685619,0.25244476492177564,38,30.64,155.0
02172050,tailwater,0.28801357170806097,0.39951093970003543,0.4243152938794106,39,30.86,167.0
021720508,tailwater,0.2913160489847079,0.504514709486957,-0.19407367859049646,9,31.155,176.0
02172053,tailwater,0.34847622554520646,0.4753989643656363,0.5735105203942839,39,31.09,168.5
021720677,tailwater,0.3467120163382827,0.1475821098452418,0.3389383056652238,28,30.81,168.0
021720698,upstream,0.2737207975252033,0.24152570588752945,0.34424553075446923,28,31.07,174.0
02188100,tailwater,-0.9860596589180749,0.06989253131887911,0.17377743854292785,15,33.05,175.5
02212600,reference,0.1870785628307472,0.008782122079508866,0.12110327169437136,10,27.52,119.5
02266200,reference,1.0058089669870587,0.3806319977629583,0.1504719485372698,16,29.06,222.0
02310678,tailwater,0.03373475888462013,0.006541155211703196,0.14297779065381727,21,23.71,136.0
02313700,reference,1.2646693623133294,0.35436734949569687,0.05689655172413795,14,30.93,0.0
02315550,reference,0.7279677039881767,0.7102231284869759,-0.27960526315789475,8,30.41,195.0
02322700,reference,0.0313338635823942,0.03608844286268505,-0.00501002004008016,8,24.33,0.0
02322800,reference,0.020734492553732702,0.0004969407335016873,0.2013301088270859,10,26.04,222.0
02334480,tailwater,0.41237963910009123,0.38454340047185137,0.08087822389795839,24,25.39,95.0
02334578,tailwater,0.45807965100964537,0.420871427450837,0.09411383655574278,24,24.81,88.0
02335450,upstream,0.02254200531919821,0.00029819585407444904,-0.026083580331083406,17,19.490000000000002,0.0
02335815,tailwater,0.2533559668821267,0.019948606274761384,-0.04531146698500813,13,22.27,0.0
02338523,reference,1.6583734200671394,0.5956539911648004,0.04371221281741233,11,25.134999999999998,84.0
023432415,tailwater,0.3510246162660903,0.3873205108615084,-0.009883655969142787,15,30.445,172.0
02343805,tailwater,0.22780221355443744,0.25032317473065013,-0.09926971050029486,8,30.51,169.0
02356000,tailwater,0.121860656850375,0.1430772645726862,-0.053464999415683064,8,29.5,172.0
02357150,tailwater,0.18046220674503255,0.020973644760926766,-0.1636083664827409,8,27.36,170.0
02358000,tailwater,-0.19276234558813662,0.03233696492012035,-0.1424915824915825,8,31.17,183.0
02358795,tailwater,0.06399990375772546,0.13711847947942019,-0.7477552966823353,8,21.09,0.0
02394000,tailwater,-0.2818725741436682,0.08518024082156633,0.04554842745965825,14,26.51,54.0
02397000,tailwater,0.5206790930940114,0.5074215633408562,0.24941152926615784,37,27.915,122.5
02450250,reference,0.5943909455447647,0.642799197864946,0.10466680919025642,13,29.035,115.0
02479155,reference,-0.5038226557609681,0.019651346739264733,0.06125064741786808,15,29.085,0.0
03017500,reference,2.1473482005581586,0.251005701242656,0.057147558066196806,13,27.845,58.0
03022540,reference,0.36634940554794015,0.023995790588301622,0.28290834658014496,12,24.39,39.0
03028000,reference,-0.8003155693535643,0.1078702320890082,0.2805861248841053,14,23.99,22.0
03058000,tailwater,0.325736948811424,0.10710629415313164,0.6756753433584576,21,23.875,32.0
03066000,reference,0.6363730871944505,0.36202459604061793,0.44649552927603114,12,25.96,69.0
03069500,reference,0.6516359318748355,0.008028000333039288,0.2533669922417098,11,28.259999999999998,0.0
03086500,tailwater,0.6976807801065807,0.027334606968823994,0.18180347101419966,15,25.48,67.0
03092090,reference,-0.3884370323004486,0.02440093981160184,0.20708465761340653,14,25.06,65.0
03102950,reference,-0.011904574106931862,6.700502965812564e-06,0.19772853570436238,15,25.77,63.5
03119341,tailwater,0.4866470198327283,0.3905200104595843,0.1077534021017967,10,28.86,65.0
03119971,tailwater,1.0116388468794375,0.6712476208414604,0.04665858725761772,10,25.83,14.0
03119979,tailwater,0.27482388761305876,0.15216358483758297,0.04989702302939524,10,22.44,5.0
03120820,tailwater,0.900269856050248,0.5052234589612207,0.1849095551089141,10,28.26,82.0
03120869,tailwater,0.7325576845368196,0.7216610684222929,0.2448267564966314,10,24.49,23.0
03120961,tailwater,0.5450110055680301,0.6377221264420763,0.04307025986525504,10,25.44,0.0
03125338,upstream,0.5797923852857594,0.5400482268810796,0.4447090847226948,10,25.7,67.0
03126395,upstream,0.5925141730164327,0.6847251282953194,0.30413179916317995,10,26.11,58.0
03127980,upstream,0.5717337163284268,0.571483451528479,0.21560879229439364,10,26.86,55.0
03127986,upstream,0.5458889576089018,0.4890777032680794,0.294895035378048,10,25.56,0.0
03127989,upstream,0.5042638513250934,0.5351130751409647,0.1527537663620647,10,26.3,0.0
03140853,upstream,0.749814931118593,0.5051554303115449,0.5314520870076426,10,26.93,0.0
03140900,upstream,0.5059647003142218,0.09448913924682542,0.5314520870076426,10,30.86,87.0
03140950,upstream,0.3948607896350945,0.13375678427240095,-0.052662547808178875,10,26.89,78.0
03158200,reference,-0.5520238510361996,0.06762953733658075,0.0907928388746803,8,24.145,34.5
03302050,reference,1.620720491246964,0.21643878033051064,-0.18369696073668865,14,25.6,69.0
03324500,tailwater,0.05917830037792284,0.002751376609811969,0.6316845378827269,23,24.64,50.0
03327000,tailwater,0.41321818909679164,0.011705113383785696,0.7854844860800099,18,26.36,36.0
03354000,tailwater,0.8504382240739823,0.4428570273852629,0.18223175622601037,34,29.27,111.5
03359000,tailwater,0.7318197145165815,0.03734242488151982,0.14992147494104227,26,26.63,9.0
03373980,upstream,0.9261148595139755,0.6311396015217126,0.4613627879400074,24,29.8,122.0
03460000,reference,0.6519943292259769,0.3325865265267652,0.0711374137039085,15,19.645,0.0
03490000,reference,0.3336016075080056,0.04583160002483453,0.07724963120799869,13,29.02,127.0
03497300,reference,0.7646536857372652,0.489426583263901,0.005659036951730199,14,22.79,0.0
03544970,reference,0.12657610572940933,0.007500733114834152,0.08993576017130622,10,22.535,14.5
03604000,reference,1.0459260464273894,0.3986610783020566,0.1283085748933094,12,29.46,138.0
04024000,tailwater,0.5973465226293757,0.5514061381442485,0.6584239448146849,14,26.04,59.0
04027000,reference,0.6997746557316145,0.4487003088241033,0.569121203054723,14,26.61,51.0
04043150,reference,0.9753315102765061,0.8157591964589219,0.21912812862589093,12,25.21,11.5
04043238,reference,1.4705014611039324,0.4248316844142485,0.3716257503324826,21,17.46,0.0
04043244,reference,-0.0042959419922118346,2.658468650266777e-06,0.2874808401342227,20,17.41,0.0
04043275,reference,2.9345277380473833,0.41298215264421057,0.274677636043822,14,23.18,11.5
04059500,reference,0.9163403344075212,0.6621557046817763,0.05959515471303929,14,27.58,63.5
04063700,reference,0.2213938829840253,0.016211328365256607,0.44364104476714117,17,25.525,6.0
04085119,reference,-0.25812588393938174,0.005756042739434278,-0.03109672273043565,11,25.29,0.0
04124000,reference,0.7938776095471204,0.2562901192892929,0.39946921508727035,29,21.990000000000002,3.0
04125460,reference,0.5805563137523633,0.11044024664216265,0.23789980401268862,29,18.105,0.0
04136000,reference,0.46839960052464974,0.6504167277217967,0.41439901933724094,29,21.535,1.5
05014300,reference,0.4282180003408904,0.4850576230893853,0.3614615050021748,10,16.630000000000003,0.0
05057000,reference,0.4557393183782776,0.08046534447807743,0.11604659303619827,28,26.86,61.0
05057200,reference,0.7348849060906221,0.4716287620148625,0.027322915390221397,12,27.9,0.0
05058000,tailwater,0.4742521059146295,0.35937790972173933,0.3318463158929262,28,25.91,51.0
05412500,reference,0.7396608259443123,0.6430265836743705,0.06866637259226585,11,25.72,39.5
06036805,reference,0.30631467609016355,0.016981981457362974,0.05372609673790774,19,19.305,0.0
06036905,reference,-0.36040890548682397,0.03881647825063721,0.2793347705574376,23,27.365000000000002,0.0
06037100,reference,-0.37850290257278535,0.03475102271041905,0.14763327584502317,14,23.7,0.0
06037500,reference,0.5488121679791705,0.5523465493199066,0.17456905559436595,12,25.06,0.0
06038500,tailwater,-0.053751675228509196,0.0014973199493773142,0.4547181306669534,16,18.71,0.0
06073500,reference,1.4356611461614002,0.5030351314005171,0.1169611621610849,32,24.5,0.0
06187915,reference,0.35371143650164144,0.5083899203221307,-0.0025621316935690495,8,15.285,0.0
06188000,reference,0.24986681563797342,0.17228945466471873,-0.006023283279905519,11,19.61,0.0
06190540,reference,0.023898190073882417,0.0102620997431178,0.005405361402137719,15,44.87,0.0
06191500,reference,0.11681859291106979,0.04426079049437782,0.06028234128622142,11,20.51,0.0
06329597,reference,1.4118979772768045,0.6790356033305046,0.023316062176165806,9,29.24,0.0
06623800,reference,0.7596243801489385,0.6906193497919344,-0.05664291701592623,13,19.549999999999997,0.0
06879650,reference,-0.07286665197079677,0.002186551092017893,0.13975469349652525,12,22.86,0.0
06893820,tailwater,1.2205956251448327,0.1585219261702844,0.3110894999722752,16,30.04,107.0
06893890,tailwater,1.0427717213532723,0.053949314833921236,0.15561471879724612,12,31.174999999999997,113.0
06894000,tailwater,0.48651502738412084,0.5225665894841576,0.32460585585585583,20,30.54,123.0
06914990,reference,-0.19103535526926918,0.022235565909749615,0.13724143463046334,9,27.46,0.0
07014000,reference,0.019111450706234497,8.089002293177611e-05,0.18888898599106857,15,26.740000000000002,92.5
07053450,tailwater,-0.3423257265536863,0.11465317661698257,-0.04173023257825498,25,13.09,0.0
07054527,tailwater,0.16574745556449227,0.03738570053093202,-0.013868943007783078,33,18.5,0.0
07056515,reference,0.00472557782191498,1.1782494945343751e-05,0.0723494706983273,17,23.76,1.0
07060000,tailwater,-0.40476182705290165,0.2769009314319512,-0.11263989591491297,13,17.455,0.0
07061270,reference,0.6595078253858232,0.48206103227801517,0.14284816177604437,19,31.47,108.0
07099400,upstream,-0.5477431434886924,0.21016251667649985,-0.6109222926000308,17,20.67,0.0
07120480,tailwater,-3.586669628414145,0.3110891373449806,0.20214885719867157,12,27.975,0.0
07130500,tailwater,0.3810058872645648,0.18612083225298506,0.6226144631525117,36,25.44,73.0
07144780,reference,0.19312063840651444,0.005452809805229423,0.07995089580704055,26,36.03,0.0
07191222,reference,0.2911648417260331,0.5245277107856805,0.17086500670543736,19,26.61,83.0
07263296,tailwater,0.16758247406903218,0.024267053655846128,0.21355383127379518,18,30.34,132.0
07280010,tailwater,-0.28185432754351025,0.011607458461157133,-0.330630943808507,9,29.9,121.0
0728875070,tailwater,0.9952349238103774,0.05385581617666003,0.26233441639590105,19,32.91,161.0
07299890,tailwater,0.2762082821649234,0.08969513467858543,0.9130211013896037,8,31.73,0.0
07311900,reference,-0.8727432626045819,0.15769082330889606,0.009444258539473348,19,36.21,0.0
07337000,tailwater,-0.03501597907930128,0.0013045875427627554,-0.010015194652402129,28,33.53,116.0
08048000,tailwater,0.10449187671420165,0.01567605176735273,0.1247766962657249,15,31.384999999999998,156.5
08049500,tailwater,0.3852555767702992,0.20190437879381454,0.10018018777804626,38,32.84,169.0
08052700,tailwater,0.13214146275375097,0.06447236337836977,0.0019327023142871331,15,31.48,61.0
08052745,tailwater,0.18793528537704582,0.20044682737716626,-0.017362074020077806,15,30.200000000000003,157.5
08057000,tailwater,1.5900481875038983,0.2715595014798008,0.2613393385196306,11,31.634999999999998,1.0
08057055,tailwater,-0.2537959675748264,0.011198655077500288,0.08995314186536897,16,31.865000000000002,178.5
08057410,tailwater,1.093434010406495,0.10924200479124563,0.17231390661334575,10,32.07,147.0
08062500,tailwater,0.4893629445649642,0.2631778805742047,0.09664923002384217,38,32.19,168.0
08065350,tailwater,0.26212610971618044,0.17748069057956142,0.08224670727726789,40,33.31,154.5
08067074,tailwater,0.01115491303120539,0.00029872799016537335,0.24272173324306023,10,33.655,189.0
08068000,tailwater,0.39518626054915423,0.4444420986864442,0.14897243497887183,11,33.71,215.0
08068275,tailwater,-0.3083247326740384,0.07500789187117372,-0.002361013706762505,17,29.73,13.0
08068400,tailwater,0.0790461241520174,0.10232895769799916,0.053248301073790125,17,31.59,226.0
08068500,tailwater,0.31757617563309143,0.01470706604820801,0.09694397117262868,26,34.7,207.0
08069500,tailwater,0.2836301495428415,0.273445144367264,0.06071681584764997,15,34.51,209.0
08070200,tailwater,0.57715636006048,0.04817590671311348,0.1453425015859905,26,31.44,177.0
08074000,tailwater,0.4431608098301085,0.08535420108206784,-0.02265047646830027,13,31.41,179.0
08074710,tailwater,0.23402657014890302,0.2778560583696311,0.1533148007749979,17,32.77,218.0
08086212,tailwater,-0.10989862488281964,0.017378129751368626,-0.010788245784846776,37,33.29,0.0
08086290,reference,-0.49407092885294884,0.07992743663651983,-0.012513250237892603,38,32.91,0.0
08123800,tailwater,0.0021151600703622642,7.17416834164044e-06,0.023130502851888012,24,32.89,0.0
08123850,tailwater,-0.5196412205108324,0.2021099976457697,-0.0643427337125684,39,32.06,88.0
08155500,tailwater,-0.0642531122938836,0.05533979594339641,0.18513685250345435,22,21.99,0.0
08211200,tailwater,1.338331477429551,0.1722685368871888,0.11436005715870072,17,32.115,231.0
08211503,tailwater,0.13443933313965123,0.010407437849558575,0.030384409504540875,16,35.58,81.0
08377900,reference,-0.16210116360886348,0.0016101989474329077,-0.041258422705956393,12,15.41,0.0
08405200,tailwater,-0.01205965910899106,2.816468965593706e-05,-0.008367682985890627,11,29.21,105.5
08407500,tailwater,0.12419474327255105,0.10725107048093094,0.0028409992699108015,14,29.37,141.0
09014050,tailwater,-0.07684638320113804,0.007571612700477876,0.0709872729519338,15,20.14,0.0
09041400,tailwater,-0.929147339194504,0.15424968753410837,0.23473730642219334,30,15.53,0.0
09071750,upstream,1.1985567950222644,0.33226645761946205,0.19689269659021197,30,20.7,0.0
09085150,upstream,1.392813974312194,0.5355765668928355,0.2647790289125005,19,20.695,0.0
09136100,upstream,0.8896979036270707,0.5823584267225485,0.07938253811727225,16,26.49,59.0
09196500,reference,0.5963475522393653,0.1819333182148072,0.21050764439203293,21,18.045,0.0
09352900,reference,0.08095234168066599,0.00571373376351755,-0.013071750652638239,13,15.15,0.0
09371520,upstream,1.0965711918778562,0.19956328952924804,0.028101384230042978,32,25.5,58.0
09505800,reference,0.5517882116415936,0.11318467285037881,0.1374355158631474,13,24.259999999999998,68.0
10133650,tailwater,1.7760394616485393,0.4104893088799455,0.28000171806545837,15,23.43,22.5
10133980,upstream,0.7837790362658681,0.2535285013157088,0.43123521921047847,18,25.03,47.0
10172200,reference,0.4314589991642715,0.03936804207864186,-0.02286969732136263,18,16.74,0.0
10249300,reference,-0.015691791300725202,0.00011766363380216926,-0.005652778345667904,13,16.9,0.0
10313400,reference,0.9396226299590558,0.09893566490753264,0.4339992899968443,21,24.71,0.0
10336645,reference,0.6951784985792896,0.38093430305185993,0.3583432126226764,10,20.16,0.0
10336660,reference,0.742363070252541,0.26434160727858735,0.12465501379944804,10,22.44,0.0
10336676,reference,0.9995444854766772,0.32688370947256035,0.0059854874949353595,10,21.71,3.0
10343500,reference,0.6395223599469136,0.06190338321345577,0.285048925887154,25,17.81,0.0
10396000,reference,2.5799036727780607,0.46175125067356876,0.19125727279348098,15,25.09,4.0
11046050,tailwater,0.39673338486630555,0.07448379804525065,0.48495375396239526,18,29.0,0.0
11046372,tailwater,-0.8271341253205793,0.5207434829521052,0.08036615251549661,8,26.369999999999997,59.0
11172945,tailwater,0.1843690549050208,0.034063460071894036,0.06500484498608028,16,22.009999999999998,2.0
11172955,tailwater,0.30123009785023497,0.02447353119134781,0.109875203472599,9,23.07,0.0
11173200,reference,0.0174747434355917,0.0009343037356963601,0.15289126335637965,16,22.15,7.0
11173510,tailwater,-0.875742631772862,0.15113103669504752,0.1092650706078858,17,23.0,0.0
11173575,tailwater,0.16196287884182972,0.021784293957640543,0.259765239692247,17,22.56,11.0
11174000,tailwater,-0.5624307255334399,0.14141582979753872,-0.0664031003719406,16,18.225,0.0
11203580,reference,0.6695084589819487,0.5080731303379151,0.5462275440468294,19,20.53,0.0
11204100,reference,0.7794234781189835,0.3571393386699628,0.17999692968989867,19,28.295,42.5
11206820,upstream,0.3932628048063438,0.04973050149116398,0.261009105836692,12,15.47,0.0
11251000,tailwater,-0.274683031062795,0.03543126418955127,0.5669101790401044,21,16.04,0.0
11254000,tailwater,0.11051727576433139,0.035818101652759636,0.18223729900101499,9,27.41,138.0
11264500,reference,0.1887956807005866,0.14621674241015356,0.08651881212551185,17,18.29,0.0
11273400,tailwater,0.3022693367172697,0.07636353899121928,0.2834259872604344,15,31.299999999999997,155.0
11274790,upstream,0.32786351424133675,0.019635056423372817,0.3960786879525428,17,21.86,0.0
11276600,upstream,0.6004384071176622,0.15467605455381117,0.49441051793120494,35,22.06,0.0
11276900,tailwater,0.413521144085431,0.08396463369075688,0.5457510547027333,17,21.83,0.0
11277300,tailwater,0.40994040941812454,0.08763155082545715,0.5410029723344257,17,15.59,0.0
11278400,tailwater,0.34219824241533964,0.036408698705751676,0.46032020870127327,17,20.2,0.0
11289650,tailwater,-0.3389168947670426,0.0179628011125549,0.04104004527738587,39,14.06,0.0
11290000,tailwater,0.16816343647757387,0.0014669119049627566,0.1490447358849832,31,30.47,10.5
11299997,tailwater,-0.06105689164038958,0.0009429210017432353,0.5935087467414862,36,12.82,0.0
11302000,tailwater,-0.01951153051471896,0.00011286628342716103,0.4729236539339633,38,13.8,0.0
11303000,tailwater,-0.10367995787635383,0.0018199203039863012,0.3799042932533101,35,24.0,0.0
11355500,reference,-0.1960556222336903,0.12995028691298974,0.09936399940837155,9,12.440000000000001,0.0
11381500,reference,0.1392287155646299,0.006898664744425502,0.08758056389083173,27,24.994999999999997,42.0
11383500,reference,0.21806483934656629,0.01486415041919838,0.1200985200778404,27,26.28,67.5
11390500,tailwater,0.40996309141366394,0.07210125463850553,0.4427295546784899,39,21.97,0.0
11425500,tailwater,0.03451828060652161,0.0003485277218723472,0.24317480687177595,14,23.515,0.0
11446220,tailwater,-0.07139638562096852,0.002451263578151499,0.33270797569166455,26,18.72,0.0
11446500,tailwater,-0.16865181196369355,0.026206232115388955,0.1070688781053088,25,18.71,0.0
11446700,tailwater,-0.18843213133740325,0.011939150027809773,0.1535422645587467,24,20.744999999999997,0.0
11446980,tailwater,-0.1588570379266108,0.008041079355840617,0.36713260080527316,26,21.075000000000003,0.0
11455820,tailwater,0.1680674217935887,0.018193354193993632,0.4566691372258365,19,21.0,0.0
11467000,tailwater,0.2064248501267579,0.31964181072929454,0.045484887564936245,23,25.064999999999998,87.5
11468900,reference,-0.2758192756933514,0.01767775417087398,0.22529545846342444,24,25.34,61.0
11475560,reference,0.111582733167623,0.025394689404634536,0.0447690514352324,13,19.825,0.0
11492200,tailwater,0.5063711515329129,0.32462318325743855,-0.1262837783765039,17,16.86,0.0
11509370,upstream,0.6612324394108627,0.037666316251055786,0.22639655319742205,34,25.4,55.0
12056500,tailwater,0.6489869425681517,0.08615942463226155,0.6333591760672573,29,15.059999999999999,0.0
12058800,tailwater,-0.08534711613732412,0.025933446329145085,0.2732553956834532,14,10.870000000000001,0.0
12098700,upstream,0.2788024490545765,0.5331895423977059,0.28540999969130415,15,17.24,0.0
12100490,tailwater,0.29140861587762296,0.26269568834122187,0.7906639605682808,15,19.555,0.0
12101100,tailwater,-0.12957190490856293,0.0038940825460123353,0.7815510977728636,15,16.21,0.0
12101102,tailwater,0.06424040573516811,0.06629598361400611,0.3726398289989312,9,20.33,0.0
12115000,reference,0.28013916637757075,0.15238080096443493,0.7180785727230629,28,13.01,0.0
12117600,tailwater,0.3319375605636431,0.4204335880371093,0.40565957807337116,24,15.27,0.0
12119000,tailwater,0.600207504962794,0.26523181481927566,0.5151512646718466,33,19.81,0.0
12137290,reference,0.011885103438351459,0.00011769403692214209,0.9898563893882227,16,15.19,0.0
12147470,upstream,-0.12882824524547473,0.026866576933389223,0.09316822937899175,10,15.84,0.0
12147500,reference,0.20085120138958917,0.15346145823426488,0.3674692429102735,30,14.73,0.0
12147600,reference,0.26696000874755726,0.04404317783524486,0.5378672800180917,31,15.765,0.0
12179900,tailwater,0.024418617137713126,0.000704607288357694,0.9633770239013106,9,15.875,0.0
12181000,tailwater,0.22388509894561262,0.05823859408705506,0.5679441978922158,36,13.57,0.0
12182500,reference,0.26063442043836776,0.08802667148488981,0.24348159509202452,9,15.524999999999999,0.0
12186000,reference,0.30259590977028666,0.05710102183794827,0.7345806957593414,9,18.064999999999998,0.0
12189500,tailwater,0.26785392827375076,0.060039138947605326,0.7611484422724496,9,18.4,0.0
12209000,reference,1.3406696445621322,0.1556709901055455,0.2532915282957026,8,20.425,0.0
12209490,reference,0.9676965630994215,0.4480617208447824,1.0206297416728702,17,16.759999999999998,0.0
12210000,reference,1.1142759366457846,0.2260925978579026,1.0214849605276304,17,20.88,0.0
12210700,reference,0.24787293564185825,0.06952267065717406,0.5836855793074252,20,18.01,0.0
12413360,reference,0.23257237661831162,0.08565531446392027,0.706284747702143,14,13.379999999999999,0.0
12438000,tailwater,0.12343815299295287,0.3283667719255353,0.09908489213971976,12,19.63,0.0
12447302,tailwater,0.3158863824180605,0.267937275880716,0.11498250170580855,12,26.06,49.0
12447390,reference,0.6166451996482805,0.14587521777462525,0.45022026431718065,14,16.14,0.0
13018300,reference,0.295223079627194,0.09851166578495028,0.11157623286703405,13,11.22,0.0
13211210,upstream,-1.38469250521076,0.19018224057750124,0.008496384045432352,10,23.16,30.0
13331500,reference,1.4851390428787214,0.16490127621250758,0.07325441109938166,14,24.79,0.0
13340000,reference,0.5839458038418363,0.04304489945220576,0.26647459456157674,32,26.14,40.0
13340600,reference,0.3402914636097562,0.2789929256738487,0.21144281163570505,38,21.29,0.0
13342500,tailwater,-0.022100621998557286,0.0001585829394873487,0.2847184060542305,40,18.29,0.0
14019240,tailwater,0.06376872263807415,0.009930868399961513,0.44429985007496253,14,21.880000000000003,0.0
14034470,upstream,0.37737088366088883,0.155107185226951,0.2731586940015186,16,24.47,17.0
14046890,reference,-0.008254100409105607,5.0944721464141344e-05,0.268184534480698,19,18.44,0.0
14138870,reference,0.32117537513760613,0.29157147735213956,0.7344575871363273,39,14.225000000000001,0.0
14138900,reference,0.17591730852089377,0.21193496810049306,0.4908752254916818,39,13.205,0.0
14139800,reference,0.3340828701859582,0.3101740515521575,1.098967710784499,40,15.91,0.0
14141500,reference,0.4181781767287647,0.37680025783296384,1.6991765618473664,19,19.65,0.0
14144800,reference,0.24062559756348292,0.1438856199792448,-0.03848826171626529,17,18.1,0.0
14144900,reference,0.06321359701612451,0.04660109407045732,0.9781173119254175,15,17.625,0.0
14145500,upstream,-0.0562766114060354,0.002278410375277836,0.11318980719246491,27,15.955,0.0
14147500,reference,0.13996166231514015,0.07689166719834066,1.6984539124277116,15,21.68,0.5
14148000,tailwater,0.23567501873078317,0.031170135627663808,0.3103729906882377,20,18.16,0.0
14150290,upstream,0.7131240369325675,0.3316984102470171,2.5280716029292107,15,22.915,5.0
14150800,reference,0.8683898382759552,0.17943802898915365,0.9560990906240201,17,21.835,1.5
14151000,tailwater,0.1944531989585255,0.028391175595677817,0.4758404751054727,37,18.51,0.0
14152000,tailwater,0.0974987248283392,0.010158035311996336,0.2029695439194329,26,19.71,0.0
14153500,tailwater,-0.08160490110181005,0.0073392549022162695,0.6871168024835079,24,20.66,0.0
14154500,upstream,0.32367247198547294,0.16788255738942015,1.279555001615658,16,24.19,14.0
14158500,reference,-0.06231869912089047,0.1078020940344992,0.5335440502159106,8,11.96,0.0
14158740,tailwater,-0.026757473680314628,0.01640025589910362,-0.051151721706428496,9,7.49,0.0
14158790,upstream,0.10965111819068468,0.17933103094897146,0.9911855050527534,8,18.36,0.0
14158798,upstream,-0.10729019819724694,0.04270708502103824,0.12885952712100138,8,15.56,0.0
14159200,upstream,0.3347733144073972,0.08985152024019201,0.26717939660570644,28,14.53,0.0
14161100,reference,0.3073848784887723,0.04256961930498285,0.27835143183063954,20,19.4,0.0
14161500,reference,0.051154925236224974,0.019132778542795575,-0.026805566993329474,13,19.15,0.0
14162200,tailwater,-0.0003896443094482301,8.315010818299269e-08,0.49673639841268796,37,17.345,0.0
14164700,tailwater,0.16831972773485365,0.150013407870631,0.5948308627898138,8,23.96,12.0
14178000,tailwater,0.175187083257887,0.034567244857676364,0.36387208814899097,29,16.4,0.0
14179000,upstream,0.2621987966413042,0.089896616292657,0.45045975978674363,29,15.785,0.0
14180300,tailwater,0.050264314636814925,0.0014808734555140075,0.403515823718935,27,19.585,0.0
14182500,reference,0.6524402202893247,0.6430993476149108,0.9637353404918919,21,25.439999999999998,0.0
14184100,tailwater,0.29481211564898246,0.22975073067629362,0.405275071351245,17,21.69,0.0
14185000,reference,0.6418064481102553,0.12018443924442956,0.2815607786446003,19,22.915,0.0
14185900,reference,0.6192728433225154,0.1235336765434523,0.2974301883291584,19,21.875,0.0
14186200,tailwater,0.6375446926684112,0.1491715702048657,3.821548181753401,18,12.73,0.0
14197900,tailwater,0.6499752526223403,0.1668534518229669,1.0672762809843153,22,23.89,25.0
14202980,tailwater,0.27921447837199903,0.0882880062150885,-0.047784057641984026,23,18.005000000000003,0.0
14206950,tailwater,0.67204762786098,0.09372843123294039,0.5171730515191546,27,23.38,9.0
14210000,tailwater,0.29883422658457515,0.32086720643085986,1.5578427559760146,24,18.8,0.0
14316495,reference,0.387389362051527,0.1789207805539197,0.28933268387725275,18,21.560000000000002,0.0
14316500,upstream,0.2215268968286997,0.1712389323336283,0.3590323649390181,27,15.16,0.0
14318000,reference,0.47779593775593093,0.48875323683689836,0.3366746567879713,26,23.39,18.0
14320934,tailwater,0.6372525515400902,0.35440334618209546,1.2273594909862142,18,20.29,0.0
14330000,tailwater,0.16378684881469788,0.10181614654453833,0.376797401622354,35,15.115,0.0
14337800,reference,0.3525177696471687,0.14681403757979747,0.47221025420077556,14,24.685000000000002,31.0
14337830,tailwater,0.3926381485069968,0.04764590683648208,1.0941575502794632,18,27.924999999999997,66.5
14337870,reference,0.5847480302066734,0.34542354312479057,2.369849597761455,16,21.52,1.5
15056210,reference,0.1640144969708491,0.06776462995974604,0.12749694899851066,19,8.364999999999998,0.0
15085100,reference,0.7012134312776893,0.33640823738301545,0.46085319697213706,17,16.56,0.0
15129500,reference,1.1689188255668908,0.5064613662089414,0.07205243673776826,11,16.685000000000002,0.0
15200280,reference,0.9037466862207194,0.8466635143523314,0.029761872686220523,11,18.985,0.0
15236900,reference,0.024284248652675932,0.015059790875804533,-0.02907402412238449,9,3.07,0.0
15266300,reference,0.6097395639672708,0.2671125795711861,0.07443923865621223,15,14.835,0.0
15272380,reference,0.047720203980854005,0.004045618861226931,0.08976473299205236,10,8.5,0.0
15283700,reference,0.5334648893114511,0.31251378064761676,0.21393967531451685,15,11.52,0.0
15284000,reference,0.12191443083856275,0.3771891918021064,0.007964678725018971,10,11.73,0.0
15290000,reference,0.7176298061938094,0.3200494843674296,0.047276402658007345,11,11.985,0.0
15292700,reference,0.5298518271551038,0.3101899907905055,0.14405658174215719,14,12.41,0.0
15294005,reference,0.5366890206666162,0.3438231834080104,0.050189272292449585,13,14.765,0.0
15297610,reference,0.4666425734598198,0.07213881767688532,0.13422780307815044,29,13.379999999999999,0.0
15300250,reference,0.4432184119180864,0.9063504342019457,0.2503401886168811,11,13.71,0.0
15300300,reference,-0.025639913538659295,0.0004903972559257337,0.07086485684616527,12,12.93,0.0
15302000,reference,0.4057718153616164,0.2440131937801977,0.031012208220504364,11,17.02,0.0
15302200,reference,0.4907182004640396,0.6933742821915412,0.2750546647230321,16,14.16,0.0
15302250,reference,0.6010870385290618,0.8452400743952485,0.2820982458825105,14,16.015,0.0
15484000,reference,0.6946604937412578,0.5673295845242903,-0.10041054165011257,10,16.29,0.0
15493000,reference,0.12700715748663585,0.005610969347323468,-0.03417676588408296,12,12.17,0.0
15564879,reference,1.3825334007073824,0.35496213848092145,0.05009271303240806,26,13.43,0.0
15803000,reference,1.3115400557788415,0.12538956509713836,0.00821571653618865,13,16.43,0.0
15896000,reference,0.5799699284023101,0.8031337490127786,-0.01765808938431087,9,16.37,0.0
15908000,reference,0.1701839267123588,0.08722746709570262,0.010649083384403539,11,15.76,0.0
16618000,reference,0.5497113092332956,0.1533792776226019,-0.006003666290359697,11,22.74,0.0
294300098080001,tailwater,-0.006093383708895157,0.0030561791213399546,-0.005213022444382448,10,23.4,0.0
294643095035200,tailwater,0.3275101398566656,0.38443521637918676,0.15939479743160725,9,33.06,192.0
295554095093402,tailwater,1.5037866228525765,0.16458976157754412,0.057488310687067855,11,31.97,180.0
295826095082200,tailwater,0.6349214818467197,0.10123411217667992,0.04196038739930463,17,33.74,197.0
340841090134701,tailwater,-0.0897364056898263,0.07086529158441225,0.0,9,18.2,0.0
402114105350101,reference,1.0240249039448688,0.4476915762722587,0.0626938228145168,14,17.96,0.0
404417108524900,upstream,0.984541005096123,0.5187324031537828,0.0935895528895226,23,22.32,0.5
420741121554001,upstream,0.2962194073572552,0.4772814324643154,0.27406563633846986,22,23.5,27.0
422302071083801,tailwater,0.4895731917303685,0.3518825089972099,0.40118284869393794,20,26.37,83.0
453004122510301,tailwater,0.5646360232286503,0.499645651765464,0.6339853807226775,24,24.01,34.0
453040123065201,tailwater,0.47830372201203286,0.4481098238657753,0.15765906673697577,24,24.03,22.0
453113123003501,tailwater,0.6087519988569554,0.12108611926586953,0.30848352175608,12,21.72,2.0
