dam_id,site_no,dist_km,lat,lon
1645,03353670,59.72,39.8655,-86.3947778
1654,03354000,44.13,39.4975388,-86.4005316
1852,02148315,57.02,33.82848933,-80.6203645
1842,02160991,55.45,34.26070285,-81.3303747
1852,02162035,46.78,34.0483333,-81.0733333
1852,02168500,57.17,34.052093,-81.22065329
1852,02168504,56.39,34.0509822,-81.2095418
1852,02169000,50.41,34.0140416,-81.0878717
1890,02171920,57.06,33.074444,-79.419167
1890,021720677,39.11,32.89045228,-79.9628645
1890,0217206935,43.05,32.85569444,-79.9526667
1890,021720696,38.79,32.92350668,-79.826193
1890,0217206962,39.08,32.92130556,-79.82438889
1890,021720709,49.46,32.80239835,-79.9100869
1890,021720710,51.64,32.78075,-79.9236667
1890,021720712,52.27,32.775031,-79.92375
1890,02172080,38.42,32.9685046,-80.2528745
1890,02172081,36.57,32.95878299,-80.2009279
1890,021720812,36.02,32.94878346,-80.1662044
1890,021720816,35.82,32.95239446,-80.1700934
1890,021720817,35.55,32.9507279,-80.15925959
1890,021720825,37.81,32.92583333,-80.1516667
1890,021720869,45.23,32.8346201,-80.0237014
1890,02172100,55.48,32.75323259,-79.8731418
1872,02172300,55.98,33.75347736,-81.6017714
1890,02175000,43.54,33.02794645,-80.3914876
1720,05594100,58.75,38.45055556,-89.6275
1720,05595000,37.47,38.3197222,-89.8883333
978,07179730,35.13,38.46695699,-96.2505533
978,07182250,35.43,38.3975139,-96.356112
1872,02197000,39.93,33.37252778,-81.9420833
1883,02212600,59.66,33.10030556,-83.7231667
1883,02219000,56.6,33.7878611,-83.47425
1883,02219500,33.58,33.6087367,-83.3493286
1883,02223056,46.73,32.93933333,-83.0669722
1863,02335815,35.82,33.96775,-84.3836667
1910,02343805,42.27,31.24908333,-85.1066111
1916,02356000,35.35,30.91030556,-84.5805
1862,02388350,43.83,34.3608333,-85.1401667
1862,02395980,36.69,34.2321111,-85.1169444
1862,02397000,48.92,34.2005,-85.25641667
1862,02397075,52.69,34.2331496,-85.2932875
1862,02397080,56.83,34.24953794,-85.3357887
1862,02397100,58.61,34.24870459,-85.35551139
2158,01073319,47.2,43.04138889,-71.2016667
2158,01073389,49.33,43.08444444,-71.1561111
2158,01093852,38.56,42.8425858,-71.7067399
1869,07281600,44.75,33.65138889,-90.2111111
1156,07288650,37.45,33.39666667,-90.8477778
1156,0728875070,33.87,33.4011111,-90.8919444
1156,07288847,34.06,33.03151289,-90.9981598
1207,07290000,59.75,32.34777778,-90.6969444
1156,325728091002701,40.41,32.95777778,-91.0075
1156,325817090464201,53.29,32.97138889,-90.7783333
1156,330152090595601,34.05,33.0311111,-90.9988889
1156,332348090505301,37.42,33.39666667,-90.8480556
1869,333904090123801,44.72,33.6511111,-90.2105556
1585,01457400,47.59,40.5925,-75.1861111
1585,01457500,47.2,40.59472222,-75.18972222
1092,07263296,44.18,34.87888889,-92.6855556
1092,072632966,47.1,34.87527778,-92.6538889
1125,343726093481801,53.38,34.62398896,-93.8051979
1029,07185080,46.15,36.86479264,-94.8788446
1595,03086500,30.09,40.93283615,-81.0945413
1595,03090500,44.78,41.0483912,-81.0012032
1595,03091500,54.31,41.1314461,-80.9712018
1595,03092090,54.32,41.16144549,-81.1970453
1595,03092460,54.8,41.15700127,-81.0717621
1794,03604500,58.37,35.8128429,-87.7975247
1123,07336820,51.6,33.68400005,-94.6943774
1167,07343200,36.69,33.3862233,-95.1324428
1163,07346047,34.86,32.76805556,-94.9158333
1186,07346048,33.71,32.73916667,-94.8663889
1170,08017190,35.27,33.2386111,-96.1813889
1279,08029760,56.12,30.42305556,-93.7838889
1279,08041540,51.12,30.3511111,-94.2922222
1300,08067100,34.62,29.9418847,-94.774366
1300,08067118,40.71,29.86744193,-94.7149197
1300,08067215,35.04,29.90161516,-94.76994166
1300,08067250,36.79,29.83707778,-94.7635944
1300,08067252,40.54,29.8124434,-94.7313087
1295,08068500,30.4,30.11049517,-95.4363275
1300,08073898,36.26,29.78333333,-95.4738889
1300,08074000,32.02,29.76022829,-95.4085505
1300,08075500,31.27,29.67439687,-95.2893807
1300,08077647,52.24,29.45662094,-95.0479838
1285,08106500,40.63,30.83519047,-96.9466512
1296,08109300,38.33,30.6536111,-96.4516667
1266,08110325,32.83,31.57434158,-96.5208295
1296,08111060,53.88,30.5947222,-96.0652778
1296,08111062,52.75,30.58305556,-96.0702778
1295,08111570,49.7,30.10305556,-95.9875
1297,08159200,49.62,30.10466154,-97.3194368
1317,08211450,30.39,27.86527778,-97.6386111
1302,293102098185201,40.93,29.5174525,-98.3147352
1302,293424098134701,33.29,29.5735009,-98.2299359
1302,295858097521801,33.92,29.98299439,-97.8719488
107,11492200,58.26,42.9756843,-122.0891944
78,14120000,54.37,45.6545,-121.5488
78,14142500,52.93,45.4490094,-122.2450885
85,14171600,49.53,44.5663611,-123.2568056
85,14173500,42.86,44.62002778,-123.1284722
85,14174000,42.57,44.6387328,-123.1067616
80,14183020,34.57,44.7782222,-122.6777222
85,14184100,40.29,44.7079444,-122.973111
85,14188750,34.66,44.673139,-122.91925
85,14188850,37.18,44.6903999,-122.9400912
85,14189000,42.9,44.7147222,-123.01425
85,14189050,46.76,44.7387325,-123.0498164
85,14190610,52.31,44.73008889,-123.1623
72,14192015,58.94,44.957,-123.0366389
72,14200000,47.54,45.24391667,-122.6874444
72,14201300,51.04,45.10035029,-122.82173589
72,14201340,47.42,45.15123137,-122.80426
72,14201500,54.58,45.1015099,-122.7462019
72,14202000,44.15,45.23327778,-122.7509167
72,14206950,35.6,45.403452,-122.7548185
72,14207500,43.13,45.35067559,-122.6762044
72,14207740,47.35,45.34805556,-122.6205278
72,14207770,47.76,45.35762066,-122.610925
78,14210000,53.72,45.29984346,-122.3539746
72,14210750,55.88,45.389806,-122.493833
72,14211010,49.72,45.3792874,-122.5773134
72,14211499,54.69,45.4767869,-122.4984239
72,14211500,53.94,45.47745556,-122.5080194
72,14211550,43.48,45.452897,-122.6431496
72,14211720,41.63,45.5175,-122.6691667
72,14222880,55.77,45.8945588,-122.8076038
72,14301000,50.21,45.7039986,-123.755405
72,14301500,40.96,45.47593996,-123.7251209
72,14302020,47.42,45.4771111,-123.8079722
72,14302480,39.95,45.4462181,-123.7103974
72,14303600,55.6,45.26649446,-123.847061
90,14306500,52.02,44.3859538,-123.831778
90,14307605,40.33,44.0565,-123.7946889
90,14307620,47.22,44.06234317,-123.8831659
99,14320934,53.07,43.43122665,-123.5867573
99,14321000,42.62,43.5859502,-123.5553727
99,14322810,41.82,43.635222,-123.564639
72,452348122454701,35.17,45.3966131,-122.7629714
72,452559122472401,32.21,45.43284038,-122.7911617
72,452631122463101,33.21,45.4417737,-122.7765475
72,452712122474101,31.57,45.45310127,-122.7960566
72,452718122474700,31.54,45.4551222,-122.7963056
72,452727122474801,31.49,45.4576722,-122.7966556
72,452738122474100,31.62,45.4606083,-122.7947806
72,452842122450101,34.96,45.4781624,-122.751414
72,452854122375300,44.32,45.481619,-122.631472
72,452857122375700,44.24,45.482381,-122.632478
72,453302122491600,30.69,45.5504861,-122.821075
72,453312122485800,31.15,45.55334167,-122.8162278
72,453320122483701,31.66,45.55561389,-122.810261
1720,07017610,54.97,37.96525,-90.5745
54,12031000,54.34,46.93926375,-123.3143194
54,12037400,41.86,47.0114831,-123.6554417
54,12039518,49.07,47.33215278,-124.2510778
59,12113390,32.78,47.4789861,-122.2587333
59,12113415,35.64,47.50050556,-122.2881417
59,12119000,32.52,47.4825999,-122.2034547
42,12189500,45.6,48.42455859,-121.5684634
311,12438000,48.65,48.0065333,-119.6653303
294,12447302,36.74,48.2077222,-119.7122778
294,12450480,55.64,48.05130556,-119.9265556
72,14144700,44.09,45.62067265,-122.6734306
78,453845121564001,55.9,45.6456726,-121.945637
778,04024000,30.04,46.703511,-92.418378
778,04024093,50.95,46.51553588,-92.4626932
861,05314510,54.15,44.83997585,-95.2391733
861,444424095312301,42.28,44.73985556,-95.5229694
861,444431095324101,40.99,44.74195556,-95.5447389
861,444443095305001,42.31,44.74528056,-95.5136889
861,444447095293501,43.38,44.74565556,-95.4931444
861,444447095294701,43.09,44.7461111,-95.4977778
861,444510095322101,40.36,44.7527694,-95.5391083
789,464110092531401,34.83,46.6861111,-92.8872222
789,464110092531402,34.83,46.6861111,-92.8872222
789,464110092531403,34.83,46.6861111,-92.8872222
789,464112092531401,34.81,46.68666667,-92.8872222
789,464112092531404,34.81,46.68666667,-92.8872222
767,465652094394501,47.43,46.94790278,-94.663275
767,465652094394701,47.41,46.9480111,-94.6631111
767,465652094394801,47.43,46.94800278,-94.663325
767,465652094394802,47.42,46.9479972,-94.6632889
767,465652094394804,47.42,46.94802778,-94.6633361
789,465735092504901,41.06,46.95981389,-92.8468611
789,470535092570801,44.4,47.09318889,-92.9521389
662,11013500,42.97,32.55172325,-117.0841943
654,11042000,47.27,33.21809135,-117.3603045
654,11046000,40.19,33.3111436,-117.3472604
654,11046050,48.44,33.23780556,-117.3953056
654,11046062,50.39,33.25055556,-117.4313889
654,11046072,50.43,33.26444444,-117.4422222
654,11046082,50.56,33.27527778,-117.4513889
654,11046102,50.88,33.29055556,-117.465
654,11046252,57.4,33.38138889,-117.578611
648,11046372,58.33,33.38666667,-117.5938889
648,11047300,58.94,33.49835946,-117.6658707
625,11114000,41.08,34.27889168,-119.142051
625,11117500,51.37,34.38027469,-119.3045578
625,11118500,52.37,34.35221417,-119.3084218
223,11152500,55.2,36.631071,-121.672446
223,11160000,38.74,36.9913389,-121.9557933
223,11160300,44.31,37.08605874,-122.0469069
223,11160500,47.16,37.0443931,-122.072464
219,11162500,51.44,37.2607338,-122.3288125
201,11162720,36.78,37.65382296,-122.4263613
216,11162753,45.27,37.52944444,-122.3583333
605,11212260,55.8,36.211,-119.568636
592,11254000,55.36,36.8105046,-120.3782256
210,11260815,58.81,37.29513418,-120.8436176
223,11261500,58.75,37.3099115,-120.9309993
223,11262900,59.13,37.26241267,-120.9065536
210,11272500,58.28,37.3707436,-120.9304445
223,11273400,56.77,37.34718815,-120.9761399
223,11273500,58.09,37.35104847,-120.9618719
223,11274000,56.86,37.35046585,-120.9771121
223,11274500,43.5,37.3154653,-121.125171
203,11274538,56.16,37.41354657,-121.0160412
203,11274550,54.08,37.43218889,-121.0133444
203,11274554,53.94,37.43576816,-121.033542
203,11274560,50.78,37.4643786,-121.0321537
203,11274570,48.51,37.4938221,-121.0804887
203,11290000,32.25,37.627153,-120.9843777
203,11303500,39.42,37.67601249,-121.2662907
152,11389500,40.81,39.21403369,-122.0002208
152,11390500,52.09,39.00987205,-121.8246576
185,11390890,44.03,38.8124013,-121.774132
182,11391100,42.52,38.77906827,-121.6385719
182,11425500,38.99,38.77432258,-121.5982593
173,11451800,33.45,38.8898988,-122.2383082
185,11452500,35.24,38.727126,-121.8071874
185,11452600,40.38,38.72601499,-121.7299631
185,11452800,42.14,38.68265687,-121.6729821
185,11452900,41.95,38.67851526,-121.6727386
182,11453000,42.5,38.6776572,-121.6440924
173,11453500,33.77,38.7787587,-122.51745
201,11455780,46.33,38.04492057,-122.1266323
201,11455820,38.61,38.0613095,-122.2255241
201,11458370,37.12,38.1110306,-122.2746929
185,11458500,39.85,38.32321159,-122.4943873
201,11460750,30.67,38.1757531,-122.8183254
180,11465750,36.25,38.42546874,-122.8291584
180,11467553,43.92,38.78986049,-123.5094204
169,11467600,49.13,38.92629636,-123.6302925
169,11468000,42.09,39.1704079,-123.6680415
169,11468500,54.34,39.42818069,-123.7377695
135,11468900,53.81,40.139278,-123.9913987
135,11474500,48.35,39.9373742,-123.3469626
135,11476500,35.74,40.18177947,-123.776116
135,11476600,48.57,40.3514969,-124.0050136
135,11477000,58.17,40.49149394,-124.0997407
135,11478500,40.81,40.480385,-123.8908461
135,11480750,58.64,40.7637446,-123.8900542
135,11527000,46.86,40.78871835,-123.440006
135,11528700,31.85,40.64983089,-123.4941718
135,11529000,53.96,40.841525,-123.5678243
654,331346117243401,50.11,33.2294795,-117.4103174
213,380624121384401,55.56,38.1068472,-121.6455667
213,380624121384402,55.56,38.10687778,-121.6455028
213,380624121384601,55.55,38.10687778,-121.6462472
213,380624121384602,55.55,38.10690278,-121.646211
213,380625121384301,55.58,38.1070472,-121.6451667
213,380625121384302,55.58,38.10694167,-121.6448
213,380626121384701,55.58,38.1072083,-121.6465167
213,380626121384702,55.58,38.10717778,-121.6464917
185,384115121402501,42.33,38.6875,-121.673611
1761,02044000,54.26,37.07793014,-78.1969424
1761,02051000,44.87,36.9973738,-78.3497182
1761,02051500,43.43,36.71681395,-77.8316582
1761,02066000,53.26,36.91514189,-78.7408384
1761,02076000,55.1,36.6932222,-78.9004167
1761,02077000,58.9,36.7765267,-78.9158438
1744,03529500,45.84,36.86898536,-82.7754387
2186,01119500,59.94,41.75053857,-72.26561677
2186,01120790,55.79,41.81616944,-72.10616944
2186,01124000,43.28,42.02220151,-71.95560457
2193,01184000,34.22,41.98720462,-72.60534826
2193,01192500,42.58,41.78303965,-72.58729366
2193,01192704,49.46,41.60815451,-72.71509531
2193,01200600,56.81,41.59304488,-73.44954534
753,06340900,31.25,47.280278,-101.185278
1744,03400800,56.49,36.75230974,-83.2574012
338,13342450,40.25,46.42638889,-116.806111
338,13342500,41.32,46.4483333,-116.8275
338,13343000,52.17,46.43416667,-116.9677778
1615,01467471,36.32,40.6937472,-76.1647722
1615,01467492,36.34,40.69381944,-76.1649556
1615,01467688,40.12,40.70422839,-76.2493078
1615,01467689,40.13,40.70422839,-76.2495856
1615,01467752,36.12,40.6686861,-76.2364222
1615,01467861,36.19,40.6687722,-76.2379444
1615,014721254,30.27,40.2017,-75.7675667
1615,014721259,30.3,40.2017222,-75.7670556
1615,01472157,44.83,40.15149064,-75.601305
1615,01473000,52.26,40.22954725,-75.451567
1615,01473169,59.23,40.07927367,-75.46074808
1615,01480400,42.64,40.0273261,-75.8449449
1615,01480500,47.5,39.98566144,-75.8274467
1615,01480617,50.8,39.9617734,-75.8013341
1615,01480629,53.47,39.9295515,-75.82300028
1615,014806318,55.53,39.9073296,-75.8332776
1615,01480685,45.31,40.0552915,-75.71629489
1615,01480775,49.71,40.0032222,-75.7245833
1615,01480870,55.3,39.9687191,-75.6732715
1615,01480878,52.07,40.0264954,-75.6360443
1615,0157155010,40.58,40.65953336,-76.3468965
1615,0157155014,40.33,40.65786674,-76.344952
1615,01571774,41.44,40.5922222,-76.4394444
1615,01571778,40.22,40.5875889,-76.4260683
1615,01571820,38.29,40.58064485,-76.4046785
1615,01571919,34.43,40.54536785,-76.38051129
1615,01572000,33.76,40.5375902,-76.3774557
1615,01572025,35.31,40.53258999,-76.4021793
1615,01573000,46.02,40.40251235,-76.5771541
1615,01573095,41.46,40.3162028,-76.5158
1615,01573208,50.86,40.32223889,-76.6293944
1615,01573684,47.45,40.22519444,-76.55452778
1615,01573695,49.8,40.19527778,-76.56777778
1615,01575900,54.14,40.0628745,-76.5155214
1615,01576000,55.73,40.0545413,-76.5307992
1615,01576003,56.88,40.0284308,-76.5177432
1615,01576007,59.84,40.01416667,-76.5480556
1615,01576500,42.32,40.050097,-76.277181
1615,01576516,47.54,39.99154444,-76.2609306
1615,015765185,47.68,39.99119167,-76.26395278
1615,015765195,47.2,39.9959361,-76.26403889
1615,01576540,46.26,40.0100985,-76.2771806
1924,02240000,55.84,29.21469888,-81.9859203
1957,02272500,47.36,27.36476398,-81.0517323
1957,02276877,48.34,26.98553333,-80.6156
1944,02294898,58.15,27.7514193,-81.7820266
1924,02303400,51.6,28.32388889,-82.3836111
1924,02310545,44.25,28.5311063,-82.6231559
1924,02310600,46.18,28.5336184,-82.6501497
1924,02310650,31.05,28.71527923,-82.57681407
1924,02310663,33.85,28.71526404,-82.6062107
1924,02310673,35.92,28.70263889,-82.62472222
1924,02310674,37.48,28.69472438,-82.63903809
1924,02310678,31.56,28.79972101,-82.58875875
1924,02310688,31.64,28.79748294,-82.589822
1924,02310689,33.34,28.81311111,-82.60563889
1924,02310690,32.92,28.80137159,-82.6026
1924,02310700,34.31,28.78527705,-82.61792627
1924,02310712,41.88,28.77166644,-82.69570628
1924,02310740,34.53,28.89055148,-82.59570328
1924,02310742,35.54,28.89336111,-82.60555556
1924,02310743,34.48,28.89471801,-82.5932032
1924,02310747,37.74,28.90638889,-82.62388889
1924,02310750,38.7,28.90500349,-82.6351883
1924,02310752,39.52,28.90155556,-82.64580556
1924,02313098,36.33,29.071306,-82.426611
1924,02313100,35.12,29.049167,-82.447778
1924,02313200,35.67,29.045833,-82.464722
1924,02313272,54.7,29.00112873,-82.76583301
1924,02313274,53.79,28.99469575,-82.75899559
1924,285531082412600,44.55,28.92527778,-82.69063889
