site_no,years_total,years_ok,run_ok,frac_ok,first,last
02172050,41,40,23,0.98,1985,2025
13342500,41,40,32,0.98,1985,2025
14138870,41,40,35,0.98,1985,2025
14139800,41,40,30,0.98,1985,2025
13341050,40,39,26,0.97,1986,2025
14181500,41,39,26,0.95,1985,2025
14337600,41,39,23,0.95,1985,2025
14339000,41,39,27,0.95,1985,2025
13340600,39,38,25,0.97,1987,2025
14138900,41,38,18,0.93,1985,2025
14330000,41,38,32,0.93,1985,2025
14338000,41,38,19,0.93,1985,2025
02160991,41,37,20,0.9,1985,2025
12363000,41,37,25,0.9,1985,2025
14159500,41,37,25,0.9,1985,2025
14162200,41,37,24,0.9,1985,2025
14366000,41,37,24,0.9,1985,2025
01480870,41,36,19,0.88,1985,2025
02169000,39,36,35,0.92,1987,2025
02397000,40,36,21,0.9,1986,2025
11262900,37,36,29,0.97,1986,2022
14151000,41,36,24,0.88,1985,2025
14362000,41,36,28,0.88,1985,2025
02168504,37,34,25,0.92,1989,2025
11390500,38,34,16,0.89,1985,2022
12181000,40,34,12,0.85,1986,2025
14150000,41,34,24,0.83,1985,2025
02172053,41,33,13,0.8,1985,2025
07119700,36,33,26,0.92,1990,2025
02011400,37,32,15,0.86,1985,2021
07060500,35,32,13,0.91,1991,2025
07109500,35,32,28,0.91,1991,2025
09371520,32,32,32,1.0,1994,2025
11299997,39,32,8,0.82,1985,2023
11302000,39,32,17,0.82,1985,2023
14187200,41,32,20,0.78,1985,2025
01480500,31,31,31,1.0,1995,2025
01480617,41,31,19,0.76,1985,2025
02172040,39,31,22,0.79,1987,2025
03354000,37,31,10,0.84,1989,2025
07054527,34,31,14,0.91,1992,2025
07076000,35,31,22,0.89,1991,2025
07106500,36,31,24,0.86,1990,2025
08049500,40,30,7,0.75,1985,2024
11276500,36,30,14,0.83,1987,2022
11276600,36,30,17,0.83,1987,2022
11289650,38,30,12,0.79,1985,2022
12119000,34,30,20,0.88,1992,2025
12147600,31,30,29,0.97,1995,2025
04136000,30,29,29,0.97,1996,2025
07097000,31,29,15,0.94,1995,2025
07099969,29,29,29,1.0,1997,2025
11303000,38,29,16,0.76,1985,2022
11303500,38,29,8,0.76,1985,2022
12355500,30,29,20,0.97,1996,2025
13340000,32,29,23,0.91,1994,2025
14178000,41,29,24,0.71,1985,2025
04125460,29,28,27,0.97,1997,2025
07086000,32,28,21,0.88,1994,2025
08065350,40,28,11,0.7,1985,2024
11302500,39,28,10,0.72,1985,2023
14211500,28,28,28,1.0,1998,2025
01095220,28,27,16,0.96,1998,2025
01447720,41,27,10,0.66,1985,2025
01480400,30,27,26,0.9,1996,2025
02334885,31,27,25,0.87,1995,2025
03431091,29,27,25,0.93,1997,2025
04124000,29,27,13,0.93,1997,2025
05057000,29,27,27,0.93,1997,2025
06711565,30,27,17,0.9,1996,2025
11261500,40,27,21,0.68,1986,2025
11274550,30,27,12,0.9,1996,2025
11381500,27,27,27,1.0,1999,2025
11390000,27,27,27,1.0,1999,2025
14180300,27,27,27,1.0,1999,2025
14211550,28,27,19,0.96,1998,2025
03431514,29,26,16,0.9,1997,2025
0351706800,26,26,26,1.0,2000,2025
08062500,40,26,12,0.65,1985,2024
09261000,27,26,14,0.96,1999,2025
11383500,27,26,16,0.96,1999,2025
11509370,35,26,22,0.74,1991,2025
12115000,28,26,14,0.93,1998,2025
12362500,27,26,18,0.96,1999,2025
14145500,41,26,17,0.63,1985,2025
14152000,41,26,23,0.63,1985,2025
14159200,41,26,25,0.63,1985,2025
14162500,41,26,25,0.63,1985,2025
14166000,41,26,25,0.63,1985,2025
14179000,41,26,23,0.63,1985,2025
14318000,27,26,26,0.96,1999,2025
15297610,29,26,23,0.9,1997,2025
01095375,29,25,14,0.86,1997,2025
021720677,29,25,16,0.86,1997,2025
02334480,25,25,25,1.0,2001,2025
02334578,25,25,25,1.0,2001,2025
02335350,25,25,25,1.0,2001,2025
06038800,31,25,17,0.81,1995,2025
11126000,32,25,17,0.78,1994,2025
12116500,27,25,12,0.93,1999,2025
12117600,25,25,25,1.0,2001,2025
14206950,32,25,23,0.78,1994,2025
453040123065201,25,25,25,1.0,2001,2025
01449360,41,24,8,0.59,1985,2025
02217274,25,24,24,0.96,2001,2025
03373980,25,24,23,0.96,2001,2025
05058000,29,24,23,0.83,1997,2025
07177500,24,24,24,1.0,2000,2023
10339400,26,24,21,0.92,1985,2010
11446220,24,24,24,1.0,1999,2022
11446980,24,24,24,1.0,1999,2022
12147500,31,24,10,0.77,1995,2025
14153500,25,24,24,0.96,2001,2025
14155500,25,24,24,0.96,2001,2025
14174000,25,24,24,0.96,2001,2025
14189050,25,24,16,0.96,2001,2025
14211499,26,24,13,0.92,2000,2025
14316500,28,24,21,0.86,1998,2025
01104430,28,23,12,0.82,1998,2025
01104455,23,23,23,1.0,2003,2025
01447800,38,23,15,0.61,1988,2025
02148315,30,23,11,0.77,1985,2014
02218565,25,23,23,0.92,2001,2025
08067118,31,23,8,0.74,1994,2024
11044000,26,23,13,0.88,2000,2025
11446500,24,23,21,0.96,1999,2022
11463980,24,23,23,0.96,2002,2025
11467000,24,23,23,0.96,2002,2025
12178000,24,23,17,0.96,2002,2025
14202980,24,23,21,0.96,2002,2025
14210000,25,23,14,0.92,2001,2025
14211010,24,23,23,0.96,2002,2025
404417108524900,24,23,23,0.96,2002,2025
03430200,22,22,22,1.0,2004,2025
03431083,22,22,22,1.0,2004,2025
08068500,25,22,17,0.88,2000,2024
08155500,23,22,22,0.96,2003,2025
11290000,39,22,5,0.56,1985,2023
11446030,24,22,21,0.92,1999,2022
11446700,22,22,22,1.0,2001,2022
12056500,36,22,10,0.61,1990,2025
13150430,28,22,16,0.79,1998,2025
14169000,25,22,20,0.88,2001,2025
01104475,22,21,20,0.95,2004,2025
02079500,22,21,17,0.95,2004,2025
02310678,22,21,21,0.95,2004,2025
03058000,27,21,20,0.78,1999,2025
08070200,28,21,14,0.75,1996,2023
11251000,22,21,17,0.95,2004,2025
11433790,24,21,9,0.88,1999,2022
14197900,24,21,10,0.88,2002,2025
14211720,24,21,17,0.88,2002,2025
01466500,41,20,14,0.49,1985,2025
02148000,38,20,10,0.53,1988,2025
03359000,33,20,8,0.61,1993,2025
03597860,21,20,19,0.95,1992,2012
04043238,21,20,18,0.95,2005,2025
04043244,20,20,20,1.0,2006,2025
07312500,26,20,11,0.77,1999,2024
14182500,41,20,12,0.49,1985,2025
15564879,28,20,10,0.71,1998,2025
453845121564001,22,20,7,0.91,2004,2025
06894000,21,19,18,0.9,2005,2025
07178200,23,19,10,0.83,2001,2023
09085150,19,19,19,1.0,2006,2024
11203580,20,19,17,0.95,2006,2025
14141500,20,19,16,0.95,2006,2025
14148000,41,19,13,0.46,1985,2025
14185000,41,19,13,0.46,1985,2025
422302071083801,20,19,16,0.95,2006,2025
02171645,19,18,18,0.95,2007,2025
021720869,22,18,14,0.82,2004,2025
02310688,20,18,17,0.9,2006,2025
02310747,21,18,11,0.86,2002,2022
03374500,23,18,15,0.78,2003,2025
07061270,20,18,15,0.9,2006,2025
071912213,19,18,17,0.95,2005,2023
07263296,18,18,18,1.0,2008,2025
08074710,20,18,18,0.9,1986,2005
09196500,37,18,14,0.49,1989,2025
11176900,20,18,11,0.9,2004,2023
11274538,27,18,14,0.67,1992,2018
11278300,18,18,18,1.0,2008,2025
14046890,19,18,18,0.95,2004,2022
14161100,41,18,16,0.44,1985,2025
14184100,41,18,17,0.44,1985,2025
14185900,41,18,12,0.44,1985,2025
473423095053301,19,18,11,0.95,2007,2025
01611500,19,17,13,0.89,2007,2025
07337000,28,17,7,0.61,1998,2025
08068400,17,17,17,1.0,1999,2015
08123850,39,17,4,0.44,1985,2023
08211200,17,17,17,1.0,2009,2025
09136100,17,17,17,1.0,2009,2025
10172200,27,17,14,0.63,1999,2025
11264500,38,17,11,0.45,1985,2022
12210700,30,17,13,0.57,1996,2025
14144800,41,17,8,0.41,1985,2025
14150800,17,17,17,1.0,2009,2025
14186200,18,17,17,0.94,2008,2025
14316495,18,17,12,0.94,1999,2016
14320934,19,17,16,0.89,2007,2025
15056210,22,17,13,0.77,2004,2025
325002107181201,17,17,17,1.0,2009,2025
01104415,28,16,7,0.57,1998,2025
02205865,16,16,16,1.0,2010,2025
03091500,16,16,16,1.0,2010,2025
06038500,17,16,16,0.94,2009,2025
06893820,16,16,16,1.0,2010,2025
072632966,18,16,9,0.89,2008,2025
09014050,16,16,16,1.0,2010,2025
11204100,20,16,6,0.8,2006,2025
12209490,18,16,12,0.89,2008,2025
12210000,17,16,8,0.94,2009,2025
01544500,15,15,15,1.0,2011,2025
0212378405,15,15,15,1.0,2011,2025
02334653,16,15,15,0.94,2010,2025
02335450,22,15,6,0.68,2004,2025
023432415,16,15,10,0.94,2010,2025
03092460,16,15,11,0.94,2010,2025
03460000,41,15,8,0.37,1985,2025
04063700,24,15,14,0.62,2002,2025
07014000,15,15,15,1.0,2011,2025
07056515,17,15,9,0.88,1999,2015
07099400,17,15,8,0.88,2009,2025
07164500,18,15,9,0.83,2006,2023
07191222,19,15,8,0.79,2005,2023
07312100,17,15,7,0.88,1995,2011
08086212,41,15,2,0.37,1985,2025
11173510,15,15,15,1.0,2009,2023
11179000,18,15,15,0.83,2006,2023
11273400,17,15,13,0.88,2009,2025
11276900,18,15,9,0.83,2006,2023
11455780,19,15,10,0.79,1998,2016
12113390,30,15,12,0.5,1996,2025
12137290,16,15,13,0.94,2010,2025
14144900,16,15,15,0.94,2010,2025
14147500,16,15,8,0.94,2010,2025
14150290,16,15,15,0.94,2010,2025
14158100,15,15,15,1.0,2011,2025
14337870,16,15,14,0.94,1985,2000
15266300,27,15,12,0.56,1999,2025
15283700,15,15,15,1.0,2011,2025
01573695,14,14,14,1.0,2012,2025
02087182,16,14,8,0.88,2010,2025
0212880025,15,14,14,0.93,2011,2025
02162035,15,14,14,0.93,2011,2025
02310689,14,14,14,1.0,2012,2025
02334652,16,14,10,0.88,2010,2025
02394000,21,14,11,0.67,2005,2025
02450250,14,14,14,1.0,2012,2025
03028000,14,14,14,1.0,2012,2025
03086500,15,14,7,0.93,2011,2025
03090500,16,14,10,0.88,2010,2025
03092090,14,14,14,1.0,2012,2025
03102950,15,14,10,0.93,2011,2025
04024000,15,14,8,0.93,2011,2025
04027000,15,14,9,0.93,2011,2025
07120500,14,14,14,1.0,2012,2025
0728875070,17,14,10,0.82,2002,2018
08069500,15,14,8,0.93,2010,2024
08211503,16,14,11,0.88,2004,2019
09352900,14,14,14,1.0,2012,2025
11046050,17,14,7,0.82,1994,2010
11173200,15,14,14,0.93,2009,2023
11173500,15,14,14,0.93,2009,2023
11173575,16,14,12,0.88,2008,2023
11274790,16,14,8,0.88,2007,2022
11463682,17,14,14,0.82,2009,2025
12101100,16,14,7,0.88,2010,2025
13331500,41,14,12,0.34,1985,2025
14161500,14,14,14,1.0,2012,2025
15292700,14,14,14,1.0,2012,2025
15302250,16,14,9,0.88,2007,2022
402114105350101,24,14,13,0.58,2002,2025
452230122512201,25,14,7,0.56,2001,2025
01545600,13,13,13,1.0,2012,2024
015765195,13,13,13,1.0,2013,2025
02137727,13,13,13,1.0,2013,2025
02171920,13,13,13,1.0,2013,2025
02176930,16,13,4,0.81,2010,2025
02188100,15,13,6,0.87,2011,2025
02193900,15,13,7,0.87,2011,2025
03066000,13,13,13,1.0,2013,2025
03490000,14,13,7,0.93,2012,2025
06623800,14,13,11,0.93,2012,2025
06893060,14,13,12,0.93,2012,2025
08067215,22,13,9,0.59,2003,2024
08123800,27,13,7,0.48,1985,2011
10249300,14,13,11,0.93,2012,2025
11181360,17,13,9,0.76,1990,2006
11277300,18,13,5,0.72,2006,2023
11455820,18,13,6,0.72,1999,2016
12100490,16,13,7,0.81,2010,2025
12413360,14,13,11,0.93,2000,2013
13018300,14,13,11,0.93,2012,2025
14019240,13,13,13,1.0,2010,2022
14335072,14,13,13,0.93,2012,2025
15085100,16,13,5,0.81,2004,2019
01091000,14,12,9,0.86,2012,2025
01193500,35,12,4,0.34,1985,2019
01596500,13,12,11,0.92,2013,2025
02111000,13,12,6,0.92,2013,2025
02310690,20,12,6,0.6,2006,2025
03238745,16,12,8,0.75,2001,2016
03302050,17,12,10,0.71,2009,2025
04043150,12,12,12,1.0,2002,2013
04043275,12,12,12,1.0,2005,2016
04059500,14,12,9,0.86,2011,2024
06893970,14,12,7,0.86,2006,2019
08052745,15,12,10,0.8,2010,2024
08057055,14,12,7,0.86,2001,2014
11206820,12,12,12,1.0,2014,2025
11278000,18,12,5,0.67,2006,2023
11425500,22,12,9,0.55,1996,2017
12058800,14,12,7,0.86,1993,2006
12438000,13,12,12,0.92,2013,2025
12447390,14,12,8,0.86,2012,2025
13168500,19,12,12,0.63,1997,2015
13341000,13,12,8,0.92,2010,2022
14154500,17,12,9,0.71,2009,2025
14337830,18,12,5,0.67,1986,2003
14338100,13,12,10,0.92,1988,2000
15294005,41,12,11,0.29,1985,2025
15300300,12,12,12,1.0,2014,2025
15302200,17,12,5,0.71,2006,2022
01095434,14,11,4,0.79,2012,2025
0214267602,11,11,11,1.0,2015,2025
02313700,23,11,7,0.48,2003,2025
02385800,18,11,8,0.61,2005,2022
02479155,40,11,8,0.28,1986,2025
03022540,13,11,9,0.85,2013,2025
06101630,11,11,11,1.0,2015,2025
06893620,12,11,11,0.92,2012,2023
08067100,21,11,8,0.52,2004,2024
08068000,11,11,11,1.0,2014,2024
11125600,14,11,9,0.79,2002,2015
11492200,20,11,3,0.55,1985,2004
14034470,17,11,8,0.65,2009,2025
14335075,16,11,5,0.69,1985,2000
15129500,11,11,11,1.0,2015,2025
15290000,11,11,11,1.0,2015,2025
15302000,12,11,9,0.92,2014,2025
295524095072701,11,11,11,1.0,2014,2024
01472157,27,10,9,0.37,1999,2025
0157155014,12,10,10,0.83,1996,2007
01571820,12,10,10,0.83,1996,2007
02038850,11,10,9,0.91,2015,2025
0214244102,10,10,10,1.0,2016,2025
021474095,10,10,10,1.0,2016,2025
02322800,10,10,10,1.0,2016,2025
02334654,10,10,10,1.0,2016,2025
02338523,11,10,9,0.91,2015,2025
02394682,10,10,10,1.0,2016,2025
03119341,11,10,10,0.91,2015,2025
03119979,11,10,10,0.91,2015,2025
03120820,11,10,10,0.91,2015,2025
03120869,11,10,10,0.91,2015,2025
03125338,11,10,10,0.91,2015,2025
03126395,11,10,10,0.91,2015,2025
03127980,11,10,10,0.91,2015,2025
03604000,12,10,5,0.83,2014,2025
06768000,22,10,4,0.45,2004,2025
07288847,15,10,8,0.67,2010,2024
07308500,17,10,4,0.59,1995,2011
08074000,14,10,4,0.71,1987,2000
09361500,10,10,10,1.0,2016,2025
10336660,11,10,8,0.91,2015,2025
12098700,15,10,3,0.67,2010,2024
12447302,13,10,9,0.77,2013,2025
13211210,10,10,10,1.0,2016,2025
13343000,10,10,10,1.0,2009,2018
14203500,10,10,10,1.0,2016,2025
14205400,18,10,8,0.56,2003,2020
14337800,14,10,4,0.71,1985,1998
15300250,11,10,7,0.91,2006,2016
15493000,12,10,8,0.83,2014,2025
15803000,16,10,6,0.62,2006,2021
16618000,14,10,9,0.71,2012,2025
02129375,9,9,9,1.0,2017,2025
02138520,11,9,8,0.82,2015,2025
0214264790,10,9,9,0.9,2016,2025
02147310,10,9,9,0.9,2016,2025
02172002,22,9,6,0.41,2004,2025
021720508,10,9,9,0.9,2016,2025
02310740,10,9,9,0.9,2016,2025
02313274,9,9,9,1.0,2005,2013
02315550,9,9,9,1.0,2017,2025
02322700,9,9,9,1.0,2017,2025
02343805,9,9,9,1.0,2017,2025
02357150,9,9,9,1.0,2017,2025
03017500,14,9,6,0.64,2012,2025
03069500,14,9,9,0.64,2012,2025
03119971,11,9,9,0.82,2015,2025
03127986,11,9,6,0.82,2015,2025
03127989,11,9,9,0.82,2015,2025
03140900,11,9,8,0.82,2015,2025
03140950,11,9,8,0.82,2015,2025
03238772,16,9,7,0.56,2001,2016
06893830,9,9,9,1.0,2009,2017
06893890,11,9,7,0.82,2010,2020
08052700,15,9,5,0.6,2010,2024
08067074,10,9,9,0.9,2012,2021
10313400,20,9,3,0.45,1992,2011
10336645,11,9,7,0.82,2015,2025
11172945,15,9,5,0.6,2009,2023
11254000,9,9,9,1.0,2013,2021
11355500,10,9,8,0.9,2016,2025
11421000,14,9,5,0.64,1990,2003
12101102,10,9,9,0.9,2016,2025
12147470,10,9,6,0.9,2016,2025
12179900,9,9,9,1.0,2017,2025
12182500,9,9,9,1.0,2017,2025
12186000,9,9,9,1.0,2017,2025
12450480,12,9,8,0.75,2014,2025
13038500,11,9,6,0.82,2005,2015
13211205,10,9,5,0.9,2016,2025
14152500,41,9,6,0.22,1985,2025
14158740,9,9,9,1.0,2017,2025
14201300,12,9,8,0.75,1993,2004
15200280,12,9,8,0.75,2014,2025
453113123003501,11,9,7,0.82,2001,2011
01073319,16,8,6,0.5,2008,2023
01470779,8,8,8,1.0,2018,2025
01470960,8,8,8,1.0,2018,2025
0157155010,11,8,6,0.73,1997,2007
02141500,9,8,8,0.89,2017,2025
0214196125,9,8,6,0.89,2017,2025
02145910,8,8,8,1.0,2018,2025
02147505,10,8,6,0.8,2016,2025
02205522,9,8,8,0.89,2006,2014
02208130,9,8,8,0.89,2006,2014
02310743,9,8,8,0.89,2017,2025
02335400,8,8,8,1.0,2018,2025
02335405,8,8,8,1.0,2018,2025
02335815,19,8,4,0.42,2004,2022
02356000,9,8,8,0.89,2017,2025
03120961,11,8,4,0.73,2015,2025
03140853,11,8,5,0.73,2015,2025
03544970,9,8,6,0.89,2012,2020
05057200,21,8,6,0.38,1997,2017
07311900,18,8,2,0.44,1997,2014
07316000,13,8,5,0.62,1997,2009
07332622,16,8,5,0.5,2009,2024
08068275,17,8,2,0.47,1999,2015
08159200,8,8,8,1.0,1987,1994
09363500,9,8,7,0.89,2016,2024
10336676,11,8,4,0.73,2015,2025
11046072,8,8,8,1.0,2003,2010
11046372,8,8,8,1.0,2003,2010
12173500,8,8,8,1.0,2018,2025
12189500,9,8,8,0.89,2017,2025
14158500,9,8,8,0.89,2017,2025
14158790,9,8,8,0.89,2017,2025
14158798,9,8,8,0.89,2017,2025
14164550,9,8,8,0.89,2017,2025
15236900,9,8,8,0.89,2016,2024
15272380,9,8,6,0.89,2003,2011
15284000,11,8,8,0.73,2015,2025
15484000,11,8,5,0.73,2015,2025
294643095035200,9,8,8,0.89,2016,2024
430834108423201,8,8,8,1.0,2010,2017
01022500,22,7,2,0.32,2004,2025
01093852,8,7,7,0.88,2016,2023
01170100,9,7,7,0.78,2016,2024
01419500,8,7,7,0.88,2018,2025
01434025,7,7,7,1.0,2019,2025
01449800,8,7,4,0.88,2018,2025
01471875,7,7,7,1.0,2019,2025
01473000,7,7,7,1.0,2019,2025
01473169,7,7,7,1.0,2019,2025
01571778,8,7,7,0.88,2000,2007
0217206962,10,7,7,0.7,2016,2025
021720825,9,7,7,0.78,2017,2025
02327100,8,7,4,0.88,2018,2025
02335700,7,7,7,1.0,2016,2022
02358000,9,7,3,0.78,2017,2025
02388975,8,7,7,0.88,2018,2025
02388985,8,7,7,0.88,2018,2025
06043120,7,7,7,1.0,2019,2025
06714215,7,7,7,1.0,2019,2025
06888990,7,7,7,1.0,2019,2025
07312200,7,7,7,1.0,1996,2002
08057000,9,7,3,0.78,2016,2024
11046102,8,7,5,0.88,2003,2010
11458370,7,7,7,1.0,1999,2005
11510700,7,7,7,1.0,2019,2025
12114500,7,7,7,1.0,2019,2025
12115500,7,7,7,1.0,2019,2025
12116100,7,7,7,1.0,2019,2025
12116400,7,7,7,1.0,2019,2025
12117500,7,7,7,1.0,2019,2025
12172000,8,7,7,0.88,2018,2025
14164700,9,7,6,0.78,2017,2025
14202650,16,7,6,0.44,2010,2025
14206241,7,7,7,1.0,2019,2025
14321000,41,7,3,0.17,1985,2025
340841090134701,8,7,6,0.88,2017,2024
01413500,6,6,6,1.0,2019,2024
01434021,6,6,6,1.0,2020,2025
01440400,6,6,6,1.0,2020,2025
01457500,7,6,3,0.86,2019,2025
01480629,6,6,6,1.0,2020,2025
01576007,6,6,6,1.0,2020,2025
02171639,6,6,6,1.0,2001,2006
02172100,20,6,4,0.3,1993,2012
02205000,6,6,6,1.0,2020,2025
02298488,6,6,6,1.0,2006,2011
02298530,6,6,6,1.0,2006,2011
02358795,9,6,3,0.67,2017,2025
03057300,8,6,3,0.75,2018,2025
03433641,6,6,6,1.0,2004,2009
04043140,6,6,6,1.0,2008,2013
05056000,6,6,6,1.0,2006,2011
05412500,14,6,3,0.43,2012,2025
05595000,6,6,6,1.0,2016,2021
07049050,6,6,6,1.0,2016,2021
07178000,7,6,6,0.86,2000,2006
07331000,13,6,2,0.46,1997,2009
08057410,10,6,4,0.6,2015,2024
08074598,6,6,6,1.0,1992,1997
08086290,41,6,2,0.15,1985,2025
09211200,6,6,6,1.0,2020,2025
11046252,8,6,3,0.75,2003,2010
11526400,6,6,6,1.0,2020,2025
12117000,7,6,3,0.86,2019,2025
12209000,7,6,6,0.86,2002,2008
13338500,11,6,4,0.55,1998,2008
15908000,12,6,6,0.5,2014,2025
294300098080001,10,6,4,0.6,2013,2022
01414500,5,5,5,1.0,2020,2024
01415000,5,5,5,1.0,2020,2024
01415460,5,5,5,1.0,2020,2024
0143400680,6,5,5,0.83,2020,2025
01434017,5,5,5,1.0,2020,2024
01439500,5,5,5,1.0,2020,2024
01484100,6,5,5,0.83,2020,2025
01575900,5,5,5,1.0,2021,2025
02059485,5,5,5,1.0,2007,2011
02146409,6,5,4,0.83,1999,2004
02171500,21,5,4,0.24,2005,2025
02298554,6,5,5,0.83,2006,2011
02310750,5,5,5,1.0,2021,2025
02389150,8,5,3,0.62,2018,2025
03158200,7,5,3,0.71,2000,2006
03187500,29,5,4,0.17,1997,2025
03193000,6,5,5,0.83,2020,2025
03194700,6,5,5,0.83,2020,2025
03250322,6,5,3,0.83,2020,2025
04085119,18,5,3,0.28,1991,2008
05451210,6,5,3,0.83,2006,2011
06178500,5,5,5,1.0,2021,2025
06889160,6,5,5,0.83,2020,2025
07030392,14,5,4,0.36,1997,2010
08136500,11,5,4,0.45,2001,2011
09209400,5,5,5,1.0,2015,2019
10339419,6,5,3,0.83,1993,1998
10345490,5,5,5,1.0,2002,2006
10351650,9,5,3,0.56,1993,2001
11046082,8,5,3,0.62,2003,2010
11525854,6,5,3,0.83,2020,2025
12354000,7,5,5,0.71,1985,1991
14070615,8,5,4,0.62,2018,2025
14173500,40,5,2,0.12,1986,2025
14183020,5,5,5,1.0,2021,2025
14202000,33,5,4,0.15,1993,2025
14205350,6,5,5,0.83,2020,2025
15896000,9,5,3,0.56,2014,2022
421134110094701,5,5,5,1.0,2015,2019
01037380,5,4,3,0.8,2011,2015
01364959,4,4,4,1.0,2021,2024
01423000,7,4,3,0.57,2019,2025
01487000,5,4,3,0.8,2007,2011
015765185,5,4,2,0.8,2013,2017
02061000,5,4,3,0.8,2007,2011
02172081,9,4,4,0.44,1995,2003
02292010,4,4,4,1.0,2021,2024
02314500,5,4,4,0.8,2016,2020
02392000,10,4,1,0.4,2014,2023
03121850,5,4,2,0.8,2009,2013
06227600,8,4,3,0.5,2010,2017
06329597,9,4,2,0.44,2006,2014
06784000,4,4,4,1.0,2015,2018
06893500,5,4,4,0.8,2006,2010
06893562,5,4,4,0.8,2006,2010
07099971,5,4,3,0.8,2021,2025
07312130,5,4,3,0.8,1998,2002
09065500,4,4,4,1.0,2022,2025
10336580,6,4,3,0.67,1998,2003
11172955,8,4,3,0.5,2016,2023
11335000,14,4,2,0.29,2002,2015
12178100,4,4,4,1.0,2018,2021
12206900,4,4,4,1.0,2008,2011
13011900,4,4,4,1.0,2022,2025
13012475,5,4,4,0.8,2019,2023
13342450,6,4,2,0.67,1998,2003
14162050,4,4,4,1.0,2022,2025
14181900,18,4,2,0.22,2008,2025
295858097521801,14,4,2,0.29,2000,2013
01031500,29,3,1,0.1,1987,2015
01573208,3,3,3,1.0,2023,2025
02171560,4,3,3,0.75,2022,2025
02172080,4,3,3,0.75,2001,2004
02298495,6,3,3,0.5,2006,2011
02313000,6,3,2,0.5,1987,1992
0344894205,3,3,3,1.0,2023,2025
03455500,3,3,3,1.0,2023,2025
03526000,3,3,3,1.0,1996,1998
04123500,5,3,3,0.6,2021,2025
05314510,3,3,3,1.0,2006,2008
06853500,7,3,2,0.43,2019,2025
06934000,4,3,3,0.75,2017,2020
07299890,8,3,2,0.38,1997,2004
07332390,4,3,3,0.75,2004,2007
08067071,3,3,3,1.0,2008,2010
08169000,3,3,3,1.0,1996,1998
09066200,3,3,3,1.0,2023,2025
09066300,3,3,3,1.0,2023,2025
09107000,4,3,3,0.75,2022,2025
11474500,4,3,3,0.75,2002,2005
13011500,3,3,3,1.0,2023,2025
14206752,3,3,3,1.0,2023,2025
14301500,4,3,3,0.75,2011,2014
14302480,15,3,3,0.2,2011,2025
14305500,41,3,2,0.07,1985,2025
15291000,3,3,3,1.0,2012,2014
293424098134701,4,3,3,0.75,2009,2012
313430097113801,3,3,3,1.0,2006,2008
01100568,2,2,2,1.0,2023,2024
01120790,2,2,2,1.0,2016,2017
01187300,3,2,2,0.67,2016,2018
01200600,18,2,2,0.11,1998,2015
01440000,25,2,2,0.08,2000,2024
01467689,3,2,2,0.67,2008,2010
01467752,3,2,2,0.67,2008,2010
01467861,3,2,2,0.67,2008,2010
01480685,2,2,2,1.0,1985,1986
01573684,2,2,2,1.0,2024,2025
01576381,2,2,2,1.0,2024,2025
01576516,2,2,2,1.0,2016,2017
01576540,2,2,2,1.0,1993,1994
02013000,2,2,2,1.0,2007,2008
02014000,2,2,2,1.0,2007,2008
02015700,2,2,2,1.0,2007,2008
02016000,2,2,2,1.0,2007,2008
02017500,2,2,2,1.0,2007,2008
02018000,2,2,2,1.0,2007,2008
02032640,2,2,2,1.0,2007,2008
02053800,2,2,2,1.0,2007,2008
02059500,2,2,2,1.0,2007,2008
02064000,2,2,2,1.0,2007,2008
02070000,2,2,2,1.0,2007,2008
02074500,2,2,2,1.0,2007,2008
02079640,2,2,2,1.0,2007,2008
021720812,2,2,2,1.0,2002,2003
021720813,3,2,2,0.67,2001,2003
021720816,3,2,2,0.67,2001,2003
021720817,2,2,2,1.0,2002,2003
02312700,3,2,2,0.67,2006,2008
02327033,2,2,2,1.0,2016,2017
02388350,2,2,2,1.0,2005,2006
02395120,2,2,2,1.0,2005,2006
02395980,2,2,2,1.0,2005,2006
02397075,2,2,2,1.0,2005,2006
02397100,2,2,2,1.0,1986,1987
03065400,7,2,2,0.29,1995,2001
03183000,2,2,2,1.0,1997,1998
03186500,2,2,2,1.0,1997,1998
03254695,6,2,1,0.33,2008,2013
04057800,3,2,2,0.67,2023,2025
06467600,3,2,2,0.67,2019,2021
06861000,6,2,2,0.33,2020,2025
07176950,2,2,2,1.0,2004,2005
07179730,2,2,2,1.0,2007,2008
07346080,4,2,1,0.5,2006,2009
08048543,2,2,2,1.0,2001,2002
08048980,2,2,2,1.0,1988,1989
08064100,3,2,2,0.67,2001,2003
08067250,2,2,2,1.0,2023,2024
08067900,2,2,2,1.0,2003,2004
08195000,2,2,2,1.0,1997,1998
09306242,5,2,1,0.4,1985,1989
11174000,15,2,2,0.13,2009,2023
11259000,10,2,2,0.2,1985,1994
11325500,2,2,2,1.0,1985,1986
11472900,4,2,1,0.5,2002,2005
12207850,4,2,1,0.5,2008,2011
12414500,4,2,2,0.5,1998,2001
14168000,2,2,2,1.0,2005,2006
14171600,2,2,2,1.0,2024,2025
14187000,2,2,2,1.0,2024,2025
14188750,41,2,1,0.05,1985,2025
14188850,2,2,2,1.0,1985,1986
14189000,3,2,2,0.67,1985,1987
14198500,2,2,2,1.0,2024,2025
14199704,2,2,2,1.0,2024,2025
14201500,2,2,2,1.0,2024,2025
14206339,2,2,2,1.0,2024,2025
142063391,2,2,2,1.0,2024,2025
14207740,3,2,2,0.67,2001,2003
14207770,2,2,2,1.0,2024,2025
15106920,4,2,1,0.5,2004,2007
15266110,3,2,2,0.67,1999,2001
380626121384701,3,2,2,0.67,2005,2007
453250122494501,2,2,2,1.0,2016,2017
453312122485800,2,2,2,1.0,2016,2017
01073389,4,1,1,0.25,2014,2017
01078000,2,1,1,0.5,2022,2023
01124000,3,1,1,0.33,2015,2017
01184000,3,1,1,0.33,2002,2004
01189999,1,1,1,1.0,1985,1985
01192500,19,1,1,0.05,1999,2017
01362200,1,1,1,1.0,2025,2025
0136230002,1,1,1,1.0,2025,2025
01467688,3,1,1,0.33,2008,2010
01470736,1,1,1,1.0,2025,2025
014721259,1,1,1,1.0,2010,2010
01480878,1,1,1,1.0,1998,1998
01571774,1,1,1,1.0,1999,1999
01573095,2,1,1,0.5,1994,1995
01576000,3,1,1,0.33,2015,2017
02051500,3,1,1,0.33,2007,2009
02065500,1,1,1,1.0,2007,2007
02085220,1,1,1,1.0,1985,1985
021720696,1,1,1,1.0,2004,2004
02195520,1,1,1,1.0,2025,2025
021963601,1,1,1,1.0,2025,2025
02397080,2,1,1,0.5,1986,1987
03011800,2,1,1,0.5,2012,2013
03198350,2,1,1,0.5,1997,1998
03357330,2,1,1,0.5,2002,2003
04296000,1,1,1,1.0,2023,2023
06209500,2,1,1,0.5,2001,2002
06224000,2,1,1,0.5,2024,2025
07285400,3,1,1,0.33,1985,1987
07301500,6,1,1,0.17,2003,2008
07336820,2,1,1,0.5,2007,2008
08048970,1,1,1,1.0,1990,1990
08049553,1,1,1,1.0,2003,2003
08049556,1,1,1,1.0,2003,2003
08049566,1,1,1,1.0,2003,2003
08049569,1,1,1,1.0,2003,2003
08074600,1,1,1,1.0,1991,1991
08075500,3,1,1,0.33,1995,1997
08086400,1,1,1,1.0,2023,2023
08106500,1,1,1,1.0,1996,1996
08171000,2,1,1,0.5,1997,1998
09066000,1,1,1,1.0,2025,2025
09306007,1,1,1,1.0,1985,1985
10243260,1,1,1,1.0,2004,2004
11172175,2,1,1,0.5,2022,2023
12037400,2,1,1,0.5,1985,1986
12039518,2,1,1,0.5,2016,2017
12448000,1,1,1,1.0,2002,2002
12448500,1,1,1,1.0,2002,2002
12488500,1,1,1,1.0,2006,2006
13185000,8,1,1,0.12,1997,2004
13235000,8,1,1,0.12,1998,2005
13313000,4,1,1,0.25,1998,2001
14142500,19,1,1,0.05,2007,2025
14150300,3,1,1,0.33,1985,1987
14166500,1,1,1,1.0,2025,2025
14190610,1,1,1,1.0,2025,2025
14200000,2,1,1,0.5,2024,2025
14201340,1,1,1,1.0,2025,2025
14210750,1,1,1,1.0,2025,2025
14306500,1,1,1,1.0,2025,2025
14307605,1,1,1,1.0,2025,2025
14307620,1,1,1,1.0,2025,2025
14322810,1,1,1,1.0,2025,2025
14400000,2,1,1,0.5,2024,2025
15106980,2,1,1,0.5,1986,1987
15274000,2,1,1,0.5,2000,2001
16508000,1,1,1,1.0,2003,2003
295314097565701,1,1,1,1.0,2010,2010
295322097561000,2,1,1,0.5,2009,2010
295443097554201,1,1,1,1.0,2009,2009
380625121384302,3,1,1,0.33,2005,2007
453104122551201,3,1,1,0.33,2001,2003
453302122491600,2,1,1,0.5,2016,2017
01192704,1,0,0,0.0,1997,1997
01460880,1,0,0,0.0,2000,2000
01471667,1,0,0,0.0,2000,2000
014721254,1,0,0,0.0,2010,2010
014806318,1,0,0,0.0,1998,1998
01480775,1,0,0,0.0,2000,2000
01572025,1,0,0,0.0,2000,2000
021968385,2,0,0,0.0,2021,2022
02296500,1,0,0,0.0,2005,2005
04126970,1,0,0,0.0,1998,1998
05062500,1,0,0,0.0,2006,2006
07332620,13,0,0,0.0,2007,2019
07346020,2,0,0,0.0,2003,2004
07346047,3,0,0,0.0,2003,2005
07346048,3,0,0,0.0,2003,2005
07346055,3,0,0,0.0,2003,2005
07346085,3,0,0,0.0,2003,2005
07346095,3,0,0,0.0,2003,2005
08017190,2,0,0,0.0,2003,2004
08020820,2,0,0,0.0,2003,2004
08021600,3,0,0,0.0,2003,2005
08022100,3,0,0,0.0,2003,2005
08029760,23,0,0,0.0,2003,2025
08041540,2,0,0,0.0,2003,2004
08049565,1,0,0,0.0,2003,2003
08059570,2,0,0,0.0,2003,2004
08073898,2,0,0,0.0,2003,2004
08074540,2,0,0,0.0,2003,2004
08076005,2,0,0,0.0,2003,2004
08109300,2,0,0,0.0,2003,2004
08110075,2,0,0,0.0,2003,2004
08111060,2,0,0,0.0,2003,2004
08111062,2,0,0,0.0,2003,2004
08111570,2,0,0,0.0,2003,2004
08168909,1,0,0,0.0,1996,1996
11153000,2,0,0,0.0,2022,2023
11170450,1,0,0,0.0,2023,2023
11171500,1,0,0,0.0,2023,2023
11181040,1,0,0,0.0,1993,1993
12358500,1,0,0,0.0,2025,2025
12359800,1,0,0,0.0,2025,2025
14020000,1,0,0,0.0,2025,2025
14120000,1,0,0,0.0,2025,2025
142063398,2,0,0,0.0,2024,2025
14301000,1,0,0,0.0,2025,2025
14302020,1,0,0,0.0,2025,2025
14303600,41,0,0,0.0,1985,2025
293102098185201,2,0,0,0.0,1997,1998
380626121384702,3,0,0,0.0,2005,2007
453320122483701,2,0,0,0.0,2016,2017
