dam_id,site_no,tag,dist_km,elev_judge,span_yr
1831,0212880025,downstream,0.13,above,15.0
1790,0214244102,downstream,0.15,above,10.0
204,11299997,downstream,0.3,unknown_alt,51.0
1042,07060000,downstream,0.32,unknown_alt,14.0
774,05058000,downstream,0.37,above,29.0
1026,07053450,downstream,0.39,above,26.0
1782,02087182,downstream,0.44,below,17.0
83,14186200,downstream,0.47,below,19.0
364,06038500,downstream,0.51,above,17.0
1842,02147310,unknown,0.55,below,10.0
72,14202980,downstream,0.58,below,24.0
1791,02138520,downstream,0.59,above,11.0
1809,0214267602,downstream,0.63,above,11.0
998,07130500,downstream,0.7,above,57.0
1585,01449800,downstream,0.79,above,9.0
1910,023432415,downstream,0.81,below,16.0
1761,02079500,unknown,0.82,below,23.0
1654,03359000,unknown,0.87,below,33.0
99,14153500,downstream,0.89,above,25.0
182,11446220,downstream,0.96,below,25.0
1814,0212378405,downstream,0.96,above,15.0
1916,02358000,unknown,1.03,below,9.0
1592,03327000,unknown,1.05,below,24.0
216,11174000,unknown,1.07,below,15.0
1827,02145910,downstream,1.07,above,8.0
554,11277300,downstream,1.24,above,17.0
88,14162200,downstream,1.31,above,60.0
1862,02394000,downstream,1.38,above,21.0
969,06893890,downstream,1.45,above,11.0
423,09211200,downstream,1.54,above,6.0
1615,01470960,downstream,1.54,below,9.0
219,11173510,downstream,1.56,above,16.0
92,14151000,downstream,1.57,above,75.0
88,14162050,downstream,1.61,unknown_alt,5.0
1036,07054527,downstream,2.42,unknown_alt,34.0
595,11251000,downstream,2.79,above,22.0
1863,02334480,downstream,3.16,above,25.0
216,11173575,downstream,3.6,below,24.0
1297,08155500,unknown,3.81,below,23.0
1300,295554095093401,unknown,3.82,below,6.0
1300,295554095093402,unknown,3.82,below,10.0
72,452731123092100,unknown,3.85,below,6.0
219,11172955,downstream,3.96,above,8.0
487,09014050,downstream,4.17,above,16.0
204,11302000,downstream,4.24,unknown_alt,57.0
219,11172945,downstream,4.44,above,15.0
969,06893820,downstream,4.49,above,17.0
210,11289650,downstream,4.54,below,53.0
995,07120480,downstream,4.71,above,11.0
1842,021474095,downstream,5.01,below,10.0
2183,422302071083801,unknown,5.48,below,21.0
1188,08049500,unknown,5.93,below,49.0
1300,295826095082200,unknown,5.97,below,16.0
1842,02147505,downstream,7.02,above,10.0
41,12173500,downstream,7.13,above,8.0
59,12101100,unknown,7.15,below,16.0
107,14337830,downstream,7.16,unknown_alt,17.0
1863,02334578,downstream,7.19,above,25.0
59,12101102,unknown,7.38,below,10.0
72,453040123065201,unknown,7.7,below,25.0
2180,01095434,unknown,8.18,below,14.0
2180,01095220,unknown,8.38,below,28.0
7308,02188100,upstream,8.56,below,16.0
1184,08048000,unknown,8.61,below,15.0
974,06893500,downstream,8.95,above,5.0
2183,01104480,downstream,9.21,below,15.0
2183,01104475,unknown,9.42,below,23.0
1261,08065350,unknown,9.52,below,49.0
59,12100490,unknown,9.87,below,16.0
969,06894000,downstream,10.06,above,21.0
2183,01104460,unknown,10.1,below,29.0
2183,01104455,unknown,10.23,below,24.0
182,11446500,unknown,10.39,below,63.0
1595,03120869,unknown,10.55,below,11.0
554,11278400,downstream,11.01,above,17.0
987,07099971,downstream,11.09,above,5.0
80,14178000,downstream,11.68,above,75.0
2180,01095375,unknown,11.82,below,29.0
80,14180300,downstream,11.84,above,28.0
2183,01104430,downstream,11.87,below,29.0
554,11276900,downstream,11.88,above,17.0
1615,01470779,unknown,12.12,below,9.0
456,10133650,downstream,12.16,above,16.0
2183,01104370,unknown,12.27,below,16.0
1188,08057000,unknown,12.41,below,11.0
2183,01104420,unknown,12.53,below,14.0
1595,03120961,unknown,12.83,below,11.0
1595,03120820,unknown,13.29,below,11.0
92,14152000,unknown,13.44,below,73.0
2183,01104415,unknown,14.05,below,29.0
107,14330000,downstream,14.23,above,58.0
346,14019240,downstream,14.47,above,13.0
100,14148000,downstream,15.2,above,76.0
1317,08211200,downstream,15.26,below,18.0
1188,08057055,downstream,15.27,below,15.0
72,453113123003501,unknown,15.57,below,11.0
55,12114500,downstream,15.87,above,8.0
1300,08067074,unknown,15.94,below,9.0
1295,08068000,unknown,16.49,below,10.0
72,14206241,unknown,16.53,below,7.0
1595,03119979,unknown,16.72,below,11.0
1151,08052700,unknown,16.89,below,15.0
1300,08069500,unknown,16.91,below,14.0
1890,02172020,unknown,17.04,below,51.0
1300,294643095035200,upstream,17.11,below,8.0
1217,08123800,unknown,17.86,below,31.0
1164,08052745,unknown,18.12,below,15.0
92,14164700,unknown,18.31,below,9.0
1302,294300098080001,unknown,18.67,below,11.0
1699,03194700,downstream,18.82,above,6.0
56,12117600,downstream,18.84,above,25.0
1595,03119971,unknown,19.01,below,11.0
1219,08022040,unknown,19.05,below,12.0
497,09041400,downstream,19.5,above,31.0
1179,08086212,downstream,19.61,above,44.0
1188,08057410,downstream,19.62,below,10.0
1088,07299890,downstream,20.04,above,7.0
1295,08068400,unknown,20.25,below,16.0
182,11446700,unknown,20.26,below,23.0
1890,02172040,unknown,20.79,below,40.0
2158,01091000,unknown,21.1,below,13.0
1890,02172050,unknown,21.2,below,43.0
1890,02171639,unknown,21.64,below,6.0
1202,08405200,downstream,21.9,above,14.0
1691,03058000,downstream,22.08,above,27.0
1890,02171645,unknown,22.17,below,20.0
1242,08407500,downstream,22.33,above,15.0
1709,03191982,downstream,22.97,above,6.0
42,12179900,downstream,23.25,above,10.0
89,14158740,downstream,24.08,unknown_alt,10.0
1595,03119341,upstream,24.18,below,11.0
1916,02357150,unknown,24.37,below,9.0
1300,08074710,unknown,24.4,below,19.0
180,11467000,unknown,24.48,below,62.0
1300,08070200,unknown,24.99,below,29.0
54,12056500,downstream,25.08,above,37.0
1615,01471875,unknown,25.22,below,8.0
1592,03324500,unknown,25.3,below,24.0
2186,01173000,unknown,25.47,below,8.0
182,11446980,downstream,25.69,below,25.0
203,11303000,unknown,25.73,below,38.0
1220,08062500,unknown,26.0,below,49.0
1585,01447720,downstream,26.3,above,46.0
72,14205350,upstream,26.4,below,6.0
1890,021720508,upstream,26.46,below,10.0
72,453004122510301,unknown,27.27,below,24.0
1217,08123850,upstream,27.32,below,43.0
1300,08074598,unknown,27.7,below,5.0
1916,02358795,downstream,27.8,unknown_alt,9.0
1295,08068275,unknown,27.86,below,16.0
72,14197900,unknown,28.15,below,25.0
1185,08090800,unknown,29.13,below,9.0
111,11510700,downstream,29.17,above,8.0
1317,08211503,unknown,29.2,below,15.0
1585,01447800,downstream,29.47,above,39.0
1890,02172053,unknown,29.48,below,43.0
1153,07337000,unknown,29.51,below,29.0
54,12058800,downstream,29.74,unknown_alt,13.0
42,12181000,unknown,29.82,below,40.0
1864,340841090134701,unknown,29.94,below,9.0
1864,07280010,unknown,29.98,below,9.0
778,04024000,,30.04,,
1595,03086500,,30.09,,
1295,08068500,,30.4,,
1924,02310678,,31.56,,
1300,08074000,,32.02,,
203,11290000,,32.25,,
59,12119000,,32.52,,
1156,0728875070,,33.87,,
1916,02356000,,35.35,,
72,14206950,,35.6,,
1863,02335815,,35.82,,
294,12447302,,36.74,,
1615,01571820,,38.29,,
201,11455820,,38.61,,
182,11425500,,38.99,,
1890,021720677,,39.11,,
85,14184100,,40.29,,
338,13342500,,41.32,,
1910,02343805,,42.27,,
1654,03354000,,44.13,,
1092,07263296,,44.18,,
42,12189500,,45.6,,
1852,02162035,,46.78,,
2158,01073319,,47.2,,
654,11046050,,48.44,,
311,12438000,,48.65,,
1862,02397000,,48.92,,
1297,08159200,,49.62,,
152,11390500,,52.09,,
99,14320934,,53.07,,
78,14210000,,53.72,,
592,11254000,,55.36,,
1842,02160991,,55.45,,
223,11273400,,56.77,,
107,11492200,,58.26,,
648,11046372,,58.33,,
