site_no,is_tail,span,trend_hw,trend_MWMT7,air_trend,w_minus_a
01095220,1,28,0.5811403508771931,0.03599999999999994,,
01095375,1,29,0.2857142857142857,0.08864253393665164,,
01104405,0,29,0.0,,,
01104410,0,29,0.0,,,
01104415,1,29,0.0,,,
01104430,1,29,0.4494949494949495,0.10690476190476181,,
01104453,0,20,0.0,,,
01104455,1,24,1.0,0.16442857142857165,,
01104460,1,29,0.5108695652173914,,,
01104475,1,23,0.1111111111111111,0.05600000000000023,,
01447720,1,41,0.0,,,
01447800,1,38,0.0,,,
01449360,0,41,0.0,,,
01472157,0,28,0.0,,,
01480400,0,30,0.14285714285714285,0.10111111111111112,,
01480500,0,31,0.0,0.03000000000000015,,
01480617,0,41,-0.3771551724137931,-0.053137254901960765,,
01480870,0,41,0.0,-0.003779761904761935,,
02072000,0,20,0.0,,,
02072500,0,20,0.0,,,
02079500,1,23,0.9523809523809523,0.07649999999999987,,
02148000,0,36,0.0,,,
02148315,0,30,0.26785714285714285,0.04208333333333354,-0.02711966604823767,0.0692029993815712
02160991,1,41,0.782608695652174,0.04120000000000004,,
02168500,0,33,0.0,-0.16250000000000014,-0.010687748783724079,-0.15181225121627606
02168504,0,37,-0.18333333333333335,-0.0726679841897234,,
02169000,0,38,-0.3684210526315789,-0.04359999999999999,,
02171645,1,20,1.25,0.07678571428571443,,
02172002,0,22,1.0,,,
02172020,1,41,0.0,-0.0005606060606061482,,
02172040,1,40,0.2,0.010999999999999944,,
02172050,1,41,0.2857142857142857,0.006818181818181754,,
02172053,1,41,0.3200568990042674,0.014409722222222126,,
021720677,1,29,0.5459558823529411,0.005804195804195817,,
021720698,0,29,0.45227272727272727,0.008605769230769226,,
021720710,0,33,0.8,,,
021720869,0,22,1.0714285714285714,0.013333333333333523,,
02217274,0,25,1.0,0.043363636363636375,,
02218565,0,25,0.7255639097744361,0.03373205741626792,,
02310650,0,22,0.7857142857142857,0.03285714285714292,,
02310663,0,23,1.1176470588235294,0.07000000000000028,,
02310673,0,21,0.8452380952380952,0.055397727272727404,,
02310674,0,21,1.2321428571428572,0.030738636363636364,,
02310678,1,22,1.25,0.0117647058823529,,
02310688,0,20,0.9232954545454546,0.022249999999999926,,
02310690,0,20,0.4356060606060606,,,
02310700,0,22,0.7142857142857143,0.03142857142857177,,
02310742,0,20,1.5,0.015833333333333737,,
02310747,0,21,0.5692307692307692,0.026875000000000204,0.04801948051948063,-0.021144480519480424
02310752,0,20,1.2638888888888888,0.07100000000000044,,
02313272,0,21,0.8660714285714286,-0.008333333333333236,,
02334480,1,25,1.25625,0.08485714285714299,,
02334578,1,25,2.202020202020202,0.09666666666666682,,
02334885,0,32,1.0,,,
02335350,0,25,-0.14583333333333331,-0.06090277777777768,,
02335450,0,22,0.0,,,
02394000,1,21,0.42857142857142855,,,
02397000,1,40,0.6129032258064516,0.038124999999999964,,
03058000,1,27,1.2,,,
03271510,0,25,0.0,,0.017261904761904628,
03277450,0,36,0.0,,,
03298000,0,20,0.7638888888888888,,,
03306000,0,39,0.0,,,
03307000,0,27,0.0,,,
03323500,0,24,0.0,,,
03324500,1,24,0.0,0.12361904761904774,,
03327000,1,24,0.0,,,
03354000,1,36,0.2727272727272727,,,
03359000,1,33,0.0,,,
03373980,0,25,0.11805555555555555,-0.0130812324929971,,
03374500,0,24,0.0,,,
03400800,0,40,0.0,,,
03430200,0,23,0.23529411764705882,0.015000000000000568,,
03431083,0,23,0.6666666666666666,0.025714285714285672,,
03431091,0,30,0.7058823529411765,0.07466666666666673,,
03431514,0,30,0.47619047619047616,0.056250000000000355,,
0351706800,0,27,0.4090909090909091,0.040000000000000036,,
03597860,0,22,0.5,0.15333333333333343,0.08781954887218028,0.06551378446115315
05058000,1,29,0.0,-0.010263157894736873,,
06038800,0,31,0.0,,,
06711565,0,31,0.38461538461538464,0.03285714285714275,,
06894000,1,21,0.5,-0.03916666666666613,,
07053450,1,26,0.0,0.10999999999999979,,
07054527,1,34,0.0,-0.09238095238095244,,
07060500,0,35,0.0,-0.020000000000000122,,
07076000,0,35,0.30434782608695654,0.09615384615384616,,
07086000,0,33,0.0,0.03974999999999985,,
07097000,0,32,0.0,0.014384236453201974,,
07099969,0,30,0.0,-0.06280000000000001,,
07106500,0,36,0.0,-0.004605263157894749,,
07109500,0,36,0.0,0.027583333333333404,,
07119700,0,36,0.0,0.014142857142857146,,
07124000,0,38,0.034482758620689655,0.0074193548387096915,,
07130500,1,37,0.31666666666666665,0.044868421052631585,,
07177500,0,25,-0.4,-0.21000000000000044,-0.0708928571428572,-0.13910714285714323
07178200,0,24,0.0,-0.045333333333333316,-0.08019047619047655,0.03485714285714323
071912213,0,20,0.857843137254902,0.09833333333333319,-0.07659340659340666,0.17492673992673985
07288650,0,20,0.0,,,
07312500,0,27,0.0,,0.029142857142856825,
07337000,1,29,0.0,0.006941391941391888,,
08049500,1,41,0.20416666666666666,,,
08062500,1,40,0.5,0.04294117647058847,,
08065350,1,40,0.1830357142857143,0.009999999999999953,0.020333766233766086,-0.010333766233766133
08067100,0,22,1.1111111111111112,,0.03309523809523777,
08067118,0,32,0.3157894736842105,0.05399130434782601,0.022296113847837938,0.03169519049998807
08067215,0,23,1.1,,0.04346938775510166,
08067252,0,30,0.47058823529411764,0.007500000000000284,0.02309523809523828,-0.015595238095237995
08068500,1,26,1.5,0.13399999999999998,0.04309523809523815,0.09090476190476182
08070200,1,30,0.5,,0.030310559006211196,
08086212,1,41,0.0,0.002962962962963163,,
08123800,1,26,0.0,-0.018235294117646846,-0.009392857142857617,-0.008842436974789229
08123850,1,39,-0.045454545454545456,-0.04117647058823525,0.02888198757763992,-0.07005845816587516
08155500,1,23,2.5,0.031428571428571264,,
09041400,1,31,0.0,0.0,,
09071750,0,31,0.7307692307692307,0.05117647058823535,,
09085150,0,20,0.6237373737373737,0.044283088235294144,,
09261000,0,28,0.029411764705882353,-0.019448051948051888,,
09371520,0,33,0.31534090909090906,0.049473684210526295,,
09380000,0,36,0.44505494505494503,,,
10129900,0,25,0.0,0.05928571428571366,,
10133800,0,25,0.6672794117647058,0.023333333333333282,,
10302002,0,31,0.0,,,
10339400,0,25,-0.6076923076923078,0.05215277777777776,0.05810047095761313,-0.005947693179835366
11044000,0,27,0.42857142857142855,0.0452380952380952,,
11126000,0,32,0.0,-0.03574229691876758,,
11128500,0,29,0.0,-0.13194444444444425,,
11176900,0,21,0.0,-0.051071428571428684,-0.032896825396824925,-0.01817460317460376
11179000,0,24,0.0,,-0.009717068645640238,
11203580,0,20,1.2916666666666665,0.04225961538461552,,
11204100,0,20,0.9258241758241759,0.007944444444444462,,
11251000,1,22,0.0,0.011666666666666714,,
11261500,0,40,0.18187830687830686,,,
11262900,0,38,0.0,0.02306666666666672,0.02956734693877544,-0.006500680272108719
11274538,0,27,-0.3125,-0.1842857142857144,0.04653061224489769,-0.2308163265306121
11274550,0,30,0.10714285714285714,,,
11276500,0,34,0.038461538461538464,0.03999999999999999,0.05428571428571451,-0.014285714285714526
11276600,0,35,0.5,0.059374999999999956,0.041746031746031226,0.01762896825396873
11289650,1,39,0.0,-0.1040625,0.0115873015873015,-0.11564980158730151
11290000,1,36,0.0,,0.01968169761273211,
11299997,1,38,0.0,,0.008222789115646303,
11302000,1,38,0.0,0.0,0.01964285714285552,-0.01964285714285552
11302500,0,39,-0.23684210526315788,0.0074999999999999884,0.02205714285714265,-0.014557142857142661
11303000,1,39,0.0,,0.026153846153846416,
11303500,0,39,-0.46153846153846156,0.010769230769230812,0.029947089947089854,-0.019177859177859042
11390000,0,28,0.2863636363636364,-0.007023809523809375,,
11390500,1,39,0.0,0.05833333333333327,0.0137755102040819,0.04455782312925137
11425500,1,23,0.0,,0.007067669172932848,
11433790,0,25,0.0,0.004117647058823546,0.06437499999999927,-0.06025735294117572
11446030,0,25,0.0,0.018712121212121353,0.0636956521739129,-0.04498353096179155
11446220,1,26,0.0,0.046666666666666856,0.045510204081633025,0.0011564625850338309
11446500,1,25,0.0,0.04880952380952393,0.049561224489796524,-0.0007517006802725962
11446700,1,24,0.0,0.022333333333333392,0.0596870748299316,-0.03735374149659821
11446980,1,26,0.0,0.03263157894736848,0.05571428571428579,-0.023082706766917316
11455780,0,20,0.5050505050505051,,0.03725274725274749,
11463980,0,24,0.20526315789473684,-0.0455769230769231,,
11467000,1,24,0.1125,-0.05649122807017514,,
11468900,0,25,0.0,0.010416666666666519,,
11509370,0,35,0.7037037037037037,0.0600000000000005,,
12056500,1,36,0.0,,,
12113390,0,30,0.0,,,
12115000,0,29,0.5,0.027976190476190495,,
12116500,0,27,1.0,0.09785714285714267,,
12117600,1,25,0.6666666666666666,0.06877622377622386,,
12119000,1,34,0.4090909090909091,0.051200000000000044,,
12178000,0,25,0.35714285714285715,0.045576923076923084,,
12181000,1,39,0.0,,,
12355500,0,30,0.0,,,
12362500,0,27,0.4583333333333333,-0.03874999999999984,,
12363000,0,40,0.0,0.02500000000000006,,
12447200,0,21,1.4642857142857144,-0.020194805194805054,,
13150430,0,28,0.4660633484162896,,,
13340000,0,33,0.0,0.023611111111111152,,
13341050,0,41,-1.3138461538461539,-0.15071684587813616,,
13342500,1,41,-1.3333333333333333,-0.17199999999999996,,
14145500,0,39,0.0,,,
14148000,1,41,0.0,,,
14150000,0,39,0.0,,,
14151000,1,41,0.20526315789473684,,,
14152000,1,39,0.21395881006864986,,,
14153500,1,25,0.743421052631579,0.05634453781512611,,
14155500,0,25,0.0,0.05184659090909087,,
14159200,0,41,0.17857142857142858,,,
14159500,0,39,0.0,0.07371428571428572,,
14162200,1,40,0.0,,,
14162500,0,36,0.0,,,
14166000,0,40,0.0,,,
14169000,0,25,0.7,0.03635714285714273,,
14174000,0,25,0.5454545454545454,0.05249999999999983,,
14178000,1,40,0.2,,,
14179000,0,40,0.3125,,,
14180300,1,28,0.08514492753623187,-0.024305555555555605,,
14181500,0,39,0.0,,,
14184100,1,40,0.0,,,
14185900,0,40,0.0,,,
14187200,0,41,0.0,,,
14189050,0,25,0.3765182186234818,0.018119658119658204,,
14192015,0,26,0.0,0.023571428571428705,,
14197900,1,25,0.0,,,
14202980,1,24,1.1602564102564101,0.07700000000000007,,
14206950,1,33,0.9348739495798319,,,
14210000,1,25,1.9666666666666668,0.06032738095238081,,
14211010,0,24,1.6333333333333333,0.061388888888890096,,
14211499,0,26,0.6111111111111112,0.07391304347826085,,
14211500,0,28,1.0819397993311037,0.14633928571428578,,
14211550,0,28,0.0,-0.015773809523809388,,
14211720,0,25,1.19375,,,
14316500,0,28,0.9415584415584416,0.020312499999999966,,
14330000,1,36,0.0,-0.00454545454545453,,
14337600,0,41,0.0,0.008571428571428643,,
14338000,0,41,0.0,0.02096749226006194,,
14339000,0,41,0.0,0.0019374999999998996,,
14362000,0,41,-0.23268398268398266,-0.06675000000000017,,
14366000,0,41,-0.2692307692307692,-0.08999999999999998,,
285531082412600,0,20,1.5,0.04787878787878675,,
404417108524900,0,24,0.0,-0.05760416666666664,,
420741121554001,0,23,1.875,0.025000000000000355,,
422302071083801,1,21,-0.5357142857142857,0.10100000000000028,,
452230122512201,0,25,0.0,,,
453004122510301,1,25,0.80625,0.051086956521739474,,
453030122560101,0,22,1.6666666666666667,0.07437499999999986,,
453040123065201,1,25,0.5934065934065934,-0.0032007575757576254,,
453845121564001,0,22,0.25,0.01999999999999997,,
