site_no,beta
14145500,-0.0562766114060354
02129375,0.041337273687658466
03127986,0.5458889576089018
09136100,0.8896979036270707
09085150,1.392813974312194
03126395,0.5925141730164327
420741121554001,0.2962194073572552
021720508,0.2913160489847079
11206820,0.3932628048063438
14034470,0.37737088366088883
03127980,0.5717337163284268
03140900,0.5059647003142218
10133980,0.7837790362658681
14179000,0.2621987966413042
0214264790,0.45683829452509217
12098700,0.2788024490545765
12147470,-0.12882824524547473
294643095035200,0.3275101398566656
02335450,0.02254200531919821
13211210,-1.38469250521076
11276600,0.6004384071176622
03140853,0.749814931118593
08123850,-0.5196412205108324
11172945,0.1843690549050208
404417108524900,0.984541005096123
14158798,-0.10729019819724694
03127989,0.5042638513250934
14316500,0.2215268968286997
07099400,-0.5477431434886924
02188100,-0.9860596589180749
11509370,0.6612324394108627
11274790,0.32786351424133675
021720698,0.2737207975252033
14158790,0.10965111819068468
03373980,0.9261148595139755
09071750,1.1985567950222644
03125338,0.5797923852857594
03140950,0.3948607896350945
14150290,0.7131240369325675
14159200,0.3347733144073972
03119341,0.4866470198327283
09371520,1.0965711918778562
14154500,0.32367247198547294
