dam_id,n_tw,beta_tw,beta_se_mean,capacity_ratio,dam_hgt_m,outflow_cv,use_elec_main,release_summer_frac,storage_range_frac,state,log_cap
100,1,0.1097517568799747,0.1454964340691045,7.282089101299969,129.0,0.841,1,0.176,0.947,Oregon,1.9854177855064497
1026,1,-0.3920324111240958,0.2188525411061154,0.05499875617220282,9.0,1.126,0,0.24,1.416,Missouri,-2.900444709056248
1036,1,0.2077730010277348,0.15475412889969445,0.014421215595368705,3.0,1.013,0,0.285,1.846,Arkansas,-4.2390548514155775
1042,1,-0.3306294242088628,0.2881098286098022,0.15137431020258535,39.0,0.986,0,0.267,1.215,Arkansas,-1.8879996339973122
107,2,0.30614073048427637,0.24823500807714774,3.1984733790636404,40.0,0.534,1,0.282,1.365,Oregon,1.1626736269294269
1151,1,0.1658372568018774,0.14176403308456195,0.6386455161096528,12.0,2.474,0,0.291,1.596,Texas,-0.4484057264063516
1164,1,0.1963238013297033,0.10322597329586809,0.14307426320222572,22.0,1.758,0,0.301,2.45,Texas,-1.944391460431311
1184,1,0.0949690885523882,0.13591605947264543,4.779500424438756,63.0,3.911,1,0.292,1.134,Texas,1.564336027325684
1188,4,0.37906952024864854,0.25807154994093806,2.576142633804434,41.0,4.333,0,0.18,0.639,Texas,0.9462931769749271
1202,1,0.0145155209249711,0.11679842313438137,1.8818488597233998,47.0,1.768,0,0.265,3.757,New Mexico,0.6322547296085457
1220,1,0.355019713065545,0.14209335882718382,36.59382267316921,130.0,2.695,1,0.211,2.579,Texas,3.599879446740865
1242,1,0.1182037135234886,0.10093819843174037,1.0394557514891816,23.0,4.152,1,0.4,4.951,Texas,0.038697260299950985
1295,2,0.23722779209592673,0.10403246272811022,1.5364372077865245,40.0,3.231,1,0.137,1.269,Texas,0.4294662347090814
1297,1,-0.0640195395787047,0.05929722149872783,0.44268979213447934,81.0,0.922,1,0.384,0.96,Texas,-0.814885997710746
1585,2,0.6743393327952417,0.1255456810065984,8.410476553335574,83.0,1.13,0,0.187,35.805,Pennsylvania,2.1294781374609704
1592,2,0.2924943931029999,0.3458492697109827,0.258404043170749,18.0,1.369,0,0.196,,Indiana,-1.3532308602504795
1595,6,0.6583822547966985,0.21929969287368622,0.1792783453138572,55.0,1.065,1,0.166,508.091,Ohio,-1.7188156791513292
1654,1,0.2250176718266885,0.20962604522021192,1.3542160013505442,63.0,1.302,0,0.225,,Indiana,0.3032226900906812
1691,1,0.3254761842483313,0.21563684958471496,0.36727037336612134,9.0,1.426,0,0.137,2.781,West Virginia,-1.0016569899975003
1782,1,0.2991147774761251,0.3156836525121511,1.0941511286761387,43.0,1.697,0,0.131,2.479,North Carolina,0.08997883767291512
1790,1,0.634321254664186,0.16400945982319562,0.30651308544461825,47.0,0.932,0,0.215,0.683,North Carolina,-1.1824948313863053
1791,1,-2.0607175894858565,0.5741106256000349,3.572455150732822,110.0,1.162,1,0.218,0.491,North Carolina,1.2732530767144816
180,1,0.2061909370354779,0.06572031688535883,34.6428058636627,40.0,2.322,0,0.11,1.765,California,3.5450900810969594
1809,1,0.4730657410280076,0.12673145485454904,0.30779705824467285,133.0,1.049,0,0.235,0.71,North Carolina,-1.1783146149827675
1814,1,0.561362445522465,0.17815453327882677,0.031679120196101355,56.0,1.602,0,0.208,0.431,North Carolina,-3.4520974840092595
182,4,-0.10804514305051464,0.2699175060747735,1.958155295626569,87.0,1.28,0,0.27,1.684,California,0.6720028543577482
1831,1,0.3061688077495529,0.14843542268297655,0.0031458545962262095,37.0,1.553,0,0.197,1.99,North Carolina,-4.605170185988091
1842,3,-0.011055598709327902,0.21160503083008672,0.013257752450768856,15.0,1.03,0,0.205,1.088,South Carolina,-4.3231728070246245
1862,1,-0.2271341825753659,0.24477141093651558,0.13020352913685163,37.0,0.97,0,0.195,1.776,Georgia,-2.0386564440692427
1863,2,0.43050001762872714,0.11279795489204969,0.20220845300850301,38.0,0.828,0,0.251,0.758,Georgia,-1.5984561680841036
1864,2,-0.27167085770034527,0.3894838511885307,0.25064024259683915,28.0,0.905,0,0.227,3.451,Mississippi,-1.3837366644291609
1890,6,0.29781608941518856,0.07836671751861564,0.2075264406218975,50.0,3.147,0,0.106,,South Carolina,-1.572496522745376
1910,1,0.3567771782152711,0.12204533064563111,0.02910592066329228,43.0,1.065,0,0.177,0.549,Alabama,-3.5368136662800445
1916,3,0.0163460696310187,0.3328669790047361,0.1698102437769742,107.0,0.898,1,0.186,0.437,Florida,-1.7730736784382772
204,2,-0.0409532932725637,0.3144739089022983,23.43283713247606,110.0,1.236,1,0.216,0.731,California,3.1541383349232945
210,1,-0.4238833177980679,0.40970417102151047,1.4642121711412321,40.0,1.821,0,0.159,0.916,California,0.3813173306813315
2158,1,0.9431675519863176,0.3719737916814065,0.10533057464624344,30.0,1.079,1,0.134,16.127,New Hampshire,-2.2506515444736097
2180,3,0.6509726315253415,0.1036058072722749,0.1990366297012925,5.0,1.309,0,0.119,0.24,Massachusetts,-1.6142664023455209
364,1,-0.0467936935395447,0.36969094715383066,0.18839529021420306,8.0,0.384,0,0.272,0.502,Montana,-1.6692129160153921
456,1,1.7761755997969264,0.590328885301341,8.73431306891647,64.0,1.183,1,0.439,1.282,Utah,2.1672592992705653
487,1,-0.0504219615453281,0.23950973095719683,0.5771807583752366,34.0,1.821,0,0.565,0.649,Colorado,-0.5495997887863217
497,1,-0.9671305719998028,0.3911646227854655,0.12253181109613773,4.0,0.943,0,0.37,1.377,Colorado,-2.0993846002915473
54,2,0.10117034918078191,0.26934419524437414,39.320827005600044,37.0,1.113,1,0.133,1.224,Washington,3.6717543277536118
554,3,0.4115953457290127,0.38178398801298896,1.2758030604460588,9.0,4.241,0,0.543,1.261,California,0.24357583166753327
595,1,-0.2752143543515603,0.3285428001906135,0.12461713441985575,5.0,1.057,1,0.449,1.798,California,-2.0825091666750093
7308,1,0.1154603844405331,0.08791314698090963,2.0997169162997265e-05,26.0,0.863,0,0.261,0.291,Georgia,-4.605170185988091
774,1,0.4671701780472937,0.12575414679456878,0.8514565268166205,19.0,2.12,0,0.26,,North Dakota,-0.16080683500760914
80,2,0.22454996261938054,0.10532641033093992,2.5127331783646376,175.0,0.796,1,0.15,1.144,Oregon,0.9213710763881707
88,1,-0.0390064843839638,0.20468851126565085,13.04388865834949,48.0,1.195,1,0.145,2.162,Oregon,2.5683197220388703
89,1,-0.0263474096416772,0.07799843241525953,2.1752914216164627,17.0,0.824,1,0.187,1.756,Oregon,0.7771626425152955
92,3,0.1476423193310409,0.1840575754980742,2.027042161768905,21.0,1.151,1,0.113,1.758,Oregon,0.7065776673368719
969,3,0.5270617341675996,0.18346288054616625,20.70516786464767,32.0,2.448,1,0.292,2.042,Missouri,3.0303833244096143
99,1,-0.0817876172514125,0.2023542411879102,4.0462316667928215,8.0,1.347,0,0.077,2.018,Oregon,1.3977859953349407
998,1,0.3788600280649213,0.13498676727981668,1.0459324358545141,26.0,1.42,0,0.576,6.08,Colorado,0.04490877068320822
