site_no,tier,dam_id,beta,beta_se,beta_r2,beta_hw,n_years,src,D22_median,dist_km,capacity_ratio,dam_hgt_m,outflow_cv,state,use_elec_main
01091000,tailwater,2158,0.9432,0.372,0.369,1.3495,13,tmax,76.0,21.1,0.0895307952034722,30.0,1.079,New Hampshire,1.0
01095220,tailwater,2180,0.5888,0.1057,0.554,1.0208,27,tmax,44.0,8.38,0.1990366297012925,5.0,1.309,Massachusetts,0.0
01095375,tailwater,2180,1.1608,0.0969,0.847,0.9631,28,tmax,55.5,11.82,0.1990366297012925,5.0,1.309,Massachusetts,0.0
01095434,tailwater,2180,0.2033,0.1082,0.243,0.3843,13,tmax,3.0,8.18,0.1990366297012925,5.0,1.309,Massachusetts,0.0
01447720,tailwater,1585,0.6773,0.119,0.564,1.178,27,tmax,47.0,26.3,8.074189368529524,83.0,1.13,Pennsylvania,0.0
01447800,tailwater,1585,0.6713,0.1321,0.54,0.904,24,tmax,27.5,29.47,8.074189368529524,83.0,1.13,Pennsylvania,0.0
02087182,tailwater,1782,0.2991,0.3157,0.06,0.0259,16,tmax,169.5,0.44,0.9849246329910266,43.0,1.697,North Carolina,0.0
0212378405,tailwater,1814,0.5614,0.1782,0.453,0.7655,14,tmax,163.5,0.96,0.031679120196101355,56.0,1.602,North Carolina,0.0
0212880025,tailwater,1831,0.3062,0.1484,0.262,0.9235,14,tmax,148.0,0.13,0.0031458545962262095,37.0,1.553,North Carolina,0.0
02138520,tailwater,1791,-2.0607,0.5741,0.617,-0.4535,10,tmax,1.0,0.59,3.572455150732822,110.0,1.162,North Carolina,1.0
0214244102,tailwater,1790,0.6343,0.164,0.681,1.5831,9,tmax,128.0,0.15,0.30651308544461825,47.0,0.932,North Carolina,0.0
0214267602,tailwater,1809,0.4731,0.1267,0.635,-0.6161,10,tmax,158.5,0.63,0.30779705824467285,133.0,1.049,North Carolina,0.0
02147310,tailwater,1842,0.1307,0.2373,0.042,-0.147,9,tmax,155.0,0.55,0.013257752450768856,15.0,1.03,South Carolina,0.0
021474095,tailwater,1842,0.0584,0.1797,0.015,-0.3647,9,tmax,161.0,5.01,0.013257752450768856,15.0,1.03,South Carolina,0.0
02147505,tailwater,1842,-0.2223,0.2178,0.13,-0.4949,9,tmax,152.0,7.02,0.013257752450768856,15.0,1.03,South Carolina,0.0
02171645,tailwater,1890,0.2929,0.1273,0.248,0.373,18,tmax,177.0,22.17,0.0477371655316712,50.0,3.147,South Carolina,0.0
02172020,tailwater,1890,0.2559,0.0545,0.367,0.6701,40,tmax,163.5,17.04,0.0477371655316712,50.0,3.147,South Carolina,0.0
02172040,tailwater,1890,0.3152,0.0655,0.391,0.6468,38,tmax,165.0,20.79,0.0477371655316712,50.0,3.147,South Carolina,0.0
02172050,tailwater,1890,0.2893,0.0571,0.403,0.7313,40,tmax,168.0,21.2,0.0477371655316712,50.0,3.147,South Carolina,0.0
021720508,tailwater,1890,0.2907,0.1089,0.505,0.2939,9,tmax,176.0,26.46,0.0477371655316712,50.0,3.147,South Carolina,0.0
02172053,tailwater,1890,0.3429,0.0569,0.488,0.8555,40,tmax,169.0,29.48,0.0477371655316712,50.0,3.147,South Carolina,0.0
02188100,tailwater,7308,0.1155,0.0879,0.126,-0.0023,14,tmax,177.5,8.56,2.109487462406315e-05,26.0,0.863,Georgia,0.0
02334480,tailwater,1863,0.4033,0.1111,0.375,0.7271,24,tmax,95.0,3.16,0.20220845300850301,38.0,0.828,Georgia,0.0
02334578,tailwater,1863,0.4577,0.1145,0.421,0.8681,24,tmax,88.5,7.19,0.20220845300850301,38.0,0.828,Georgia,0.0
023432415,tailwater,1910,0.3568,0.122,0.397,0.4757,15,tmax,171.0,0.81,0.0290656719321443,43.0,1.065,Alabama,0.0
02357150,tailwater,1916,0.1805,0.5037,0.021,-0.0265,8,tmax,170.0,24.37,10.0,107.0,0.898,Florida,1.0
02358000,tailwater,1916,-0.1956,0.4304,0.033,0.2904,8,tmax,183.0,1.03,10.0,107.0,0.898,Florida,1.0
02358795,tailwater,1916,0.0641,0.0645,0.141,-0.9618,8,tmax,0.0,27.8,10.0,107.0,0.898,Florida,1.0
02394000,tailwater,1862,-0.2271,0.2448,0.073,-0.0827,13,tmax,98.0,1.38,0.13020352913685163,37.0,0.97,Georgia,0.0
03058000,tailwater,1691,0.3255,0.2156,0.107,0.8631,21,tmax,51.0,22.08,0.3615298096295373,9.0,1.426,West Virginia,0.0
03119341,tailwater,1595,0.4858,0.2149,0.39,0.6589,10,tmax,108.5,24.18,0.1779016038001384,55.0,1.065,Ohio,1.0
03119971,tailwater,1595,1.0116,0.2505,0.671,0.739,10,tmax,81.0,19.01,0.1779016038001384,55.0,1.065,Ohio,1.0
03119979,tailwater,1595,0.2754,0.2295,0.153,0.6424,10,tmax,14.5,16.72,0.1779016038001384,55.0,1.065,Ohio,1.0
03120820,tailwater,1595,0.9011,0.315,0.506,0.9237,10,tmax,92.5,13.29,0.1779016038001384,55.0,1.065,Ohio,1.0
03120869,tailwater,1595,0.7308,0.1607,0.721,1.0841,10,tmax,46.0,10.55,0.1779016038001384,55.0,1.065,Ohio,1.0
03120961,tailwater,1595,0.5456,0.1452,0.638,1.0646,10,tmax,49.5,12.83,0.1779016038001384,55.0,1.065,Ohio,1.0
03324500,tailwater,1592,0.1087,0.2215,0.012,1.1165,22,tmax,64.5,25.3,0.2580778418701711,18.0,1.369,Indiana,0.0
03327000,tailwater,1592,0.4763,0.4702,0.073,1.2557,15,tmax,77.0,1.05,0.2580778418701711,18.0,1.369,Indiana,0.0
03359000,tailwater,1654,0.225,0.2096,0.054,0.5141,22,tmax,95.5,0.87,1.346032700178249,63.0,1.302,Indiana,0.0
05058000,tailwater,774,0.4672,0.1258,0.356,1.189,27,tmax,64.0,0.37,0.8514565268166205,19.0,2.12,North Dakota,0.0
06038500,tailwater,364,-0.0468,0.3697,0.001,0.5821,16,tmax,0.0,0.51,0.1878464607382902,8.0,0.384,Montana,0.0
06893820,tailwater,969,0.7583,0.1531,0.654,0.5267,15,tmax,119.0,4.49,10.0,32.0,2.448,Missouri,1.0
06893890,tailwater,969,0.3246,0.2911,0.121,0.8288,11,tmax,122.0,1.45,10.0,32.0,2.448,Missouri,1.0
06894000,tailwater,969,0.4982,0.1062,0.55,0.7607,20,tmax,122.5,10.06,10.0,32.0,2.448,Missouri,1.0
07053450,tailwater,1026,-0.392,0.2189,0.127,0.0661,24,tmax,0.0,0.39,0.0516896957772946,9.0,1.126,Missouri,0.0
07054527,tailwater,1036,0.2078,0.1548,0.055,0.6537,33,tmax,0.0,2.42,0.0135850674829855,3.0,1.013,Arkansas,0.0
07060000,tailwater,1042,-0.3306,0.2881,0.107,0.0929,13,tmax,0.0,0.32,0.1417097291503044,39.0,0.986,Arkansas,0.0
07130500,tailwater,998,0.3789,0.135,0.184,1.0442,37,tmax,73.0,0.7,1.0459324358545141,26.0,1.42,Colorado,0.0
07280010,tailwater,1864,-0.4553,0.6455,0.077,0.3716,8,tmean,135.5,29.98,0.2074596164037638,28.0,0.905,Mississippi,0.0
08048000,tailwater,1184,0.095,0.1359,0.036,0.6809,15,tmean,168.0,8.61,4.779500424438756,63.0,3.911,Texas,1.0
08049500,tailwater,1188,0.2681,0.0435,0.513,0.6675,38,tmax,187.0,5.93,2.576142633804434,41.0,4.333,Texas,0.0
08052700,tailwater,1151,0.1658,0.1418,0.095,0.5319,15,tmax,158.0,16.89,0.3409693606168062,12.0,2.474,Texas,0.0
08052745,tailwater,1164,0.1963,0.1032,0.218,0.3601,15,tmax,158.0,18.12,0.14307426320222572,22.0,1.758,Texas,0.0
08057000,tailwater,1188,0.8637,0.6364,0.208,1.1548,9,tmax,187.0,12.41,2.576142633804434,41.0,4.333,Texas,0.0
08057055,tailwater,1188,0.3472,0.1047,0.478,0.7107,14,tmax,190.5,15.27,2.576142633804434,41.0,4.333,Texas,0.0
08057410,tailwater,1188,0.0373,0.2477,0.004,0.7219,8,tmax,182.5,19.62,2.576142633804434,41.0,4.333,Texas,0.0
08062500,tailwater,1220,0.355,0.1421,0.144,0.6541,39,tmax,172.0,26.0,36.59382267316921,130.0,2.695,Texas,1.0
08068000,tailwater,1295,0.3956,0.1475,0.444,0.881,11,tmax,215.0,16.49,1.5364372077865245,40.0,3.231,Texas,1.0
08068400,tailwater,1295,0.0788,0.0606,0.101,0.8913,17,tmax,255.0,20.25,1.5364372077865245,40.0,3.231,Texas,1.0
08155500,tailwater,1297,-0.064,0.0593,0.055,0.514,22,tmax,0.0,3.81,0.44268979213447934,81.0,0.922,Texas,1.0
08405200,tailwater,1202,0.0145,0.1168,0.002,0.4951,9,tmean,135.0,21.9,1.3962264129553728,47.0,1.768,New Mexico,0.0
08407500,tailwater,1242,0.1182,0.1009,0.103,-0.0262,14,tmean,142.0,22.33,1.0394557514891816,23.0,4.152,Texas,1.0
09014050,tailwater,487,-0.0504,0.2395,0.003,0.5802,15,tmax,0.0,4.17,0.4697136249971117,34.0,1.821,Colorado,0.0
09041400,tailwater,497,-0.9671,0.3912,0.19,0.6608,28,tmax,0.0,19.5,0.1218447168283089,4.0,0.943,Colorado,0.0
10133650,tailwater,456,1.7762,0.5903,0.411,1.536,15,tmax,19.0,12.16,8.745562414175422,64.0,1.183,Utah,1.0
11251000,tailwater,595,-0.2752,0.3285,0.036,1.6943,21,tmax,0.0,2.79,0.1184028257163736,5.0,1.057,California,1.0
11276900,tailwater,554,0.415,0.3527,0.085,1.347,17,tmax,2.0,11.88,1.2758030604460588,9.0,4.241,California,0.0
11277300,tailwater,554,0.4096,0.3413,0.088,1.6203,17,tmax,0.0,1.24,1.2758030604460588,9.0,4.241,California,0.0
11278400,tailwater,554,0.4101,0.4514,0.052,0.9683,17,tmax,0.0,11.01,1.2758030604460588,9.0,4.241,California,0.0
11289650,tailwater,210,-0.4239,0.4097,0.029,0.553,38,tmax,0.0,4.54,0.7057645606725531,40.0,1.821,California,0.0
11299997,tailwater,204,-0.0627,0.3228,0.001,2.3432,38,tmax,0.0,0.3,10.0,110.0,1.236,California,1.0
11302000,tailwater,204,-0.0192,0.3062,0.0,2.1456,38,tmax,0.0,4.24,10.0,110.0,1.236,California,1.0
11303000,tailwater,203,-0.2616,0.3827,0.015,1.4879,33,tmax,52.0,25.73,10.0,75.0,1.66,California,1.0
11446220,tailwater,182,-0.0196,0.2927,0.0,1.5143,25,tmax,0.0,0.96,1.9521902486915033,87.0,1.28,California,0.0
11446500,tailwater,182,-0.115,0.2095,0.014,1.1909,24,tmax,0.0,10.39,1.9521902486915033,87.0,1.28,California,0.0
11446700,tailwater,182,-0.2318,0.373,0.018,0.9758,23,tmax,0.0,20.26,1.9521902486915033,87.0,1.28,California,0.0
11446980,tailwater,182,-0.0657,0.2045,0.005,0.9057,24,tmax,0.0,25.69,1.9521902486915033,87.0,1.28,California,0.0
11467000,tailwater,180,0.2062,0.0657,0.319,0.635,23,tmax,89.0,24.48,10.0,40.0,2.322,California,0.0
12056500,tailwater,54,0.2873,0.3879,0.021,1.6694,27,tmax,0.0,25.08,39.320827005600044,37.0,1.113,Washington,1.0
12058800,tailwater,54,-0.0849,0.1508,0.026,0.1464,14,tmax,0.0,29.74,39.320827005600044,37.0,1.113,Washington,1.0
12179900,tailwater,42,-0.1941,0.1973,0.139,3.1474,8,tmax,0.0,23.25,10.0,125.0,0.393,Washington,1.0
12181000,tailwater,42,0.2044,0.0934,0.127,1.5912,35,tmax,0.0,29.82,10.0,125.0,0.393,Washington,1.0
14148000,tailwater,100,0.1098,0.1455,0.032,1.4191,19,tmax,0.0,15.2,7.282089101299969,129.0,0.841,Oregon,1.0
14151000,tailwater,92,0.1942,0.1923,0.028,0.9779,37,tmax,0.0,1.57,2.027042161768905,21.0,1.151,Oregon,1.0
14152000,tailwater,92,0.0267,0.1841,0.001,1.4927,27,tmax,0.0,13.44,2.027042161768905,21.0,1.151,Oregon,1.0
14153500,tailwater,99,-0.0818,0.2024,0.007,1.599,24,tmax,0.0,0.89,4.0462316667928215,8.0,1.347,Oregon,0.0
14158740,tailwater,89,-0.0263,0.078,0.016,-1.2259,9,tmax,0.0,24.08,2.1752914216164627,17.0,0.824,Oregon,1.0
14162200,tailwater,88,-0.039,0.2047,0.001,1.4131,39,tmax,0.0,1.31,13.04388865834949,48.0,1.195,Oregon,1.0
14164700,tailwater,92,0.2221,0.1757,0.21,2.0471,8,tmax,28.5,18.31,2.027042161768905,21.0,1.151,Oregon,1.0
14178000,tailwater,80,0.2528,0.089,0.23,1.7306,29,tmax,0.0,11.68,2.5127331783646376,175.0,0.796,Oregon,1.0
14180300,tailwater,80,0.1963,0.1217,0.098,1.6379,26,tmax,0.0,11.84,2.5127331783646376,175.0,0.796,Oregon,1.0
14330000,tailwater,107,0.187,0.0682,0.165,1.0882,40,tmax,0.0,14.23,3.1984733790636404,40.0,0.534,Oregon,1.0
14337830,tailwater,107,0.4253,0.4282,0.058,1.973,18,tmax,66.5,7.16,3.1984733790636404,40.0,0.534,Oregon,1.0
340841090134701,tailwater,1864,-0.088,0.1335,0.068,-0.0764,8,tmean,0.0,29.94,0.2074596164037638,28.0,0.905,Mississippi,0.0
