dam_id,n_tw,beta_tw,capacity_ratio,dam_hgt_m,outflow_cv,use_elec_main,release_summer_frac,storage_range_frac,state,log_cap
1184,1,0.11745486823270873,4.779500424438756,63.0,3.911,1.0,0.292,1.134,Texas,1.564336027325684
1220,1,0.30118706884083746,36.59382267316921,130.0,2.695,1.0,0.211,2.579,Texas,3.599879446740865
1295,2,0.21730506759235532,1.5364372077865245,40.0,3.231,1.0,0.137,1.269,Texas,0.4294662347090814
1595,4,0.712321070817594,0.1792783453138572,55.0,1.065,1.0,0.166,508.091,Ohio,-1.7188156791513292
180,1,0.19343223908878585,34.6428058636627,40.0,2.322,0.0,0.11,1.765,California,3.5450900810969594
182,4,-0.08120920422024552,1.958155295626569,87.0,1.28,0.0,0.27,1.684,California,0.6720028543577482
1890,5,0.2710576369036134,0.2075264406218975,50.0,3.147,0.0,0.106,,South Carolina,-1.572496522745376
1910,1,0.3386749089124332,0.02910592066329228,43.0,1.065,0.0,0.177,0.549,Alabama,-3.5368136662800445
2158,1,1.1844903837384158,0.10533057464624344,30.0,1.079,1.0,0.134,16.127,New Hampshire,-2.2506515444736097
92,1,0.14134982466116913,2.027042161768905,21.0,1.151,1.0,0.113,1.758,Oregon,0.7065776673368719
