site_no,tier,beta_fd,n_pairs
01091000,tailwater,1.3202833999626233,9
01095220,tailwater,0.6077260987163756,25
01095375,tailwater,1.0153663786135878,23
01095434,tailwater,0.18461699147213792,7
01104370,tailwater,0.10963652021629122,14
01104415,tailwater,0.537869776660221,15
01104420,tailwater,0.024180473038771248,9
01104430,tailwater,0.49260618709912934,22
01104455,tailwater,0.950849554237376,18
01104460,tailwater,0.6174073915867231,19
01104475,tailwater,-0.032793577983717834,20
01104480,tailwater,0.5628911880881481,6
01170100,reference,1.0173270853352943,6
01193500,reference,1.0182630397039591,7
01435000,reference,0.55848126511789,11
01466500,reference,0.08641575773073291,14
01544500,reference,1.0307443642205583,11
01545600,reference,0.9419872603317176,8
01596500,reference,0.4196479332244771,9
01611500,reference,0.321785400566934,15
01632900,reference,0.5083853232133426,13
02011400,reference,0.6212124656993676,29
02011460,reference,0.41392296666746714,9
02038850,reference,0.34615243652651256,7
02077200,reference,0.30478695474348294,20
02079500,tailwater,0.028219437290472466,15
02110500,reference,1.2342058422470117,16
02137727,reference,1.3587263652053136,10
02171645,tailwater,0.3171131371033256,17
02172020,tailwater,0.25544276431885504,34
02172040,tailwater,0.31687497068437964,30
02172050,tailwater,0.2795203932902104,39
021720508,upstream,0.28338279804198097,7
02172053,tailwater,0.3115994041110304,33
021720698,upstream,0.14464486989216116,20
02266200,reference,0.19396829584831066,10
02315550,reference,0.8056406344934962,6
02322700,reference,0.019906813761624068,6
02322800,reference,-0.2572721349859634,8
02335450,upstream,0.22454627277818662,11
02338523,reference,0.9410801667261954,8
023432415,tailwater,0.2147767568772087,13
02357150,tailwater,-0.10964593588915328,6
02450250,reference,0.6868043361539278,11
02479155,reference,1.4679746097007838,10
03022540,reference,0.7993922619107243,8
03028000,reference,1.5177842195197762,12
03066000,reference,0.6547951308040595,10
03069500,reference,1.044681081964101,7
03092090,reference,0.6904464948661952,9
03102950,reference,0.2011240202323546,13
03119341,upstream,0.6888012266122682,8
03119971,tailwater,0.9575056538933886,8
03119979,tailwater,0.17563064143580082,8
03120820,tailwater,0.8993600962590239,8
03120869,tailwater,0.7181220292568142,8
03125338,upstream,0.6288909910779428,8
03126395,upstream,0.6620677125812083,8
03127980,upstream,0.633858048944037,8
03127986,upstream,0.5474353399876685,8
03127989,upstream,0.5830839354008516,8
03140853,upstream,1.1785050472277832,7
03140950,upstream,0.6270314176518721,6
03302050,reference,0.3845184661528312,6
03324500,tailwater,0.10453251407965755,17
03327000,tailwater,-0.10476955872879835,7
03359000,tailwater,0.09149558158327407,13
03373980,upstream,0.8972417801240349,23
03460000,reference,0.6274827025123512,12
03490000,reference,0.6126575280383018,9
03497300,reference,1.0580975073520793,11
03604000,reference,0.10412803735526456,8
04027000,reference,1.087756504817718,7
04043238,reference,0.3198168498981961,17
04043244,reference,0.342106504308971,18
04043275,reference,0.6550163376616218,9
04063700,reference,0.8391864010276086,12
04124000,reference,0.43271233338410836,23
04125460,reference,0.22088897218530024,27
04136000,reference,0.46397183706674944,27
05057000,reference,0.20282375623380577,19
06036805,reference,0.7133761115503752,15
06036905,reference,0.4077919336910348,21
06037100,reference,0.3955486051458887,9
06037500,reference,0.4982920539488073,9
06073500,reference,0.4831579242157799,9
06623800,reference,0.9268316090044817,9
07014000,reference,0.42016235399583346,10
07056515,reference,-0.5040344111608767,13
07061270,reference,0.44672018334296915,11
07099400,upstream,-0.7450741219645787,15
07144780,reference,0.2763269403197158,17
07191222,reference,0.32398199640706454,10
07337000,tailwater,0.2680530392717016,11
08048000,tailwater,0.030640832361841674,10
08049500,tailwater,0.13208781584994025,26
08052700,tailwater,0.06166149204006248,8
08052745,tailwater,0.040938825963269955,7
08057055,tailwater,0.5518687739516116,11
08062500,tailwater,0.26567131102892705,22
08065350,tailwater,0.05907846042416668,23
08067074,tailwater,-0.27024430071755806,7
08068000,tailwater,0.4053072230170388,9
08068400,tailwater,0.08866756520186266,14
08069500,tailwater,0.3948032743752819,12
08070200,tailwater,0.4215634371311741,19
08074710,tailwater,0.2307459092783436,17
08123800,tailwater,0.5241901841754723,10
08123850,upstream,-0.02092185477024754,11
08211200,tailwater,-0.2329624963870394,15
08211503,tailwater,-0.5189704813859818,11
09071750,upstream,0.626728827640538,28
09085150,upstream,1.60232930530412,17
09136100,upstream,1.2303316068989165,14
09196500,reference,0.7159687076444687,9
09371520,upstream,0.2543437203581756,25
09505800,reference,-0.16234450131170072,6
10133980,upstream,0.851390381089076,16
10172200,reference,0.6982690344618812,14
10249300,reference,0.09472593181836265,10
10336645,reference,1.3380227145920378,9
10336660,reference,1.644951484431442,7
10343500,reference,0.702453902728176,23
10396000,reference,0.9160441280049999,11
11172945,upstream,-0.06842630597222174,6
11173200,reference,-0.07571581071132485,11
11173575,tailwater,-0.050778982053484654,10
11203580,reference,0.7700490939068347,13
11204100,reference,0.9345940722252817,9
11206820,upstream,0.48224140983026176,7
11264500,reference,0.12724944480224382,11
11274790,upstream,0.6233041133597115,12
11276600,upstream,0.21477976469911805,26
11289650,tailwater,-0.38567774817412354,23
11303000,tailwater,0.17076525869105347,20
11355500,reference,0.042310171930083004,6
11381500,reference,0.03037400730735868,25
11383500,reference,0.21121542700890522,23
11446220,tailwater,-0.2820372014612549,19
11446500,tailwater,-0.37672405594880887,21
11446700,tailwater,-0.5569951733284342,21
11446980,tailwater,-0.454419377416242,23
11467000,tailwater,0.13822364217489994,21
11468900,reference,0.3170232229407159,17
11475560,reference,-0.04018031957272456,11
11509370,upstream,0.2505964037767713,20
12056500,reference,0.1553100902359936,15
12100490,tailwater,0.3532359000082116,11
12101100,tailwater,-0.11857424173599583,11
12101102,tailwater,0.04533975437913418,7
12115000,reference,0.2647698229702701,19
12137290,reference,0.5101529024503383,12
12147470,upstream,0.028278350147100003,8
12147500,reference,0.28896389646697584,20
12147600,reference,0.5631926848117066,21
12181000,tailwater,0.08317208265448064,28
12182500,reference,0.03850549509997565,7
12186000,reference,-0.20882001873409298,7
12209490,reference,0.5581773146014489,13
12210000,reference,0.603531299791702,13
12210700,reference,0.19791635716828102,13
12413360,reference,-0.14780643180460032,9
12447390,reference,0.5185839415471795,7
13018300,reference,0.3360326791047368,11
13211210,upstream,0.13672640271425354,8
13331500,reference,0.20147705789973902,11
13340000,reference,0.3746340168612928,24
13340600,reference,0.38667176341348886,31
14034470,upstream,0.7645085669716569,7
14046890,reference,0.4493941537431566,15
14138870,reference,0.3030918953953915,36
14138900,reference,0.2168909585197333,33
14139800,reference,0.3873240506845482,39
14141500,reference,0.43413327456024303,15
14144800,reference,0.005944373174194678,9
14144900,reference,0.13413556276422106,13
14145500,upstream,0.06520931945854724,19
14147500,reference,0.05404537635446606,13
14150290,upstream,0.17030116012563787,13
14150800,reference,0.5560595828916792,15
14152000,tailwater,-0.09617359207851327,16
14154500,upstream,0.13549289586352378,9
14158500,reference,-0.0909561841287304,6
14158790,upstream,0.19584139132901926,6
14158798,upstream,0.20046311258569616,6
14159200,upstream,0.08700631090620986,23
14161100,reference,0.22015326584718886,14
14161500,reference,0.1428347171827861,11
14164700,tailwater,0.12583823788787574,6
14179000,upstream,0.19015234502037678,21
14180300,reference,0.2776335687314235,25
14182500,reference,0.708680661913378,16
14185000,reference,0.3218280369777865,15
14185900,reference,0.24957867099327893,14
14186200,tailwater,0.04897236843612309,14
14197900,tailwater,0.5583447787296847,15
14202980,tailwater,0.15528125220599065,19
14316495,reference,0.16567555699484,12
14316500,upstream,-0.027264469204061545,19
14318000,reference,0.5062140497662957,24
14337870,reference,0.7097402491099563,11
15056210,reference,-0.0005995429174821719,12
15085100,reference,0.6318108268342769,10
15129500,reference,0.531482152387049,9
15266300,reference,0.3664836264571617,10
15283700,reference,0.4416354401628101,11
15292700,reference,0.33210536581190386,12
15294005,reference,0.623056216453606,7
15297610,reference,0.48598993335078633,22
15300250,reference,0.4174723501078577,6
15300300,reference,0.18560137554135822,8
15302200,reference,0.5167506577524152,8
15484000,reference,0.869466022369711,7
16618000,reference,-0.05638473079658274,6
404417108524900,upstream,0.5875625654154669,14
420741121554001,upstream,0.233372189506562,16
453004122510301,tailwater,0.3908768126351531,20
453040123065201,tailwater,0.6308272833874117,16
453113123003501,tailwater,0.6727985791587882,6
