site_no,station_nm,site_tp_cd,group,beta,D22_median,keep,reason
02087182,"FALLS LAKE ABOVE DAM NR FALLS, NC",LK,tailwater,0.2991147774761251,169.5,False,non-stream (LK)
02188100,"RUSSELL LAKE ABOVE CALHOUN FALLS, SC",LK,tailwater,0.1154603844405331,177.5,False,non-stream (LK)
02310678,HOMOSASSA SPRINGS AT HOMOSASSA SPRINGS FL,SP,tailwater,0.0328678491791583,363.0,False,non-stream (SP)
02358795,"JACKSON BLUE SPRING NR MARIANNA, FL",SP,tailwater,0.0641404105711558,0.0,False,non-stream (SP)
07120480,"LAKE MEREDITH OUTLET AT HWY 71 NR ORDWAY, CO",LK,tailwater,0.4166238458246851,84.5,False,non-stream (LK)
08155500,"Barton Spgs at Austin, TX",SP,tailwater,-0.0640195395787047,0.0,False,non-stream (SP)
11455820,CARQUINEZ STRAIT A CARQUINEZ BR NR CROCKETT CA,ES,tailwater,0.4233042658179796,0.0,False,non-stream (ES)
11492200,"CRATER LAKE NEAR CRATER LAKE, OR",LK,tailwater,0.5133692880609867,0.0,False,non-stream (LK)
294300098080001,DX-68-23-301 (Comal 1),SP,tailwater,-0.0062667516942346,326.5,False,non-stream (SP)
294643095035200,"Lynchburg Res nr CWA Canal Inflow nr Baytown, TX",LK,tailwater,0.3261293464037217,199.0,False,non-stream (LK)
295554095093402,"Lk Hou at Jack's Ditch (Site 2) nr Houston, TX",LK,tailwater,0.1041630874166077,190.5,False,non-stream (LK)
295826095082200,"Lk Houston S Union Pacific RR Bridge nr Houston,TX",LK,tailwater,0.2859497990094832,203.5,False,non-stream (LK)
340841090134701,119M0072 QUITMAN (Allen),GW,tailwater,-0.0880189611255631,0.0,False,non-stream (GW)
422302071083801,"FRESH POND IN GATE HOUSE AT CAMBRIDGE, MA",LK,tailwater,0.4146912166222934,91.0,False,non-stream (LK)
01170100,"GREEN RIVER NEAR COLRAIN, MA",ST,reference,1.0632022403967205,33.0,True,stream gauge
01193500,"SALMON RIVER NEAR EAST HAMPTON, CT",ST,reference,0.7389058690875706,64.0,True,stream gauge
01435000,NEVERSINK RIVER NEAR CLARYVILLE NY,ST,reference,0.6092560505078284,0.0,True,stream gauge
01466500,McDonalds Branch in Byrne State Forest NJ,ST,reference,0.0866938140120398,0.0,True,stream gauge
01544500,"Kettle Creek at Cross Fork, PA",ST,reference,1.0336398555017596,42.5,True,stream gauge
01545600,"Young Womans Creek near Renovo, PA",ST,reference,0.8748280622528545,1.0,True,stream gauge
01596500,"SAVAGE RIVER NEAR BARTON, MD",ST,reference,0.5901866994321647,26.0,True,stream gauge
01611500,"CACAPON RIVER NEAR GREAT CACAPON, WV",ST,reference,0.5272542233233949,115.0,True,stream gauge
01632900,"SMITH CREEK NEAR NEW MARKET, VA",ST,reference,0.8253802530972076,79.0,True,stream gauge
02011400,"JACKSON RIVER NEAR BACOVA, VA",ST,reference,0.5889902093783518,61.5,True,stream gauge
02011460,"BACK CREEK NEAR SUNRISE, VA",ST,reference,0.3436978002528688,54.0,True,stream gauge
02038850,"HOLIDAY CREEK NEAR ANDERSONVILLE, VA",ST,reference,0.3684128923775668,65.5,True,stream gauge
02077200,"HYCO CREEK NEAR LEASBURG, NC",ST,reference,0.0899971524752558,101.5,True,stream gauge
02110500,"WACCAMAW RIVER NEAR LONGS, SC",ST,reference,1.067301173481089,148.0,True,stream gauge
02137727,"CATAWBA R NR PLEASANT GARDENS, NC",ST,reference,1.4736029665715369,80.0,True,stream gauge
02212600,"FALLING CREEK NEAR JULIETTE, GA",ST,reference,0.6433806863676301,131.0,True,stream gauge
02266200,"WHITTENHORSE CREEK NEAR VINELAND, FL",ST,reference,1.2002484097370645,199.0,True,stream gauge
02313700,"WACCASASSA RIVER NR GULF HAMMOCK, FLA.",ST-TS,reference,0.9124117689592922,206.5,True,stream gauge
02315550,SUWANNEE RIVER AT SUWANNEE SPRINGS FLA,ST,reference,0.7290643353420033,194.0,True,stream gauge
02322700,"ICHETUCKNEE R @ HWY27 NR HILDRETH, FL",ST,reference,0.0386694937855513,292.5,True,stream gauge
02322800,SANTA FE RIVER NR HILDRETH FLA,ST,reference,0.0218962888682214,226.5,True,stream gauge
02338523,"HILLABAHATCHEE CREEK AT THAXTON RD, NR FRANKLIN,GA",ST,reference,1.0412483852661358,89.5,True,stream gauge
02450250,SIPSEY FORK NEAR GRAYSON AL,ST,reference,0.5947640753416011,118.0,True,stream gauge
02479155,"CYPRESS CREEK NR JANICE, MS",ST,reference,0.7198040265005645,150.0,True,stream gauge
03017500,"Tionesta Creek at Lynch, PA",ST,reference,0.9391532943946316,65.5,True,stream gauge
03022540,"Woodcock Creek at Blooming Valley, PA",ST,reference,0.5563446675042755,40.5,True,stream gauge
03028000,"West Branch Clarion River at Wilcox, PA",ST,reference,1.4314646351693914,27.0,True,stream gauge
03066000,"BLACKWATER RIVER AT DAVIS, WV",ST,reference,0.6376487169567584,71.5,True,stream gauge
03069500,"CHEAT RIVER NEAR PARSONS, WV",ST,reference,0.9099161686317422,86.0,True,stream gauge
03092090,West Branch Mahoning River near Ravenna OH,ST,reference,0.5801837421358258,66.0,True,stream gauge
03102950,Pymatuning Creek at Kinsman OH,ST,reference,0.4167394860508325,67.5,True,stream gauge
03302050,"BRIER CREEK AT PENDELTON ROAD NEAR LOUISVILLE, KY",ST,reference,0.9007116163411915,91.0,True,stream gauge
03460000,"CATALOOCHEE CREEK NEAR CATALOOCHEE, NC",ST,reference,0.6407843081759993,0.0,True,stream gauge
03490000,"N F HOLSTON RIVER NEAR GATE CITY, VA",ST,reference,0.3340458691743894,128.0,True,stream gauge
03497300,"LITTLE RIVER ABOVE TOWNSEND, TN",ST,reference,0.5559840350826057,22.0,True,stream gauge
03544970,"HIWASSEE RIVER AT RIVERSIDE DR, NR HIAWASSEE, GA",ST,reference,0.455709530892406,17.0,True,stream gauge
03604000,"BUFFALO RIVER NEAR FLAT WOODS, TN",ST,reference,0.3926220589637632,138.0,True,stream gauge
04027000,"BAD RIVER NEAR ODANAH, WI",ST,reference,0.6678132416563926,52.5,True,stream gauge
04043150,"SILVER RIVER NEAR L'ANSE, MI",ST,reference,0.9748463444362476,35.0,True,stream gauge
04043238,"SALMON TROUT RIVER NEAR BIG BAY, MI",ST,reference,0.3772667980407841,0.0,True,stream gauge
04043244,"EAST BRANCH SALMON TROUT RIVER NEAR DODGE CITY, MI",ST,reference,0.3350312336035347,0.0,True,stream gauge
04043275,"YELLOW DOG RIVER NEAR BIG BAY, MI",ST,reference,0.643612665211678,15.5,True,stream gauge
04059500,"FORD RIVER NEAR HYDE, MI",ST,reference,0.9826003764334578,67.5,True,stream gauge
04063700,"POPPLE RIVER NEAR FENCE, WI",ST,reference,0.6806249568636004,47.5,True,stream gauge
04085119,"BOWER CREEK @ COUNTY TRNK HIGHWAY MM NR DE PERE,WI",ST,reference,-0.3336879472398063,38.0,True,stream gauge
04124000,"MANISTEE RIVER NEAR SHERMAN, MI",ST,reference,0.5279303835338933,6.0,True,stream gauge
04125460,"PINE RIVER AT HIGH SCHOOL BRIDGE NR HOXEYVILLE, MI",ST,reference,0.2613564938374295,0.0,True,stream gauge
04136000,"AU SABLE RIVER NEAR RED OAK, MI",ST,reference,0.4717928729272912,3.0,True,stream gauge
05014300,Swiftcurrent Cr ab Swiftcurrent Lk at Many Glacier,ST,reference,0.3986560993124762,0.0,True,stream gauge
05057000,"SHEYENNE RIVER NEAR COOPERSTOWN, ND",ST,reference,0.4404117263674459,68.0,True,stream gauge
05057200,"BALDHILL CREEK NEAR DAZEY, ND",ST,reference,0.6270622458318179,81.0,True,stream gauge
05412500,"Turkey River at Garber, IA",ST,reference,0.7875819201811004,50.0,True,stream gauge
06036805,"Firehole River at Old Faithful, YNP",ST,reference,0.8768742267051098,0.0,True,stream gauge
06036905,Firehole River near West Yellowstone MT,ST,reference,0.4646714216196468,77.5,True,stream gauge
06037100,"Gibbon River at Madison Jct, YNP",ST,reference,0.5183244351703181,31.0,True,stream gauge
06037500,"Madison River near West Yellowstone, MT",ST,reference,0.5483043473490564,46.0,True,stream gauge
06073500,Dearborn River near Craig MT,ST,reference,0.5811265755658693,35.5,True,stream gauge
06187915,Soda Butte Cr at Park Bndry at Silver Gate,ST,reference,0.3533197462224243,0.0,True,stream gauge
06188000,Lamar River nr Tower Ranger Station YNP,ST,reference,0.3136341298791643,0.0,True,stream gauge
06191500,Yellowstone River at Corwin Springs MT,ST,reference,0.1163908848664963,0.0,True,stream gauge
06623800,"ENCAMPMENT RIVER AB HOG PARK CR, NR ENCAMPMENT, WY",ST,reference,0.7603906915108185,0.0,True,stream gauge
06914990,"L BULL C NR SPRING HILL, KS",ST,reference,0.3070280561889423,104.0,True,stream gauge
07014000,"Huzzah Creek near Steelville, MO",ST,reference,0.329877471770269,97.0,True,stream gauge
07056515,"Bear Creek near Silver Hill, AR",ST,reference,-0.010072786150422,20.0,True,stream gauge
07061270,"East Fork Black River near Lesterville, MO",ST,reference,0.6465683164959009,128.0,True,stream gauge
07144780,"NF NINNESCAH R AB CHENEY RE, KS",ST,reference,0.3968632887337469,160.0,True,stream gauge
07191222,"Beaty Creek near Jay, OK",ST,reference,0.2907635781457658,108.0,True,stream gauge
08377900,"RIO MORA NEAR TERRERO, NM",ST,reference,0.4874946983172054,0.0,True,stream gauge
09196500,"PINE CREEK ABOVE FREMONT LAKE, WY",ST,reference,0.5922013016005904,0.0,True,stream gauge
09352900,"VALLECITO CREEK NEAR BAYFIELD, CO.",ST,reference,0.0826689712529101,0.0,True,stream gauge
09505800,"WEST CLEAR CREEK NEAR CAMP VERDE, AZ",ST,reference,0.3024777776307449,68.0,True,stream gauge
10172200,"RED BUTTE CREEK AT FORT DOUGLAS, NEAR SLC, UT",ST,reference,0.5990912123318699,0.0,True,stream gauge
10249300,"S TWIN RV NR ROUND MOUNTAIN, NV",ST,reference,-0.0128686939671089,0.0,True,stream gauge
10313400,"MARYS RV BLW ORANGE BRG NR CHARLESTON, NV",ST,reference,0.4220488466347234,29.0,True,stream gauge
10336645,GENERAL C NR MEEKS BAY CA,ST,reference,0.6976929651099864,0.0,True,stream gauge
10336660,BLACKWOOD C NR TAHOE CITY CA,ST,reference,0.7418475097919321,11.5,True,stream gauge
10336676,WARD C AT HWY 89 NR TAHOE PINES CA,ST,reference,0.9996159232221556,2.5,True,stream gauge
10343500,SAGEHEN C NR TRUCKEE CA,ST,reference,0.5823494229116998,0.0,True,stream gauge
10396000,DONNER UND BLITZEN RIVER NR FRENCHGLEN OR,ST,reference,1.6487380433264205,47.5,True,stream gauge
11173200,ARROYO HONDO NR SAN JOSE CA,ST,reference,0.0204610554924591,8.5,True,stream gauge
11203580,SF TULE R NR CHOLOLLO CAMPGROUND NR PORTERVILLE CA,ST,reference,0.6571979948442013,0.0,True,stream gauge
11204100,SF TULE R NR RESERVATION BNDRY NR PORTERVILLE CA,ST,reference,0.7831494130466077,91.0,True,stream gauge
11264500,MERCED R A HAPPY ISLES BRIDGE NR YOSEMITE CA,ST,reference,0.1392756706255107,0.0,True,stream gauge
11355500,HAT C NR HAT CREEK CA,ST,reference,-0.1675252847363296,0.0,True,stream gauge
11381500,MILL C NR LOS MOLINOS CA,ST,reference,0.1527562762628973,51.5,True,stream gauge
11383500,DEER C NR VINA CA,ST,reference,0.2404002475381708,75.0,True,stream gauge
11468900,MATTOLE R NR ETTERSBURG CA,ST,reference,-0.2756388609415807,61.0,True,stream gauge
11475560,ELDER C NR BRANSCOMB CA,ST,reference,0.1106935975292758,0.0,True,stream gauge
12115000,"CEDAR RIVER NEAR CEDAR FALLS, WA",ST,reference,0.2334379741383453,0.0,True,stream gauge
12137290,"SOUTH FORK SULTAN RIVER NEAR SULTAN, WA",ST,reference,0.4254220389743819,0.0,True,stream gauge
12147500,"NORTH FORK TOLT RIVER NEAR CARNATION, WA",ST,reference,0.2368530852747101,0.0,True,stream gauge
12147600,"SOUTH FORK TOLT RIVER NEAR INDEX, WA",ST,reference,0.3956597413648445,0.0,True,stream gauge
12182500,"CASCADE RIVER AT MARBLEMOUNT, WA",ST,reference,0.0440927355076766,0.0,True,stream gauge
12186000,"SAUK RIVER AB WHITE CHUCK RIVER NR  DARRINGTON, WA",ST,reference,-0.0525434299186686,0.0,True,stream gauge
12209490,"SKOOKUM CREEK ABOVE DIVERSION NEAR WICKERSHAM, WA",ST,reference,0.968110851875074,0.0,True,stream gauge
12210000,"SF NOOKSACK RIVER AT SAXON BRIDGE, WA",ST,reference,0.6824639841000819,0.0,True,stream gauge
12210700,"NOOKSACK RIVER AT NORTH CEDARVILLE, WA",ST,reference,0.2477972306937639,0.0,True,stream gauge
12413360,EF PINE CREEK ABV GILBERT CR NEAR PINEHURST ID,ST,reference,0.266299540501812,0.0,True,stream gauge
12447390,"ANDREWS CREEK NEAR MAZAMA, WA",ST,reference,0.6368130143046323,0.0,True,stream gauge
13018300,"CACHE CREEK NEAR JACKSON, WY",ST,reference,0.2941537546331402,0.0,True,stream gauge
13331500,"MINAM RIVER AT MINAM, OR",ST,reference,0.2982671302649188,33.5,True,stream gauge
13340000,CLEARWATER RIVER AT OROFINO ID,ST,reference,0.3512760959818499,47.5,True,stream gauge
13340600,NF CLEARWATER RIVER NR CANYON RANGER STATION ID,ST,reference,0.340346683170294,0.0,True,stream gauge
14046890,"PINE CREEK NEAR CLARNO, OR",ST,reference,-0.0081041161421662,0.0,True,stream gauge
14138870,"FIR CREEK NEAR BRIGHTWOOD, OR",ST,reference,0.3208606264087616,0.0,True,stream gauge
14138900,"NORTH FORK BULL RUN RIVER NEAR MULTNOMAH FALLS, OR",ST,reference,0.1759234237254632,0.0,True,stream gauge
14139800,"SOUTH FORK BULL RUN RIVER NEAR BULL RUN, OR",ST,reference,0.3350970711035606,0.0,True,stream gauge
14141500,"LITTLE SANDY RIVER NEAR BULL RUN, OR",ST,reference,0.4175278552496376,0.0,True,stream gauge
14144800,"MIDDLE FORK WILLAMETTE RIVER NR OAKRIDGE, OR",ST,reference,0.239565658275636,0.0,True,stream gauge
14144900,"HILLS CR AB HILLS CR RES, NR OAKRIDGE, OR",ST,reference,0.0631568320746452,0.0,True,stream gauge
14147500,"N FK OF M FK WILLAMETTE R NR OAKRIDGE, OR",ST,reference,0.1390022599069422,1.0,True,stream gauge
14150800,"WINBERRY CREEK NEAR LOWELL,OR",ST,reference,0.5903237954242627,5.0,True,stream gauge
14152500,"COAST FORK WILLAMETTE AT LONDON, OR",ST,reference,0.4010367064506919,16.0,True,stream gauge
14158500,"MCKENZIE RIVER AT OUTLET OF CLEAR LAKE, OR",ST,reference,-0.0617894597077415,0.0,True,stream gauge
14161100,"BLUE RIVER BELOW TIDBITS CREEK, NR BLUE RIVER, OR",ST,reference,0.2435133401051963,0.0,True,stream gauge
14161500,"LOOKOUT CREEK NEAR BLUE RIVER, OR",ST,reference,0.051615103982665,0.0,True,stream gauge
14182500,"LITTLE NORTH SANTIAM RIVER NEAR MEHAMA, OR",ST,reference,0.6596486058401297,41.5,True,stream gauge
14185000,"SOUTH SANTIAM RIVER BELOW CASCADIA, OR",ST,reference,0.3240394522856797,11.0,True,stream gauge
14185900,"QUARTZVILLE CREEK NEAR CASCADIA, OR",ST,reference,0.3122315045798635,4.0,True,stream gauge
14316495,"BOULDER CREEK NEAR TOKETEE FALLS, OR",ST,reference,0.3869015637849188,1.0,True,stream gauge
14318000,"LITTLE RIVER AT PEEL, OR",ST,reference,0.4778741934028176,20.5,True,stream gauge
14337800,"ELK CREEK NEAR CASCADE GORGE,OREG.",ST,reference,0.3605820727060251,31.0,True,stream gauge
14337870,"WEST BRANCH ELK CREEK NEAR TRAIL,OREG.",ST,reference,0.5846972577465429,1.5,True,stream gauge
15056210,TAIYA R NR SKAGWAY AK,ST,reference,0.0761800382250344,0.0,True,stream gauge
15085100,OLD TOM C NR KASAAN AK,ST,reference,0.6573291949607347,0.0,True,stream gauge
15129500,SITUK R NR YAKUTAT AK,ST,reference,0.4732636071648034,0.0,True,stream gauge
15200280,GULKANA R AT SOURDOUGH AK,ST,reference,0.8745489698096287,0.0,True,stream gauge
15236900,WOLVERINE C NR LAWING AK,ST,reference,0.0561191734287913,0.0,True,stream gauge
15266300,KENAI R AT SOLDOTNA AK,ST,reference,0.3806236324491499,0.0,True,stream gauge
15272380,TWENTYMILE R BL GLACIER R NR PORTAGE AK,ST,reference,0.2389084877921414,0.0,True,stream gauge
15283700,MOOSE C NR PALMER AK,ST,reference,0.4491737226088185,0.0,True,stream gauge
15284000,MATANUSKA R AT PALMER AK,ST,reference,0.1219398263872309,0.0,True,stream gauge
15290000,L SUSITNA R NR PALMER AK,ST,reference,0.3856187094732883,0.0,True,stream gauge
15292700,TALKEETNA R NR TALKEETNA AK,ST,reference,0.309663999256263,0.0,True,stream gauge
15294005,WILLOW C NR WILLOW AK,ST,reference,0.5998057515001691,0.0,True,stream gauge
15297610,RUSSELL C NR COLD BAY AK,ST,reference,0.5557765347800875,0.0,True,stream gauge
15300250,UPPER TALARIK C NR ILIAMNA AK,ST,reference,0.443211756661435,0.0,True,stream gauge
15300300,ILIAMNA R NR PEDRO BAY AK,ST,reference,0.2489948437904359,0.0,True,stream gauge
15302000,NUYAKUK R NR DILLINGHAM AK,ST,reference,0.333981307256214,0.0,True,stream gauge
15302200,KOKTULI R NR ILIAMNA AK,ST,reference,0.4587134933881471,0.0,True,stream gauge
15302250,NF KOKTULI R NR ILIAMNA AK,ST,reference,0.6014793890518798,0.0,True,stream gauge
15484000,SALCHA R NR SALCHAKET AK,ST,reference,0.6955679858314332,0.0,True,stream gauge
15493000,CHENA R NR TWO RIVERS AK,ST,reference,0.4966047796106401,0.0,True,stream gauge
15564879,SLATE C AT COLDFOOT AK,ST,reference,0.4303347801501115,0.0,True,stream gauge
15803000,MEADE R AT ATKASUK AK,ST,reference,0.4351441337708656,0.0,True,stream gauge
16618000,"Kahakuloa Stream near Honokohau, Maui, HI",ST,reference,0.5431454925574674,80.0,True,stream gauge
402114105350101,"BIG THOMPSON BL MORAINE PARK NR ESTES PARK, CO",ST,reference,1.0235164025743972,0.0,True,stream gauge
01073319,"LAMPREY RIVER AT LANGFORD ROAD, AT RAYMOND, NH",ST,tailwater,0.5553882254757878,67.5,True,stream gauge
01091000,"SOUTH BRANCH PISCATAQUOG RIVER NEAR GOFFSTOWN, NH",ST,tailwater,0.9431675519863176,76.0,True,stream gauge
01095220,"STILLWATER RIVER NEAR STERLING, MA",ST,tailwater,0.5888152967350336,44.0,True,stream gauge
01095375,"QUINAPOXET RIVER AT CANADA MILLS NEAR HOLDEN, MA",ST,tailwater,1.1607645133868478,55.5,True,stream gauge
01095434,"GATES BROOK NEAR WEST BOYLSTON, MA",ST,tailwater,0.2033380844541428,3.0,True,stream gauge
01104370,"STONY BROOK AT VILES STREET, NEAR WESTON, MA",ST,tailwater,0.0755334867098372,8.0,True,stream gauge
01104415,"CAMBRIDGE RES., UNNAMED TRIB 2, NR LEXINGTON, MA",ST,tailwater,-0.1145894965338035,8.0,True,stream gauge
01104420,"CAMBRIDGE RES., UNNAMED TRIB 3, NR LEXINGTON, MA",ST,tailwater,0.2176604616633901,14.0,True,stream gauge
01104430,"HOBBS BK BELOW CAMBRIDGE RES NR KENDALL GREEN, MA",ST,tailwater,0.4614430126520847,51.5,True,stream gauge
01104455,"STONY BROOK, UNNAMED TRIBUTARY 1, NEAR WALTHAM, MA",ST,tailwater,0.7033715781208107,11.0,True,stream gauge
01104460,"STONY BROOK AT RT 20 AT WALTHAM, MA",ST,tailwater,0.6046757139429684,24.0,True,stream gauge
01104475,"STONY BROOK RES., UNNAMED TRIB 1, NEAR WESTON, MA",ST,tailwater,0.0033714932977447,5.0,True,stream gauge
01104480,"STONY BROOK RESERVOIR AT DAM NEAR WALTHAM, MA",ST,tailwater,-1.3033343339371182,87.0,True,stream gauge
01447720,"Tobyhanna Creek near Blakeslee, PA",ST,tailwater,0.6773450826505505,47.0,True,stream gauge
01447800,Lehigh R bl Francis E Walter Res nr White Haven PA,ST,tailwater,0.671333582939933,27.5,True,stream gauge
01571820,"Swatara Creek at Ravine, PA",ST,tailwater,0.7930576971549828,3.5,True,stream gauge
02079500,"ROANOKE RIVER AT BUGGS ISLAND, VA",ST,tailwater,-0.1113467174204326,87.0,True,stream gauge
0212378405,"PEE DEE R AT HWY731 BL LK TILLERY NR NORWOOD, NC",ST,tailwater,0.561362445522465,163.5,True,stream gauge
0212880025,"PEE DEE RIVER BELOW POWERHOUSE DAM NR PEE DEE, NC",ST,tailwater,0.3061688077495529,148.0,True,stream gauge
02138520,"CATAWBA R AT SR1223 BL LK JAMES NR BRIDGEWATER, NC",ST,tailwater,-2.0607175894858565,1.0,True,stream gauge
0214244102,"CATAWBA RIVER BL LOOKOUT SHOALS DAM NR SHARON, NC",ST,tailwater,0.634321254664186,128.0,True,stream gauge
0214267602,"CATAWBA RIVER DNSTRM DECK MTN IS DAM NR MTN IS, NC",ST,tailwater,0.4730657410280076,158.5,True,stream gauge
02147310,"CATAWBA RIVER AT GREAT FALLS, SC",ST,tailwater,0.1307390587904527,155.0,True,stream gauge
021474095,"GREAT FALLS RESERVOIR TAILRACE BL GREAT FALLS, SC",ST,tailwater,0.0584058184185847,161.0,True,stream gauge
02147505,"CEDAR CREEK RES TAILRACE BELOW GREAT FALLS, SC",ST,tailwater,-0.2223116733370211,152.0,True,stream gauge
02160991,"BROAD RIVER NEAR JENKINSVILLE, SC",ST,tailwater,0.3616466459552298,157.5,True,stream gauge
02162035,"BROAD RIVER NEAR COLUMBIA, SC",ST,tailwater,0.6245757197757065,161.0,True,stream gauge
02171645,"REDIV CANAL AT SANTEE RIVER NR ST STEPHEN, SC",ST,tailwater,0.2928510662502426,177.0,True,stream gauge
02172020,"W BRANCH COOPER R AT PIMLICO NR MONCKS CORNER, SC",ST-TS,tailwater,0.2559449557140748,163.5,True,stream gauge
02172040,"BACK RIVER AT DUPONT INTAKE NR KITTREDGE, SC",ST-TS,tailwater,0.3151508544102308,165.0,True,stream gauge
02172050,"COOPER R NR GOOSE CREEK, SC",ST-TS,tailwater,0.2893473377188973,168.0,True,stream gauge
021720508,"COOPER RIVER ABOVE GOOSE CREEK, SC",ST-TS,tailwater,0.2907151133752523,176.0,True,stream gauge
02172053,"COOPER R AT MOBAY NR N CHARLESTON, SC",ST-TS,tailwater,0.3428872090224335,169.0,True,stream gauge
021720677,"COOPER R AT FILBIN CREEK AT NORTH CHARLESTON, SC",ST-TS,tailwater,0.3751761804571693,170.0,True,stream gauge
02334480,"RICHLAND CREEK AT SUWANEE DAM ROAD, NEAR BUFORD,GA",ST,tailwater,0.4032964632670469,95.0,True,stream gauge
02334578,"LEVEL CREEK AT SUWANEE DAM ROAD, NEAR SUWANEE, GA",ST,tailwater,0.4577035719904074,88.5,True,stream gauge
02335815,"CHATTAHOOCHEE RIVER BELOW MORGAN FALLS DAM, GA",ST,tailwater,0.2209515834684504,13.0,True,stream gauge
023432415,"CHATTAHOOCHEE R .36 MI DS WFG DAM NR FT GAINES, GA",ST,tailwater,0.3567771782152711,171.0,True,stream gauge
02343805,"CHATTAHOOCHEE RIVER AT MILE 46 NEAR COLUMBIA, ALA",ST,tailwater,0.2276739571623658,175.5,True,stream gauge
02356000,"FLINT RIVER AT BAINBRIDGE, GA",ST,tailwater,0.1207361462603022,175.0,True,stream gauge
02357150,"SPRING CREEK NEAR REYNOLDSVILLE, GA",ST,tailwater,0.1805015381660042,170.0,True,stream gauge
02358000,APALACHICOLA RIVER AT CHATTAHOOCHEE FLA,ST,tailwater,-0.1956037398441039,183.0,True,stream gauge
02394000,"ETOWAH RIVER AT ALLATOONA DAM, ABV CARTERSVILLE,GA",ST,tailwater,-0.2271341825753659,98.0,True,stream gauge
02397000,"COOSA RIVER MAYOS BAR NEAR ROME, GA",ST,tailwater,0.5389154473031376,127.0,True,stream gauge
03058000,"WEST FORK R BL STONEWALL JACKSON DAM NR WESTON, WV",ST,tailwater,0.3254761842483313,51.0,True,stream gauge
03086500,Mahoning River at Alliance OH,ST,tailwater,0.346705795796479,72.0,True,stream gauge
03119341,McGuire Creek above Leesville Lake OH,ST,tailwater,0.4857630620135537,108.5,True,stream gauge
03119971,North Fork McGuire Creek near Carrollton OH,ST,tailwater,1.0116130548772124,81.0,True,stream gauge
03119979,Bear Hole Run near Carrollton OH,ST,tailwater,0.2754284130981243,14.5,True,stream gauge
03120820,Indian Fork at Dellroy OH,ST,tailwater,0.9011001344540344,92.5,True,stream gauge
03120869,Willow Run near Dellroy OH,ST,tailwater,0.7307845790164456,46.0,True,stream gauge
03120961,Unnamed Tributary near Dellroy OH,ST,tailwater,0.5456042853208207,49.5,True,stream gauge
03324500,"SALAMONIE RIVER AT DORA, IN",ST,tailwater,0.1087044445436248,64.5,True,stream gauge
03327000,"MISSISSINEWA RIVER AT PEORIA, IN",ST,tailwater,0.476284341662375,77.0,True,stream gauge
03354000,"WHITE RIVER NEAR CENTERTON, IN",ST,tailwater,0.8680748846980287,114.0,True,stream gauge
03359000,"MILL CREEK NEAR MANHATTAN, IN",ST,tailwater,0.2250176718266885,95.5,True,stream gauge
04024000,"ST. LOUIS RIVER AT SCANLON, MN",ST,tailwater,0.5624296746116489,63.0,True,stream gauge
05058000,"SHEYENNE RIVER BELOW BALDHILL DAM, ND",ST,tailwater,0.4671701780472937,64.0,True,stream gauge
06038500,Madison River bl Hebgen Lake nr Grayling MT,ST,tailwater,-0.0467936935395447,0.0,True,stream gauge
06893820,Little Blue R. at Lees Summit Rd in Independence,ST,tailwater,0.7583236687897802,119.0,True,stream gauge
06893890,"East Fork Little Blue River near Blue Springs, MO",ST,tailwater,0.324627377302511,122.0,True,stream gauge
06894000,"Little Blue River near Lake City, MO",ST,tailwater,0.4982341564105076,122.5,True,stream gauge
07053450,"White River bl Table Rock Dam near Branson, MO",ST,tailwater,-0.3920324111240958,0.0,True,stream gauge
07054527,White River below Bull Shoals Dam near Fairview,ST,tailwater,0.2077730010277348,0.0,True,stream gauge
07060000,"North Fork Riv US of Dry Ck bl Norfork Dam, AR",ST,tailwater,-0.3306294242088628,0.0,True,stream gauge
07130500,"ARKANSAS RIVER BELOW JOHN MARTIN RESERVOIR, CO.",ST,tailwater,0.3788600280649213,73.0,True,stream gauge
07263296,"Maumelle River near Wye, AR",ST,tailwater,0.4923963571757198,132.0,True,stream gauge
07280010,"TALLAHATCHIE RIVER AT ALLEN, MS",ST,tailwater,-0.4553227542751274,135.5,True,stream gauge
0728875070,"DEER CREEK EAST OF LELAND, MS",ST,tailwater,0.7791404541161365,168.0,True,stream gauge
07337000,"Red River at Index, AR",ST,tailwater,0.0822082690316278,162.5,True,stream gauge
08048000,"W Fk Trinity Rv at Ft Worth, TX",ST,tailwater,0.0949690885523882,168.0,True,stream gauge
08049500,"W Fk Trinity Rv at Grand Prairie, TX",ST,tailwater,0.2680817534414201,187.0,True,stream gauge
08052700,"Little Elm Ck nr Aubrey, TX",ST,tailwater,0.1658372568018774,158.0,True,stream gauge
08052745,"Doe Br at US Hwy 380 nr Prosper, TX",ST,tailwater,0.1963238013297033,158.0,True,stream gauge
08057000,"Trinity Rv at Dallas, TX",ST,tailwater,0.8636775425310691,187.0,True,stream gauge
08057055,"Trinity Rv at Cedar Crest Blvd, Dallas, TX",ST,tailwater,0.3472249138556199,190.5,True,stream gauge
08057410,"Trinity Rv bl Dallas, TX",ST,tailwater,0.0372938711664851,182.5,True,stream gauge
08062500,"Trinity Rv nr Rosser, TX",ST,tailwater,0.355019713065545,172.0,True,stream gauge
08065350,"Trinity Rv nr Crockett, TX",ST,tailwater,0.2620190712561428,169.0,True,stream gauge
08067074,"CWA Canal at Thompson Rd nr Baytown, TX",ST-CA,tailwater,0.0115511544852819,197.5,True,stream gauge
08068000,"W Fk San Jacinto Rv nr Conroe, TX",ST,tailwater,0.3956367707475725,215.0,True,stream gauge
08068400,"Panther Br at Gosling Rd, The Woodlands, TX",ST,tailwater,0.078818813444281,255.0,True,stream gauge
08068500,"Spring Ck nr Spring, TX",ST,tailwater,0.3256944532649438,216.0,True,stream gauge
08069500,"W Fk San Jacinto Rv nr Humble, TX",ST,tailwater,0.2847360612564372,209.0,True,stream gauge
08070200,"E Fk San Jacinto Rv nr New Caney, TX",ST,tailwater,0.3012671618148558,181.5,True,stream gauge
08074000,"Buffalo Bayou at Houston, TX",ST-TS,tailwater,0.3873458166737135,188.0,True,stream gauge
08074710,"Buffalo Bayou at Turning Basin, Houston, TX",ST-TS,tailwater,0.2175237203454138,220.5,True,stream gauge
08123800,"Beals Ck nr Westbrook, TX",ST,tailwater,0.1389857747423742,163.0,True,stream gauge
08123850,"Colorado Rv abv Silver, TX",ST,tailwater,-0.3655153941386614,153.0,True,stream gauge
08159200,"Colorado Rv at Bastrop, TX",ST,tailwater,-0.3208862540776088,183.5,True,stream gauge
08211200,"Nueces Rv at Bluntzer, TX",ST,tailwater,-0.0464241027317548,234.0,True,stream gauge
08211503,"Rincon Bayou Channel nr Calallen, TX",ST-TS,tailwater,0.1347708923375194,262.0,True,stream gauge
08405200,"PECOS RIVER BELOW DARK CANYON AT CARLSBAD, NM",ST,tailwater,0.0145155209249711,135.0,True,stream gauge
08407500,"PECOS RIVER AT RED BLUFF, NM",ST,tailwater,0.1182037135234886,142.0,True,stream gauge
09014050,"GRAND LAKE OUTLET BLW CHIPMUNK LN AT GRAND LK, CO",ST,tailwater,-0.0504219615453281,0.0,True,stream gauge
09041400,"MUDDY CRK BLW WOLFORD MTN RESER. NR KREMMLING, CO",ST,tailwater,-0.9671305719998028,0.0,True,stream gauge
10133650,"E CANYON CR BL I-80 REST STOP NR PARK CITY, UT",ST,tailwater,1.7761755997969264,19.0,True,stream gauge
11046050,SANTA MARGARITA R A MOUTH NR OCEANSIDE CA,ST,tailwater,0.157410642781031,154.0,True,stream gauge
11046372,SAN MATEO C LAGOON A MOUTH NR SAN CLEMENTE CA,ST,tailwater,-1.1643213480509025,103.5,True,stream gauge
11172945,ALAMEDA C AB DIV DAM NR SUNOL CA,ST,tailwater,0.2013877083324929,5.0,True,stream gauge
11173510,ALAMEDA C BL CALAVERAS C NR SUNOL CA,ST,tailwater,-0.3883246712421941,34.0,True,stream gauge
11173575,ALAMEDA C BL WELCH C NR SUNOL CA,ST,tailwater,0.1745561425039296,14.5,True,stream gauge
11251000,SAN JOAQUIN R BL FRIANT CA,ST,tailwater,-0.2752143543515603,0.0,True,stream gauge
11254000,SAN JOAQUIN R NR MENDOTA CA,ST,tailwater,0.1122544633334479,138.0,True,stream gauge
11273400,SAN JOAQUIN R AB MERCED R NR NEWMAN CA,ST,tailwater,0.2998249586038285,165.0,True,stream gauge
11276900,TUOLUMNE R BL EARLY INTAKE NR MATHER CA,ST,tailwater,0.4150483577505709,2.0,True,stream gauge
11277300,CHERRY C BL VALLEY DAM NR HETCH HETCHY CA,ST,tailwater,0.4096493163059963,0.0,True,stream gauge
11278400,CHERRY C BL DION R HOLM PH NR MATHER CA,ST,tailwater,0.4100883631304709,0.0,True,stream gauge
11289650,TUOLUMNE R BL LAGRANGE DAM NR LAGRANGE CA,ST,tailwater,-0.4238833177980679,0.0,True,stream gauge
11290000,TUOLUMNE R A MODESTO CA,ST,tailwater,-0.3654244239722369,137.0,True,stream gauge
11299997,STANISLAUS R BL TULLOCH PP NR KNIGHTS FERRY CA,ST,tailwater,-0.0627328737960761,0.0,True,stream gauge
11302000,STANISLAUS R BL GOODWIN DAM NR KNIGHTS FERRY CA,ST,tailwater,-0.0191737127490513,0.0,True,stream gauge
11303000,STANISLAUS R A RIPON CA,ST,tailwater,-0.2615980857952404,52.0,True,stream gauge
11390500,SACRAMENTO R BL WILKINS SLOUGH NR GRIMES CA,ST,tailwater,0.4064102081862785,3.0,True,stream gauge
11425500,SACRAMENTO R A VERONA CA,ST,tailwater,-0.2336886345370325,36.0,True,stream gauge
11446220,AMERICAN R BL FOLSOM DAM NR FOLSOM CA,ST,tailwater,-0.0196369518612403,0.0,True,stream gauge
11446500,AMERICAN R A FAIR OAKS CA,ST,tailwater,-0.115048321453616,0.0,True,stream gauge
11446700,AMERICAN R A WILLIAM B POND PARK A CARMICHAEL CA,ST,tailwater,-0.231834570299336,0.0,True,stream gauge
11446980,AMERICAN R BL WATT AVE BRDG NR CARMICHAEL CA,ST,tailwater,-0.0656607285878663,0.0,True,stream gauge
11467000,RUSSIAN R A HACIENDA BRIDGE NR GUERNEVILLE CA,ST,tailwater,0.2061909370354779,89.0,True,stream gauge
12056500,"NF SKOKOMISH R BL STAIRCASE RPDS NR HOODSPORT, WA",ST,tailwater,0.2872573685231583,0.0,True,stream gauge
12058800,"NF SKOKOMISH R BL LWR CUSHMAN DAM NR POTLATCH, WA",ST,tailwater,-0.0849166701615945,0.0,True,stream gauge
12100490,"WHITE RIVER AT R STREET NEAR AUBURN, WA",ST,tailwater,0.2915901929248339,0.0,True,stream gauge
12101100,"LAKE TAPPS DIVERSION AT DIERINGER, WA",ST-CA,tailwater,-0.115518970300453,0.0,True,stream gauge
12101102,"WHITE RIVER AT 24TH ST E AT DIERINGER, WA",ST,tailwater,0.0648816864682444,0.0,True,stream gauge
12117600,"CEDAR RIVER BELOW DIVERSION NEAR LANDSBURG, WA",ST,tailwater,0.3316286922026545,0.0,True,stream gauge
12119000,"CEDAR RIVER AT RENTON, WA",ST,tailwater,0.5096324547999064,0.0,True,stream gauge
12179900,"BACON CREEK BELOW OAKES CREEK NEAR MARBLEMOUNT, WA",ST,tailwater,-0.1940763994413132,0.0,True,stream gauge
12181000,"SKAGIT RIVER AT MARBLEMOUNT, WA",ST,tailwater,0.2043882059700706,0.0,True,stream gauge
12189500,"SAUK RIVER NEAR SAUK, WA",ST,tailwater,-0.011745672213473,0.0,True,stream gauge
12438000,"COLUMBIA RIVER AT BRIDGEPORT, WA",ST,tailwater,0.1226672583131392,0.0,True,stream gauge
12447302,"OKANOGAN RIVER NR WAKEFIELD BR SOUTH OF MALOTT, WA",ST,tailwater,0.3147016624521348,50.5,True,stream gauge
13342500,CLEARWATER RIVER AT SPALDING ID,ST,tailwater,-0.0649332250288796,0.0,True,stream gauge
14019240,"COLUMBIA RIVER BELOW MCNARY DAM NEAR UMATILLA, OR",ST,tailwater,0.1323273317391793,2.0,True,stream gauge
14148000,"MF WILLAMETTE RIVER BLW N FORK, NR OAKRIDGE, OR.",ST,tailwater,0.1097517568799747,0.0,True,stream gauge
14151000,"FALL CREEK BLW WINBERRY CREEK, NEAR FALL CREEK, OR",ST,tailwater,0.1941530534357946,0.0,True,stream gauge
14152000,"MIDDLE FORK WILLAMETTE RIVER AT JASPER, OR",ST,tailwater,0.0266889797283146,0.0,True,stream gauge
14153500,"COAST FORK WILLAMETTE R BLW COTTAGE GROVE DAM, OR",ST,tailwater,-0.0817876172514125,0.0,True,stream gauge
14158740,"MCKENZIE RIVER BL PAYNE CR, NR BELKNAP SPRINGS, OR",ST,tailwater,-0.0263474096416772,0.0,True,stream gauge
14162200,"BLUE RIVER AT BLUE RIVER, OR",ST,tailwater,-0.0390064843839638,0.0,True,stream gauge
14164700,"CEDAR CREEK AT SPRINGFIELD, OR",ST,tailwater,0.2220849248290136,28.5,True,stream gauge
14178000,"NO SANTIAM R BLW BOULDER CRK, NR DETROIT, OR",ST,tailwater,0.2528444826995961,0.0,True,stream gauge
14180300,"BLOWOUT CREEK NEAR DETROIT, OR",ST,tailwater,0.196255442539165,0.0,True,stream gauge
14184100,"NORTH SANTIAM R AT GREENS BRIDGE, NR JEFFERSON, OR",ST,tailwater,0.3012194466948049,1.0,True,stream gauge
14186200,"MIDDLE SANTIAM R BLW GREEN PETER DAM NR FOSTER, OR",ST,tailwater,0.6700425248488145,0.0,True,stream gauge
14197900,"WILLAMETTE RIVER AT NEWBERG, OR",ST,tailwater,0.3377687848851949,33.0,True,stream gauge
14202980,"SCOGGINS CK BLW HENRY HAGG LAKE, NR GASTON, OR",ST,tailwater,0.2795291588217413,0.0,True,stream gauge
14206950,"FANNO CREEK AT DURHAM, OR",ST,tailwater,0.573220109251803,19.0,True,stream gauge
14210000,"CLACKAMAS RIVER AT ESTACADA, OR",ST,tailwater,0.2939850403661873,0.0,True,stream gauge
14320934,"LITTLE WOLF CREEK NEAR TYEE, OR",ST,tailwater,0.6737981131570646,0.0,True,stream gauge
14330000,"ROGUE RIVER BELOW PROSPECT, OR",ST,tailwater,0.1869738219128734,0.0,True,stream gauge
14337830,"ELK CREEK BELOW ALCO CREEK, NEAR TRAIL, OR",ST,tailwater,0.4253076390556793,66.5,True,stream gauge
453004122510301,"BEAVERTON CREEK AT 170TH AVE, BEAVERTON, OR",ST,tailwater,0.5647204991878831,33.5,True,stream gauge
453040123065201,"GALES CREEK AT OLD HWY 47, FOREST GROVE, OR",ST,tailwater,0.4780556869749139,27.0,True,stream gauge
453113123003501,"DAIRY CREEK AT HWY 8, HILLSBORO, OR",ST,tailwater,0.6058990565349887,4.0,True,stream gauge
02129375,"PEE DEE RIVER ABOVE JONES CREEK NEAR CORDOVA, NC",ST,upstream,0.0073127207125123,148.0,True,stream gauge
0214264790,"CATAWBA R AT RR BRIDGE AB NC 73 AT COWANS FORD, NC",ST,upstream,0.4600210346289776,161.0,True,stream gauge
021720698,"WANDO RIVER ABOVE MT PLEASANT, SC",ST-TS,upstream,0.2773409504983971,174.0,True,stream gauge
02335450,"CHATTAHOOCHEE RIVER ABOVE ROSWELL, GA",ST,upstream,0.0248087577024339,1.0,True,stream gauge
03125338,Stillwater Creek above Piedmont Lake OH,ST,upstream,0.5787458235115811,80.5,True,stream gauge
03126395,Brushy Fork above Clendening Lake OH,ST,upstream,0.5934182179456919,80.0,True,stream gauge
03127980,Clear Fork above Tappan Lake OH,ST,upstream,0.5715135108164766,89.5,True,stream gauge
03127986,Standingstone Fork above Tappan Lake OH,ST,upstream,0.5469884631221896,80.0,True,stream gauge
03127989,Beaverdam Run above Tappan Lake OH,ST,upstream,0.5043849190927426,83.0,True,stream gauge
03140853,Seneca Fork above Senecaville Lake OH,ST,upstream,0.74948643115495,83.5,True,stream gauge
03140900,South Fork above Senecaville Lake OH,ST,upstream,0.5130986863498765,104.5,True,stream gauge
03140950,Beaver Creek above Senecaville Lake OH,ST,upstream,0.3950855367292046,92.0,True,stream gauge
03373980,"WHITE RIVER ABOVE PETERSBURG, IN",ST,upstream,0.9190232036510246,122.0,True,stream gauge
07099400,"ARKANSAS RIVER ABOVE PUEBLO, CO",ST,upstream,-0.5338862613478224,0.0,True,stream gauge
09071750,"COLORADO RIVER ABOVE GLENWOOD SPRINGS, CO",ST,upstream,0.8248914155314446,0.0,True,stream gauge
09085150,COLORADO R ABV SOUTH CANYON CR NR GLENWOOD SPGS CO,ST,upstream,1.3924120809452043,0.0,True,stream gauge
09136100,"NORTH FK GUNNISON RIVER ABOVE MOUTH NR LAZEAR, CO",ST,upstream,0.7821686645032263,60.0,True,stream gauge
09371520,"MCELMO CREEK ABOVE TRAIL CANYON NEAR CORTEZ, CO",ST,upstream,0.5887914922784839,64.0,True,stream gauge
10133980,"EAST CANYON CREEK AB EAST CYN RES NR MORGAN, UTAH",ST,upstream,0.7835307803208225,48.0,True,stream gauge
11206820,MARBLE FORK KAWEAH R AB HORSE C NR LODGEPOLE CA,ST,upstream,0.4806822343601943,0.0,True,stream gauge
11274790,TUOLUMNE R A GRAND CYN OF TUOLUMNE AB HETCH HETCHY,ST,upstream,0.7718586159014428,5.5,True,stream gauge
11276600,TUOLUMNE R AB EARLY INTAKE NR MATHER CA,ST,upstream,0.6082071282495903,3.0,True,stream gauge
11509370,"KLAMATH RIVER ABOVE KENO DAM, AT KENO, OR",ST,upstream,0.0801816954001323,55.5,True,stream gauge
12098700,"WHITE RIVER AT HEADWORKS AB FLUME NR BUCKLEY, WA",ST,upstream,0.2882209988559374,0.0,True,stream gauge
12147470,"NF TOLT RIVER ABOVE YELLOW CREEK NR CARNATION, WA",ST,upstream,-0.0234420142277513,0.0,True,stream gauge
13211210,"BOISE RIVER ABV INDIAN CREEK AT CALDWELL, ID",ST,upstream,0.2619872665117088,30.0,True,stream gauge
14034470,"WILLOW CREEK ABV WILLOW CR LAKE, NR HEPPNER, OR",ST,upstream,0.4599746897011059,28.0,True,stream gauge
14145500,"MF WILLAMETTE RIVER ABV SALT CRK, NEAR OAKRIDGE,OR",ST,upstream,-0.0401813304321942,0.0,True,stream gauge
14150290,"FALL CREEK ABOVE NORTH FORK, NEAR LOWELL, OR",ST,upstream,0.6220564489114513,9.0,True,stream gauge
14154500,"ROW RIVER ABOVE PITCHER CREEK, NEAR DORENA, OR",ST,upstream,0.3338979511218887,22.5,True,stream gauge
14158790,"SMITH RIVER ABV SMITH R RESV,NR BELKNAP SPRNGS,OR",ST,upstream,0.1094043558666291,0.0,True,stream gauge
14158798,SMITH RIVER ABV TRAIL BRDG RESV NR BELKNAP SPRINGS,ST,upstream,-0.0784113515368324,0.0,True,stream gauge
14159200,SO FK MCKENZIE RIVER ABV COUGAR LAKE NR RAINBOW OR,ST,upstream,0.1117119309239439,0.0,True,stream gauge
14179000,"BREITENBUSH R ABV FRENCH CR NR DETROIT, OR.",ST,upstream,0.351038029905218,0.0,True,stream gauge
14316500,"N UMPQUA RIVER ABV COPELAND CK NR TOKETEE FALLS,OR",ST,upstream,0.151981546450226,0.0,True,stream gauge
404417108524900,"GREEN RIVER ABOVE GATES OF LODORE, CO",ST,upstream,0.9823083908551812,8.0,True,stream gauge
420741121554001,"KLAMATH RIVER ABV KENO DAM, AT KENO - BOTTOM",ST,upstream,0.2940772644206266,26.5,True,stream gauge
