site_no,lat,lon,station_nm,state_cd
01073319,43.04138889,-71.2016667,"LAMPREY RIVER AT LANGFORD ROAD, AT RAYMOND, NH",33
01091000,43.01480519,-71.64146129,"SOUTH BRANCH PISCATAQUOG RIVER NEAR GOFFSTOWN, NH",33
01095220,42.41080875,-71.7911516,"STILLWATER RIVER NEAR STERLING, MA",25
01095375,42.37286967,-71.8281279,"QUINAPOXET RIVER AT CANADA MILLS NEAR HOLDEN, MA",25
01095434,42.36453675,-71.775349,"GATES BROOK NEAR WEST BOYLSTON, MA",25
01104370,42.38555556,-71.2894444,"STONY BROOK AT VILES STREET, NEAR WESTON, MA",25
01104415,42.43592855,-71.2600567,"CAMBRIDGE RES., UNNAMED TRIB 2, NR LEXINGTON, MA",25
01104420,42.4198177,-71.2575565,"CAMBRIDGE RES., UNNAMED TRIB 3, NR LEXINGTON, MA",25
01104430,42.3981512,-71.2733903,"HOBBS BK BELOW CAMBRIDGE RES NR KENDALL GREEN, MA",25
01104455,42.37259606,-71.27033448,"STONY BROOK, UNNAMED TRIBUTARY 1, NEAR WALTHAM, MA",25
01104460,42.368985,-71.2706123,"STONY BROOK AT RT 20 AT WALTHAM, MA",25
01104475,42.3545408,-71.2681121,"STONY BROOK RES., UNNAMED TRIB 1, NEAR WESTON, MA",25
01104480,42.3556519,-71.2650565,"STONY BROOK RESERVOIR AT DAM NEAR WALTHAM, MA",25
01170100,42.70341695,-72.67064738,"GREEN RIVER NEAR COLRAIN, MA",25
01193500,41.55220783,-72.44923535,"SALMON RIVER NEAR EAST HAMPTON, CT",09
01435000,41.88994444,-74.5898056,NEVERSINK RIVER NEAR CLARYVILLE NY,36
01447720,41.08472426,-75.6054522,"Tobyhanna Creek near Blakeslee, PA",42
01447800,41.10472447,-75.73212288,Lehigh R bl Francis E Walter Res nr White Haven PA,42
01466500,39.885,-74.50527778,McDonalds Branch in Byrne State Forest NJ,34
01544500,41.47583829,-77.82580078,"Kettle Creek at Cross Fork, PA",42
01545600,41.3894498,-77.6907967,"Young Womans Creek near Renovo, PA",42
01571820,40.58064485,-76.4046785,"Swatara Creek at Ravine, PA",42
01596500,39.57005556,-79.1019444,"SAVAGE RIVER NEAR BARTON, MD",24
01611500,39.5823158,-78.3097312,"CACAPON RIVER NEAR GREAT CACAPON, WV",54
01632900,38.69345016,-78.6427935,"SMITH CREEK NEAR NEW MARKET, VA",51
02011400,38.04234707,-79.8814439,"JACKSON RIVER NEAR BACOVA, VA",51
02011460,38.24540129,-79.76866328,"BACK CREEK NEAR SUNRISE, VA",51
02038850,37.41542434,-78.6358392,"HOLIDAY CREEK NEAR ANDERSONVILLE, VA",51
02077200,36.39777778,-79.1966667,"HYCO CREEK NEAR LEASBURG, NC",37
02079500,36.60319824,-78.2977743,"ROANOKE RIVER AT BUGGS ISLAND, VA",51
02087182,35.9411111,-78.5833333,"FALLS LAKE ABOVE DAM NR FALLS, NC",37
02110500,33.9126719,-78.7150175,"WACCAMAW RIVER NEAR LONGS, SC",45
0212378405,35.20066667,-80.0618056,"PEE DEE R AT HWY731 BL LK TILLERY NR NORWOOD, NC",37
0212880025,34.9834833,-79.8775806,"PEE DEE RIVER BELOW POWERHOUSE DAM NR PEE DEE, NC",37
02129375,34.8662583,-79.878925,"PEE DEE RIVER ABOVE JONES CREEK NEAR CORDOVA, NC",37
02137727,35.6858333,-82.0602778,"CATAWBA R NR PLEASANT GARDENS, NC",37
02138520,35.74125,-81.8352528,"CATAWBA R AT SR1223 BL LK JAMES NR BRIDGEWATER, NC",37
0214244102,35.75719444,-81.08915,"CATAWBA RIVER BL LOOKOUT SHOALS DAM NR SHARON, NC",37
0214264790,35.4277333,-80.9573417,"CATAWBA R AT RR BRIDGE AB NC 73 AT COWANS FORD, NC",37
0214267602,35.33400556,-80.9864083,"CATAWBA RIVER DNSTRM DECK MTN IS DAM NR MTN IS, NC",37
02147310,34.598056,-80.890556,"CATAWBA RIVER AT GREAT FALLS, SC",45
021474095,34.55801667,-80.8935,"GREAT FALLS RESERVOIR TAILRACE BL GREAT FALLS, SC",45
02147505,34.541111,-80.875278,"CEDAR CREEK RES TAILRACE BELOW GREAT FALLS, SC",45
02160991,34.26070285,-81.3303747,"BROAD RIVER NEAR JENKINSVILLE, SC",45
02162035,34.0483333,-81.0733333,"BROAD RIVER NEAR COLUMBIA, SC",45
02171645,33.4275,-79.915,"REDIV CANAL AT SANTEE RIVER NR ST STEPHEN, SC",45
02172020,33.0935042,-79.9489708,"W BRANCH COOPER R AT PIMLICO NR MONCKS CORNER, SC",45
02172040,33.0569722,-79.9584722,"BACK RIVER AT DUPONT INTAKE NR KITTREDGE, SC",45
02172050,33.05766667,-79.9357778,"COOPER R NR GOOSE CREEK, SC",45
021720508,33.01577778,-79.90675,"COOPER RIVER ABOVE GOOSE CREEK, SC",45
02172053,32.9835058,-79.9228612,"COOPER R AT MOBAY NR N CHARLESTON, SC",45
021720677,32.89045228,-79.9628645,"COOPER R AT FILBIN CREEK AT NORTH CHARLESTON, SC",45
021720698,32.8590638,-79.8961963,"WANDO RIVER ABOVE MT PLEASANT, SC",45
02188100,34.1011111,-82.6180556,"RUSSELL LAKE ABOVE CALHOUN FALLS, SC",45
02212600,33.10030556,-83.7231667,"FALLING CREEK NEAR JULIETTE, GA",13
02266200,28.38500749,-81.6164632,"WHITTENHORSE CREEK NEAR VINELAND, FL",12
02310678,28.79972101,-82.58875875,HOMOSASSA SPRINGS AT HOMOSASSA SPRINGS FL,12
02313700,29.20413378,-82.769001,"WACCASASSA RIVER NR GULF HAMMOCK, FLA.",12
02315550,30.3929988,-82.9331875,SUWANNEE RIVER AT SUWANNEE SPRINGS FLA,12
02322700,29.95273288,-82.7859573,"ICHETUCKNEE R @ HWY27 NR HILDRETH, FL",12
02322800,29.91162076,-82.8604033,SANTA FE RIVER NR HILDRETH FLA,12
02334480,34.1325,-84.07,"RICHLAND CREEK AT SUWANEE DAM ROAD, NEAR BUFORD,GA",13
02334578,34.09638889,-84.0780556,"LEVEL CREEK AT SUWANEE DAM ROAD, NEAR SUWANEE, GA",13
02335450,33.98580556,-84.3156944,"CHATTAHOOCHEE RIVER ABOVE ROSWELL, GA",13
02335815,33.96775,-84.3836667,"CHATTAHOOCHEE RIVER BELOW MORGAN FALLS DAM, GA",13
02338523,33.3407222,-85.2267222,"HILLABAHATCHEE CREEK AT THAXTON RD, NR FRANKLIN,GA",13
023432415,31.62219444,-85.0591667,"CHATTAHOOCHEE R .36 MI DS WFG DAM NR FT GAINES, GA",01
02343805,31.24908333,-85.1066111,"CHATTAHOOCHEE RIVER AT MILE 46 NEAR COLUMBIA, ALA",13
02356000,30.91030556,-84.5805,"FLINT RIVER AT BAINBRIDGE, GA",13
02357150,30.903,-84.7495,"SPRING CREEK NEAR REYNOLDSVILLE, GA",13
02358000,30.7010251,-84.8590871,APALACHICOLA RIVER AT CHATTAHOOCHEE FLA,12
02358795,30.79046943,-85.1407611,"JACKSON BLUE SPRING NR MARIANNA, FL",12
02394000,34.1629722,-84.7410833,"ETOWAH RIVER AT ALLATOONA DAM, ABV CARTERSVILLE,GA",13
02397000,34.2005,-85.25641667,"COOSA RIVER MAYOS BAR NEAR ROME, GA",13
02450250,34.28537757,-87.3989084,SIPSEY FORK NEAR GRAYSON AL,01
02479155,31.02527778,-89.0166667,"CYPRESS CREEK NR JANICE, MS",28
03017500,41.60200599,-79.0500392,"Tionesta Creek at Lynch, PA",42
03022540,41.6906115,-80.04811219,"Woodcock Creek at Blooming Valley, PA",42
03028000,41.57533955,-78.69224919,"West Branch Clarion River at Wilcox, PA",42
03058000,39.00452778,-80.4733611,"WEST FORK R BL STONEWALL JACKSON DAM NR WESTON, WV",54
03066000,39.1270524,-79.4683852,"BLACKWATER RIVER AT DAVIS, WV",54
03069500,39.12155556,-79.6755278,"CHEAT RIVER NEAR PARSONS, WV",54
03086500,40.93283615,-81.0945413,Mahoning River at Alliance OH,39
03092090,41.16144549,-81.1970453,West Branch Mahoning River near Ravenna OH,39
03102950,41.44283235,-80.58812999,Pymatuning Creek at Kinsman OH,39
03119341,40.46166667,-81.1255556,McGuire Creek above Leesville Lake OH,39
03119971,40.5133333,-81.1127778,North Fork McGuire Creek near Carrollton OH,39
03119979,40.52888889,-81.1369444,Bear Hole Run near Carrollton OH,39
03120820,40.5536111,-81.1847222,Indian Fork at Dellroy OH,39
03120869,40.57805556,-81.1927778,Willow Run near Dellroy OH,39
03120961,40.56805556,-81.2572222,Unnamed Tributary near Dellroy OH,39
03125338,40.08416667,-81.1272222,Stillwater Creek above Piedmont Lake OH,39
03126395,40.24777778,-81.1483333,Brushy Fork above Clendening Lake OH,39
03127980,40.3386111,-81.11388889,Clear Fork above Tappan Lake OH,39
03127986,40.31166667,-81.1152778,Standingstone Fork above Tappan Lake OH,39
03127989,40.34694444,-81.1266667,Beaverdam Run above Tappan Lake OH,39
03140853,39.86388889,-81.3208333,Seneca Fork above Senecaville Lake OH,39
03140900,39.85277778,-81.3286111,South Fork above Senecaville Lake OH,39
03140950,39.90138889,-81.3194444,Beaver Creek above Senecaville Lake OH,39
03302050,38.04693096,-85.8572681,"BRIER CREEK AT PENDELTON ROAD NEAR LOUISVILLE, KY",21
03324500,40.8116902,-85.6838407,"SALAMONIE RIVER AT DORA, IN",18
03327000,40.7233579,-85.9574609,"MISSISSINEWA RIVER AT PEORIA, IN",18
03354000,39.4975388,-86.4005316,"WHITE RIVER NEAR CENTERTON, IN",18
03359000,39.487539,-86.9247153,"MILL CREEK NEAR MANHATTAN, IN",18
03373980,38.5283854,-87.2538926,"WHITE RIVER ABOVE PETERSBURG, IN",18
03460000,35.6672222,-83.0727778,"CATALOOCHEE CREEK NEAR CATALOOCHEE, NC",37
03490000,36.60871119,-82.567931,"N F HOLSTON RIVER NEAR GATE CITY, VA",51
03497300,35.66453328,-83.7112821,"LITTLE RIVER ABOVE TOWNSEND, TN",47
03544970,34.8836111,-83.7223056,"HIWASSEE RIVER AT RIVERSIDE DR, NR HIAWASSEE, GA",13
03604000,35.49590598,-87.8328037,"BUFFALO RIVER NEAR FLAT WOODS, TN",47
04024000,46.703511,-92.418378,"ST. LOUIS RIVER AT SCANLON, MN",27
04027000,46.4866144,-90.696297,"BAD RIVER NEAR ODANAH, WI",55
04043150,46.80409698,-88.3170724,"SILVER RIVER NEAR L'ANSE, MI",26
04043238,46.78214818,-87.8776299,"SALMON TROUT RIVER NEAR BIG BAY, MI",26
04043244,46.7857589,-87.8523522,"EAST BRANCH SALMON TROUT RIVER NEAR DODGE CITY, MI",26
04043275,46.7135391,-87.8406871,"YELLOW DOG RIVER NEAR BIG BAY, MI",26
04059500,45.7549674,-87.2020793,"FORD RIVER NEAR HYDE, MI",26
04063700,45.7636111,-88.4636111,"POPPLE RIVER NEAR FENCE, WI",55
04085119,44.42249308,-87.9400994,"BOWER CREEK @ COUNTY TRNK HIGHWAY MM NR DE PERE,WI",55
04124000,44.43639239,-85.6986792,"MANISTEE RIVER NEAR SHERMAN, MI",26
04125460,44.19334009,-85.7697863,"PINE RIVER AT HIGH SCHOOL BRIDGE NR HOXEYVILLE, MI",26
04136000,44.6769593,-84.2925146,"AU SABLE RIVER NEAR RED OAK, MI",26
05014300,48.7954444,-113.6805833,Swiftcurrent Cr ab Swiftcurrent Lk at Many Glacier,30
05057000,47.432778,-98.027222,"SHEYENNE RIVER NEAR COOPERSTOWN, ND",38
05057200,47.229167,-98.124444,"BALDHILL CREEK NEAR DAZEY, ND",38
05058000,47.033889,-98.083333,"SHEYENNE RIVER BELOW BALDHILL DAM, ND",38
05412500,42.7399884,-91.261799,"Turkey River at Garber, IA",19
06036805,44.459333,-110.822272,"Firehole River at Old Faithful, YNP",56
06036905,44.620183,-110.863503,Firehole River near West Yellowstone MT,56
06037100,44.6408,-110.861064,"Gibbon River at Madison Jct, YNP",56
06037500,44.657072,-111.067964,"Madison River near West Yellowstone, MT",30
06038500,44.86639167,-111.3387806,Madison River bl Hebgen Lake nr Grayling MT,30
06073500,47.199025,-112.0959056,Dearborn River near Craig MT,30
06187915,45.00283056,-110.0018722,Soda Butte Cr at Park Bndry at Silver Gate,30
06188000,44.92817778,-110.3942694,Lamar River nr Tower Ranger Station YNP,56
06191500,45.1121194,-110.7936667,Yellowstone River at Corwin Springs MT,30
06623800,41.02356508,-106.8248049,"ENCAMPMENT RIVER AB HOG PARK CR, NR ENCAMPMENT, WY",56
06893820,39.0173611,-94.3872778,Little Blue R. at Lees Summit Rd in Independence,29
06893890,39.02556175,-94.3438385,"East Fork Little Blue River near Blue Springs, MO",29
06894000,39.1005609,-94.3005038,"Little Blue River near Lake City, MO",29
06914990,38.7675084,-94.8794073,"L BULL C NR SPRING HILL, KS",20
07014000,37.97477778,-91.2040278,"Huzzah Creek near Steelville, MO",29
07053450,36.5950631,-93.3090721,"White River bl Table Rock Dam near Branson, MO",29
07054527,36.3436111,-92.5741667,White River below Bull Shoals Dam near Fairview,05
07056515,35.94,-92.7133333,"Bear Creek near Silver Hill, AR",05
07060000,36.24923449,-92.2384887,"North Fork Riv US of Dry Ck bl Norfork Dam, AR",05
07061270,37.55255556,-90.8424444,"East Fork Black River near Lesterville, MO",29
07099400,38.2716694,-104.718033,"ARKANSAS RIVER ABOVE PUEBLO, CO",08
07120480,38.19944444,-103.7105556,"LAKE MEREDITH OUTLET AT HWY 71 NR ORDWAY, CO",08
07130500,38.066389,-102.931944,"ARKANSAS RIVER BELOW JOHN MARTIN RESERVOIR, CO.",08
07144780,37.8621972,-98.0137806,"NF NINNESCAH R AB CHENEY RE, KS",20
07191222,36.35535924,-94.7763388,"Beaty Creek near Jay, OK",40
07263296,34.87888889,-92.6855556,"Maumelle River near Wye, AR",05
07280010,34.14463889,-90.2301111,"TALLAHATCHIE RIVER AT ALLEN, MS",28
0728875070,33.4011111,-90.8919444,"DEER CREEK EAST OF LELAND, MS",28
07337000,33.55194444,-94.0411111,"Red River at Index, AR",05
08048000,32.76096337,-97.3325167,"W Fk Trinity Rv at Ft Worth, TX",48
08049500,32.7625,-96.9944444,"W Fk Trinity Rv at Grand Prairie, TX",48
08052700,33.28344977,-96.8927805,"Little Elm Ck nr Aubrey, TX",48
08052745,33.219298,-96.8919565,"Doe Br at US Hwy 380 nr Prosper, TX",48
08057000,32.7748517,-96.8219464,"Trinity Rv at Dallas, TX",48
08057055,32.7521361,-96.7825528,"Trinity Rv at Cedar Crest Blvd, Dallas, TX",48
08057410,32.70763139,-96.7358319,"Trinity Rv bl Dallas, TX",48
08062500,32.42652988,-96.4630415,"Trinity Rv nr Rosser, TX",48
08065350,31.33851319,-95.6563407,"Trinity Rv nr Crockett, TX",48
08067074,29.80674444,-95.0323972,"CWA Canal at Thompson Rd nr Baytown, TX",48
08068000,30.24465738,-95.4571616,"W Fk San Jacinto Rv nr Conroe, TX",48
08068400,30.192159,-95.4838288,"Panther Br at Gosling Rd, The Woodlands, TX",48
08068500,30.11049517,-95.4363275,"Spring Ck nr Spring, TX",48
08069500,30.02716385,-95.2579888,"W Fk San Jacinto Rv nr Humble, TX",48
08070200,30.14523056,-95.1246139,"E Fk San Jacinto Rv nr New Caney, TX",48
08074000,29.76022829,-95.4085505,"Buffalo Bayou at Houston, TX",48
08074710,29.74939477,-95.2910473,"Buffalo Bayou at Turning Basin, Houston, TX",48
08123800,32.1992913,-101.0140029,"Beals Ck nr Westbrook, TX",48
08123850,32.05374399,-100.762052,"Colorado Rv abv Silver, TX",48
08155500,30.26354169,-97.7713947,"Barton Spgs at Austin, TX",48
08159200,30.10466154,-97.3194368,"Colorado Rv at Bastrop, TX",48
08211200,27.93779594,-97.7758308,"Nueces Rv at Bluntzer, TX",48
08211503,27.8969652,-97.6255509,"Rincon Bayou Channel nr Calallen, TX",48
08377900,35.77711389,-105.6580278,"RIO MORA NEAR TERRERO, NM",35
08405200,32.409275,-104.2149722,"PECOS RIVER BELOW DARK CANYON AT CARLSBAD, NM",35
08407500,32.07519167,-104.0394361,"PECOS RIVER AT RED BLUFF, NM",35
09014050,40.2461111,-105.8288333,"GRAND LAKE OUTLET BLW CHIPMUNK LN AT GRAND LK, CO",08
09041400,40.108611,-106.413333,"MUDDY CRK BLW WOLFORD MTN RESER. NR KREMMLING, CO",08
09071750,39.5588711,-107.2908874,"COLORADO RIVER ABOVE GLENWOOD SPRINGS, CO",08
09085150,39.561667,-107.406667,COLORADO R ABV SOUTH CANYON CR NR GLENWOOD SPGS CO,08
09136100,38.78516667,-107.8334167,"NORTH FK GUNNISON RIVER ABOVE MOUTH NR LAZEAR, CO",08
09196500,43.02705556,-109.7735278,"PINE CREEK ABOVE FREMONT LAKE, WY",56
09352900,37.4775,-107.543056,"VALLECITO CREEK NEAR BAYFIELD, CO.",08
09371520,37.32666396,-108.70066068,"MCELMO CREEK ABOVE TRAIL CANYON NEAR CORTEZ, CO",08
09505800,34.53863606,-111.6940356,"WEST CLEAR CREEK NEAR CAMP VERDE, AZ",04
10133650,40.7238375,-111.5196438,"E CANYON CR BL I-80 REST STOP NR PARK CITY, UT",49
10133980,40.8695861,-111.5866222,"EAST CANYON CREEK AB EAST CYN RES NR MORGAN, UTAH",49
10172200,40.77994627,-111.806045,"RED BUTTE CREEK AT FORT DOUGLAS, NEAR SLC, UT",49
10249300,38.8874302,-117.2453673,"S TWIN RV NR ROUND MOUNTAIN, NV",32
10313400,41.54991275,-115.3067288,"MARYS RV BLW ORANGE BRG NR CHARLESTON, NV",32
10336645,39.05183077,-120.1185016,GENERAL C NR MEEKS BAY CA,06
10336660,39.107385,-120.1621147,BLACKWOOD C NR TAHOE CITY CA,06
10336676,39.13210688,-120.1576705,WARD C AT HWY 89 NR TAHOE PINES CA,06
10343500,39.43154577,-120.2379547,SAGEHEN C NR TRUCKEE CA,06
10396000,42.7908333,-118.8675,DONNER UND BLITZEN RIVER NR FRENCHGLEN OR,41
11046050,33.23780556,-117.3953056,SANTA MARGARITA R A MOUTH NR OCEANSIDE CA,06
11046372,33.38666667,-117.5938889,SAN MATEO C LAGOON A MOUTH NR SAN CLEMENTE CA,06
11172945,37.4974356,-121.7735644,ALAMEDA C AB DIV DAM NR SUNOL CA,06
11173200,37.46160337,-121.769397,ARROYO HONDO NR SAN JOSE CA,06
11173510,37.5035472,-121.8246774,ALAMEDA C BL CALAVERAS C NR SUNOL CA,06
11173575,37.5404908,-121.856345,ALAMEDA C BL WELCH C NR SUNOL CA,06
11203580,36.0482899,-118.6542574,SF TULE R NR CHOLOLLO CAMPGROUND NR PORTERVILLE CA,06
11204100,36.02411648,-118.8134258,SF TULE R NR RESERVATION BNDRY NR PORTERVILLE CA,06
11206820,36.61166667,-118.7016667,MARBLE FORK KAWEAH R AB HORSE C NR LODGEPOLE CA,06
11251000,36.98439397,-119.7243124,SAN JOAQUIN R BL FRIANT CA,06
11254000,36.8105046,-120.3782256,SAN JOAQUIN R NR MENDOTA CA,06
11264500,37.73130354,-119.5590243,MERCED R A HAPPY ISLES BRIDGE NR YOSEMITE CA,06
11273400,37.34718815,-120.9761399,SAN JOAQUIN R AB MERCED R NR NEWMAN CA,06
11274790,37.91657698,-119.6598627,TUOLUMNE R A GRAND CYN OF TUOLUMNE AB HETCH HETCHY,06
11276600,37.87935307,-119.947092,TUOLUMNE R AB EARLY INTAKE NR MATHER CA,06
11276900,37.88157506,-119.9701483,TUOLUMNE R BL EARLY INTAKE NR MATHER CA,06
11277300,37.96768499,-119.91737025,CHERRY C BL VALLEY DAM NR HETCH HETCHY CA,06
11278400,37.890186,-119.9698706,CHERRY C BL DION R HOLM PH NR MATHER CA,06
11289650,37.66629746,-120.4421023,TUOLUMNE R BL LAGRANGE DAM NR LAGRANGE CA,06
11290000,37.627153,-120.9843777,TUOLUMNE R A MODESTO CA,06
11299997,37.87603788,-120.6052025,STANISLAUS R BL TULLOCH PP NR KNIGHTS FERRY CA,06
11302000,37.85159385,-120.6379816,STANISLAUS R BL GOODWIN DAM NR KNIGHTS FERRY CA,06
11303000,37.72962389,-121.110454,STANISLAUS R A RIPON CA,06
11355500,40.6891111,-121.4228056,HAT C NR HAT CREEK CA,06
11381500,40.0546022,-122.0241541,MILL C NR LOS MOLINOS CA,06
11383500,40.0140214,-121.9482872,DEER C NR VINA CA,06
11390500,39.00987205,-121.8246576,SACRAMENTO R BL WILKINS SLOUGH NR GRIMES CA,06
11425500,38.77432258,-121.5982593,SACRAMENTO R A VERONA CA,06
11446220,38.70452778,-121.164361,AMERICAN R BL FOLSOM DAM NR FOLSOM CA,06
11446500,38.6354394,-121.227692,AMERICAN R A FAIR OAKS CA,06
11446700,38.59129436,-121.3327288,AMERICAN R A WILLIAM B POND PARK A CARMICHAEL CA,06
11446980,38.5671281,-121.3882857,AMERICAN R BL WATT AVE BRDG NR CARMICHAEL CA,06
11455820,38.0613095,-122.2255241,CARQUINEZ STRAIT A CARQUINEZ BR NR CROCKETT CA,06
11467000,38.50848204,-122.9277345,RUSSIAN R A HACIENDA BRIDGE NR GUERNEVILLE CA,06
11468900,40.139278,-123.9913987,MATTOLE R NR ETTERSBURG CA,06
11475560,39.72956555,-123.643883,ELDER C NR BRANSCOMB CA,06
11492200,42.9756843,-122.0891944,"CRATER LAKE NEAR CRATER LAKE, OR",41
11509370,42.12788298,-121.9288769,"KLAMATH RIVER ABOVE KENO DAM, AT KENO, OR",41
12056500,47.51425666,-123.3298868,"NF SKOKOMISH R BL STAIRCASE RPDS NR HOODSPORT, WA",53
12058800,47.3906475,-123.209602,"NF SKOKOMISH R BL LWR CUSHMAN DAM NR POTLATCH, WA",53
12098700,47.169824,-122.0026114,"WHITE RIVER AT HEADWORKS AB FLUME NR BUCKLEY, WA",53
12100490,47.27479497,-122.207876,"WHITE RIVER AT R STREET NEAR AUBURN, WA",53
12101100,47.2381564,-122.2281746,"LAKE TAPPS DIVERSION AT DIERINGER, WA",53
12101102,47.23555556,-122.236111,"WHITE RIVER AT 24TH ST E AT DIERINGER, WA",53
12115000,47.3701073,-121.6251009,"CEDAR RIVER NEAR CEDAR FALLS, WA",53
12117600,47.3795458,-121.983448,"CEDAR RIVER BELOW DIVERSION NEAR LANDSBURG, WA",53
12119000,47.4825999,-122.2034547,"CEDAR RIVER AT RENTON, WA",53
12137290,47.94732637,-121.6267826,"SOUTH FORK SULTAN RIVER NEAR SULTAN, WA",53
12147470,47.7197222,-121.7431972,"NF TOLT RIVER ABOVE YELLOW CREEK NR CARNATION, WA",53
12147500,47.71232365,-121.7887272,"NORTH FORK TOLT RIVER NEAR CARNATION, WA",53
12147600,47.7067714,-121.6001069,"SOUTH FORK TOLT RIVER NEAR INDEX, WA",53
12179900,48.6045268,-121.3995491,"BACON CREEK BELOW OAKES CREEK NEAR MARBLEMOUNT, WA",53
12181000,48.5337306,-121.4298499,"SKAGIT RIVER AT MARBLEMOUNT, WA",53
12182500,48.5262307,-121.4154046,"CASCADE RIVER AT MARBLEMOUNT, WA",53
12186000,48.16869195,-121.470652,"SAUK RIVER AB WHITE CHUCK RIVER NR  DARRINGTON, WA",53
12189500,48.42455859,-121.5684634,"SAUK RIVER NEAR SAUK, WA",53
12209490,48.6728524,-122.139296,"SKOOKUM CREEK ABOVE DIVERSION NEAR WICKERSHAM, WA",53
12210000,48.6775743,-122.1665191,"SF NOOKSACK RIVER AT SAXON BRIDGE, WA",53
12210700,48.84174,-122.2943049,"NOOKSACK RIVER AT NORTH CEDARVILLE, WA",53
12413360,47.44027778,-116.1752778,EF PINE CREEK ABV GILBERT CR NEAR PINEHURST ID,16
12438000,48.0065333,-119.6653303,"COLUMBIA RIVER AT BRIDGEPORT, WA",53
12447302,48.2077222,-119.7122778,"OKANOGAN RIVER NR WAKEFIELD BR SOUTH OF MALOTT, WA",53
12447390,48.8228737,-120.1459038,"ANDREWS CREEK NEAR MAZAMA, WA",53
13018300,43.45213098,-110.7041203,"CACHE CREEK NEAR JACKSON, WY",56
13211210,43.67776944,-116.7054944,"BOISE RIVER ABV INDIAN CREEK AT CALDWELL, ID",16
13331500,45.6198669,-117.7265892,"MINAM RIVER AT MINAM, OR",41
13340000,46.4783333,-116.2575,CLEARWATER RIVER AT OROFINO ID,16
13340600,46.84055556,-115.621111,NF CLEARWATER RIVER NR CANYON RANGER STATION ID,16
13342500,46.4483333,-116.8275,CLEARWATER RIVER AT SPALDING ID,16
14019240,45.93345486,-119.3263758,"COLUMBIA RIVER BELOW MCNARY DAM NEAR UMATILLA, OR",53
14034470,45.34068289,-119.5158544,"WILLOW CREEK ABV WILLOW CR LAKE, NR HEPPNER, OR",41
14046890,44.91002778,-120.4410278,"PINE CREEK NEAR CLARNO, OR",41
14138870,45.48011889,-122.0256385,"FIR CREEK NEAR BRIGHTWOOD, OR",41
14138900,45.4942454,-122.035888,"NORTH FORK BULL RUN RIVER NEAR MULTNOMAH FALLS, OR",41
14139800,45.444564,-122.1095292,"SOUTH FORK BULL RUN RIVER NEAR BULL RUN, OR",41
14141500,45.41539777,-122.1714746,"LITTLE SANDY RIVER NEAR BULL RUN, OR",41
14144800,43.60178867,-122.4575474,"MIDDLE FORK WILLAMETTE RIVER NR OAKRIDGE, OR",41
14144900,43.6804006,-122.3705999,"HILLS CR AB HILLS CR RES, NR OAKRIDGE, OR",41
14145500,43.72095655,-122.4378256,"MF WILLAMETTE RIVER ABV SALT CRK, NEAR OAKRIDGE,OR",41
14147500,43.7567902,-122.5053292,"N FK OF M FK WILLAMETTE R NR OAKRIDGE, OR",41
14148000,43.80123517,-122.5608879,"MF WILLAMETTE RIVER BLW N FORK, NR OAKRIDGE, OR.",41
14150290,43.9672222,-122.6297222,"FALL CREEK ABOVE NORTH FORK, NEAR LOWELL, OR",41
14150800,43.9142924,-122.6886762,"WINBERRY CREEK NEAR LOWELL,OR",41
14151000,43.94429299,-122.774794,"FALL CREEK BLW WINBERRY CREEK, NEAR FALL CREEK, OR",41
14152000,43.99818166,-122.9059126,"MIDDLE FORK WILLAMETTE RIVER AT JASPER, OR",41
14152500,43.64151015,-123.0859089,"COAST FORK WILLAMETTE AT LONDON, OR",41
14153500,43.72067785,-123.0497994,"COAST FORK WILLAMETTE R BLW COTTAGE GROVE DAM, OR",41
14154500,43.73527778,-122.8744444,"ROW RIVER ABOVE PITCHER CREEK, NEAR DORENA, OR",41
14158500,44.3609545,-121.9956172,"MCKENZIE RIVER AT OUTLET OF CLEAR LAKE, OR",41
14158740,44.28638889,-122.0368056,"MCKENZIE RIVER BL PAYNE CR, NR BELKNAP SPRINGS, OR",41
14158790,44.3345666,-122.0470074,"SMITH RIVER ABV SMITH R RESV,NR BELKNAP SPRNGS,OR",41
14158798,44.28988889,-122.0485833,SMITH RIVER ABV TRAIL BRDG RESV NR BELKNAP SPRINGS,41
14159200,44.047067,-122.2178245,SO FK MCKENZIE RIVER ABV COUGAR LAKE NR RAINBOW OR,41
14161100,44.2179043,-122.2650676,"BLUE RIVER BELOW TIDBITS CREEK, NR BLUE RIVER, OR",41
14161500,44.2095708,-122.256733,"LOOKOUT CREEK NEAR BLUE RIVER, OR",41
14162200,44.16234819,-122.3331192,"BLUE RIVER AT BLUE RIVER, OR",41
14164700,44.059348,-122.9196644,"CEDAR CREEK AT SPRINGFIELD, OR",41
14178000,44.7067885,-122.1011859,"NO SANTIAM R BLW BOULDER CRK, NR DETROIT, OR",41
14179000,44.75262179,-122.1289648,"BREITENBUSH R ABV FRENCH CR NR DETROIT, OR.",41
14180300,44.65289999,-122.130908,"BLOWOUT CREEK NEAR DETROIT, OR",41
14182500,44.7915108,-122.5789738,"LITTLE NORTH SANTIAM RIVER NEAR MEHAMA, OR",41
14184100,44.7079444,-122.973111,"NORTH SANTIAM R AT GREENS BRIDGE, NR JEFFERSON, OR",41
14185000,44.39179225,-122.4975817,"SOUTH SANTIAM RIVER BELOW CASCADIA, OR",41
14185900,44.54012357,-122.4359155,"QUARTZVILLE CREEK NEAR CASCADIA, OR",41
14186200,44.44818005,-122.5503613,"MIDDLE SANTIAM R BLW GREEN PETER DAM NR FOSTER, OR",41
14197900,45.2845625,-122.9614893,"WILLAMETTE RIVER AT NEWBERG, OR",41
14202980,45.46927968,-123.200109,"SCOGGINS CK BLW HENRY HAGG LAKE, NR GASTON, OR",41
14206950,45.403452,-122.7548185,"FANNO CREEK AT DURHAM, OR",41
14210000,45.29984346,-122.3539746,"CLACKAMAS RIVER AT ESTACADA, OR",41
14316495,43.3034543,-122.5303237,"BOULDER CREEK NEAR TOKETEE FALLS, OR",41
14316500,43.29595427,-122.5367127,"N UMPQUA RIVER ABV COPELAND CK NR TOKETEE FALLS,OR",41
14318000,43.2526179,-123.0261716,"LITTLE RIVER AT PEEL, OR",41
14320934,43.43122665,-123.5867573,"LITTLE WOLF CREEK NEAR TYEE, OR",41
14330000,42.72957187,-122.516147,"ROGUE RIVER BELOW PROSPECT, OR",41
14337800,42.7734586,-122.6719864,"ELK CREEK NEAR CASCADE GORGE,OREG.",41
14337830,42.73040316,-122.7114313,"ELK CREEK BELOW ALCO CREEK, NEAR TRAIL, OR",41
14337870,42.7109584,-122.7497655,"WEST BRANCH ELK CREEK NEAR TRAIL,OREG.",41
15056210,59.511944,-135.344444,TAIYA R NR SKAGWAY AK,02
15085100,55.3951944,-132.4086268,OLD TOM C NR KASAAN AK,02
15129500,59.58622987,-139.49437433,SITUK R NR YAKUTAT AK,02
15200280,62.520833,-145.530833,GULKANA R AT SOURDOUGH AK,02
15236900,60.370556,-148.896667,WOLVERINE C NR LAWING AK,02
15266300,60.4775,-151.079444,KENAI R AT SOLDOTNA AK,02
15272380,60.8974833,-148.9241074,TWENTYMILE R BL GLACIER R NR PORTAGE AK,02
15283700,61.68438889,-149.0524167,MOOSE C NR PALMER AK,02
15284000,61.60862507,-149.0730639,MATANUSKA R AT PALMER AK,02
15290000,61.7097358,-149.2319635,L SUSITNA R NR PALMER AK,02
15292700,62.3464039,-150.01925,TALKEETNA R NR TALKEETNA AK,02
15294005,61.780833,-149.884444,WILLOW C NR WILLOW AK,02
15297610,55.17691508,-162.6895463,RUSSELL C NR COLD BAY AK,02
15300250,59.7859761,-155.2552406,UPPER TALARIK C NR ILIAMNA AK,02
15300300,59.7579499,-153.8468866,ILIAMNA R NR PEDRO BAY AK,02
15302000,59.93482769,-158.1900527,NUYAKUK R NR DILLINGHAM AK,02
15302200,59.7926376,-155.5246895,KOKTULI R NR ILIAMNA AK,02
15302250,59.8424682,-155.7185564,NF KOKTULI R NR ILIAMNA AK,02
15484000,64.471528,-146.928056,SALCHA R NR SALCHAKET AK,02
15493000,64.9019722,-146.3613333,CHENA R NR TWO RIVERS AK,02
15564879,67.2544444,-150.1772222,SLATE C AT COLDFOOT AK,02
15803000,70.4953764,-157.395848,MEADE R AT ATKASUK AK,02
16618000,20.97869444,-156.5545,"Kahakuloa Stream near Honokohau, Maui, HI",15
294300098080001,29.71277778,-98.1375,DX-68-23-301 (Comal 1),48
294643095035200,29.7785861,-95.0644278,"Lynchburg Res nr CWA Canal Inflow nr Baytown, TX",48
295554095093402,29.93825,-95.1667778,"Lk Hou at Jack's Ditch (Site 2) nr Houston, TX",48
295826095082200,29.97393333,-95.1393833,"Lk Houston S Union Pacific RR Bridge nr Houston,TX",48
340841090134701,34.1447222,-90.2296944,119M0072 QUITMAN (Allen),28
402114105350101,40.3538611,-105.5841389,"BIG THOMPSON BL MORAINE PARK NR ESTES PARK, CO",08
404417108524900,40.73805556,-108.8802778,"GREEN RIVER ABOVE GATES OF LODORE, CO",08
420741121554001,42.12805556,-121.9277778,"KLAMATH RIVER ABV KENO DAM, AT KENO - BOTTOM",41
422302071083801,42.38388889,-71.14388889,"FRESH POND IN GATE HOUSE AT CAMBRIDGE, MA",25
453004122510301,45.5009505,-122.852045,"BEAVERTON CREEK AT 170TH AVE, BEAVERTON, OR",41
453040123065201,45.510878,-123.115666,"GALES CREEK AT OLD HWY 47, FOREST GROVE, OR",41
453113123003501,45.52022699,-123.0110247,"DAIRY CREEK AT HWY 8, HILLSBORO, OR",41
