site_no,tier,dam_id,beta,beta_se,beta_r2,beta_hw,n_years,src,D22_median
01091000,tailwater,2158,0.9432,0.372,0.369,1.3495,13,tmax,76.0
01095220,tailwater,2180,0.5888,0.1057,0.554,1.0208,27,tmax,44.0
01095375,tailwater,2180,1.1608,0.0969,0.847,0.9631,28,tmax,55.5
01095434,tailwater,2180,0.2033,0.1082,0.243,0.3843,13,tmax,3.0
01104370,tailwater,2183,0.0755,0.1345,0.024,0.4236,15,tmean,8.0
01104415,tailwater,2183,-0.1146,0.2158,0.015,0.4603,21,tmax,8.0
01104420,tailwater,2183,0.2177,0.1383,0.184,0.6115,13,tmean,14.0
01104430,tailwater,2183,0.4614,0.1453,0.296,0.625,26,tmax,51.5
01104455,tailwater,2183,0.7034,0.3737,0.15,0.8947,22,tmax,11.0
01104460,tailwater,2183,0.6047,0.1019,0.616,0.9439,24,tmean,24.0
01104475,tailwater,2183,0.0034,0.1303,0.0,0.7486,21,tmax,5.0
01104480,tailwater,2183,-1.3033,0.8798,0.196,0.3843,11,tmean,87.0
01170100,reference,,1.0632,0.3173,0.616,0.4071,9,tmax,33.0
01193500,reference,,0.7389,0.2184,0.488,0.7462,14,tmax,64.0
01435000,reference,,0.6093,0.9123,0.039,1.0651,13,tmax,0.0
01447720,tailwater,1585,0.6773,0.119,0.564,1.178,27,tmax,47.0
01447800,tailwater,1585,0.6713,0.1321,0.54,0.904,24,tmax,27.5
01466500,reference,,0.0867,0.3142,0.004,0.1591,21,tmax,0.0
01544500,reference,,1.0336,0.1547,0.788,1.1184,14,tmax,42.5
01545600,reference,,0.8748,0.1875,0.664,1.4141,13,tmax,1.0
01596500,reference,,0.5902,0.2978,0.282,1.3812,12,tmax,26.0
01611500,reference,,0.5273,0.1466,0.447,1.3787,18,tmax,115.0
01632900,reference,,0.8254,0.1361,0.71,1.1616,17,tmax,79.0
02011400,reference,,0.589,0.0905,0.57,0.6628,34,tmean,61.5
02011460,reference,,0.3437,0.1134,0.505,0.0,11,tmax,54.0
02038850,reference,,0.3684,0.4062,0.093,-0.9912,10,tmax,65.5
02077200,reference,,0.09,0.2479,0.003,0.6006,40,tmax,101.5
02079500,tailwater,1761,-0.1113,0.1307,0.037,0.3193,21,tmax,87.0
02087182,tailwater,1782,0.2991,0.3157,0.06,0.0259,16,tmax,169.5
02110500,reference,,1.0673,0.3513,0.366,0.8877,18,tmax,148.0
0212378405,tailwater,1814,0.5614,0.1782,0.453,0.7655,14,tmax,163.5
0212880025,tailwater,1831,0.3062,0.1484,0.262,0.9235,14,tmax,148.0
02129375,upstream,,0.0073,0.1811,0.0,0.4344,8,tmax,148.0
02137727,reference,,1.4736,0.3109,0.692,1.6425,12,tmax,80.0
02138520,tailwater,1791,-2.0607,0.5741,0.617,-0.4535,10,tmax,1.0
0214244102,tailwater,1790,0.6343,0.164,0.681,1.5831,9,tmax,128.0
0214264790,upstream,,0.46,0.1385,0.612,0.0556,9,tmax,161.0
0214267602,tailwater,1809,0.4731,0.1267,0.635,-0.6161,10,tmax,158.5
02147310,tailwater,1842,0.1307,0.2373,0.042,-0.147,9,tmax,155.0
021474095,tailwater,1842,0.0584,0.1797,0.015,-0.3647,9,tmax,161.0
02147505,tailwater,1842,-0.2223,0.2178,0.13,-0.4949,9,tmax,152.0
02171645,tailwater,1890,0.2929,0.1273,0.248,0.373,18,tmax,177.0
02172020,tailwater,1890,0.2559,0.0545,0.367,0.6701,40,tmax,163.5
02172040,tailwater,1890,0.3152,0.0655,0.391,0.6468,38,tmax,165.0
02172050,tailwater,1890,0.2893,0.0571,0.403,0.7313,40,tmax,168.0
021720508,tailwater,1890,0.2907,0.1089,0.505,0.2939,9,tmax,176.0
02172053,tailwater,1890,0.3429,0.0569,0.488,0.8555,40,tmax,169.0
021720698,upstream,,0.2773,0.0918,0.26,0.7099,28,tmax,174.0
02188100,tailwater,7308,0.1155,0.0879,0.126,-0.0023,14,tmax,177.5
02212600,reference,,0.6434,0.1981,0.601,0.6735,9,tmax,131.0
02266200,reference,,1.2002,0.3003,0.484,1.1828,19,tmax,199.0
02313700,reference,,0.9124,0.2929,0.493,0.4982,12,tmax,206.5
02315550,reference,,0.7291,0.19,0.71,0.8369,8,tmax,194.0
02322700,reference,,0.0387,0.065,0.056,0.9471,8,tmax,292.5
02322800,reference,,0.0219,0.3284,0.001,0.9137,10,tmax,226.5
02334480,tailwater,1863,0.4033,0.1111,0.375,0.7271,24,tmax,95.0
02334578,tailwater,1863,0.4577,0.1145,0.421,0.8681,24,tmax,88.5
02335450,upstream,,0.0248,0.3341,0.0,-0.1448,17,tmax,1.0
02338523,reference,,1.0412,0.2546,0.676,0.2336,10,tmax,89.5
023432415,tailwater,1910,0.3568,0.122,0.397,0.4757,15,tmax,171.0
02357150,tailwater,1916,0.1805,0.5037,0.021,-0.0265,8,tmax,170.0
02358000,tailwater,1916,-0.1956,0.4304,0.033,0.2904,8,tmax,183.0
02358795,tailwater,1916,0.0641,0.0645,0.141,-0.9618,8,tmax,0.0
02394000,tailwater,1862,-0.2271,0.2448,0.073,-0.0827,13,tmax,98.0
02450250,reference,,0.5948,0.1336,0.643,0.4604,13,tmax,118.0
02479155,reference,,0.7198,0.3261,0.289,0.7411,14,tmax,150.0
03017500,reference,,0.9392,0.6479,0.174,1.0049,12,tmax,65.5
03022540,reference,,0.5563,0.4305,0.143,1.2106,12,tmax,40.5
03028000,reference,,1.4315,0.2627,0.73,1.0539,13,tmax,27.0
03058000,tailwater,1691,0.3255,0.2156,0.107,0.8631,21,tmax,51.0
03066000,reference,,0.6376,0.2668,0.364,1.382,12,tmax,71.5
03069500,reference,,0.9099,0.2619,0.633,1.2055,9,tmax,86.0
03092090,reference,,0.5802,0.2627,0.307,1.0974,13,tmax,66.0
03102950,reference,,0.4167,0.1576,0.368,0.499,14,tmax,67.5
03119341,tailwater,1595,0.4858,0.2149,0.39,0.6589,10,tmax,108.5
03119971,tailwater,1595,1.0116,0.2505,0.671,0.739,10,tmax,81.0
03119979,tailwater,1595,0.2754,0.2295,0.153,0.6424,10,tmax,14.5
03120820,tailwater,1595,0.9011,0.315,0.506,0.9237,10,tmax,92.5
03120869,tailwater,1595,0.7308,0.1607,0.721,1.0841,10,tmax,46.0
03120961,tailwater,1595,0.5456,0.1452,0.638,1.0646,10,tmax,49.5
03125338,upstream,,0.5787,0.1894,0.539,0.6701,10,tmax,80.5
03126395,upstream,,0.5934,0.1424,0.685,0.6935,10,tmax,80.0
03127980,upstream,,0.5715,0.1752,0.571,1.0168,10,tmax,89.5
03127986,upstream,,0.547,0.197,0.491,0.7084,10,tmax,80.0
03127989,upstream,,0.5044,0.1658,0.536,0.9188,10,tmax,83.0
03140853,upstream,,0.7495,0.2619,0.506,0.8104,10,tmax,83.5
03140900,upstream,,0.5131,0.5513,0.098,0.846,10,tmax,104.5
03140950,upstream,,0.3951,0.3557,0.134,0.8858,10,tmax,92.0
03302050,reference,,0.9007,0.2614,0.543,1.6482,12,tmax,91.0
03324500,tailwater,1592,0.1087,0.2215,0.012,1.1165,22,tmax,64.5
03327000,tailwater,1592,0.4763,0.4702,0.073,1.2557,15,tmax,77.0
03359000,tailwater,1654,0.225,0.2096,0.054,0.5141,22,tmax,95.5
03373980,upstream,,0.919,0.1479,0.637,1.1833,24,tmax,122.0
03460000,reference,,0.6408,0.2153,0.405,0.896,15,tmax,0.0
03490000,reference,,0.334,0.4588,0.046,0.7112,13,tmax,128.0
03497300,reference,,0.556,0.1869,0.446,0.9644,13,tmean,22.0
03544970,reference,,0.4557,0.2604,0.304,1.0834,9,tmax,17.0
03604000,reference,,0.3926,0.2428,0.225,1.0072,11,tmax,138.0
04027000,reference,,0.6678,0.2226,0.428,0.7233,14,tmax,52.5
04043150,reference,,0.9748,0.1469,0.815,0.5868,12,tmax,35.0
04043238,reference,,0.3773,0.1124,0.385,1.0996,20,tmax,0.0
04043244,reference,,0.335,0.1415,0.248,1.073,19,tmax,0.0
04043275,reference,,0.6436,0.1457,0.661,0.8923,12,tmax,15.5
04059500,reference,,0.9826,0.1994,0.669,0.412,14,tmax,67.5
04063700,reference,,0.6806,0.1599,0.564,1.1479,16,tmax,47.5
04085119,reference,,-0.3337,0.7541,0.027,1.2192,9,tmax,38.0
04124000,reference,,0.5279,0.0831,0.608,1.102,28,tmax,6.0
04125460,reference,,0.2614,0.0681,0.362,0.9943,28,tmax,0.0
04136000,reference,,0.4718,0.0654,0.659,0.9053,29,tmax,3.0
05014300,reference,,0.3987,0.146,0.482,0.8844,10,tmean,0.0
05057000,reference,,0.4404,0.3025,0.075,0.5142,28,tmax,68.0
05057200,reference,,0.6271,0.2598,0.421,0.0007,10,tmax,81.0
05058000,tailwater,774,0.4672,0.1258,0.356,1.189,27,tmax,64.0
05412500,reference,,0.7876,0.0881,0.909,0.5447,10,tmean,50.0
06036805,reference,,0.8769,0.2955,0.355,0.9677,18,tmax,0.0
06036905,reference,,0.4647,0.1497,0.325,1.0267,22,tmax,77.5
06037100,reference,,0.5183,0.2043,0.369,0.926,13,tmax,31.0
06037500,reference,,0.5483,0.1622,0.51,0.9847,13,tmax,46.0
06038500,tailwater,364,-0.0468,0.3697,0.001,0.5821,16,tmax,0.0
06073500,reference,,0.5811,0.1188,0.461,0.7257,30,tmax,35.5
06187915,reference,,0.3533,0.1421,0.507,1.1529,8,tmax,0.0
06188000,reference,,0.3136,0.1767,0.259,0.9215,11,tmax,0.0
06191500,reference,,0.1164,0.1815,0.044,0.6808,11,tmax,0.0
06623800,reference,,0.7604,0.1531,0.692,0.5893,13,tmax,0.0
06893820,tailwater,969,0.7583,0.1531,0.654,0.5267,15,tmax,119.0
06893890,tailwater,969,0.3246,0.2911,0.121,0.8288,11,tmax,122.0
06894000,tailwater,969,0.4982,0.1062,0.55,0.7607,20,tmax,122.5
06914990,reference,,0.307,0.2612,0.187,0.4283,8,tmax,104.0
07014000,reference,,0.3299,0.1116,0.421,0.5078,14,tmax,97.0
07053450,tailwater,1026,-0.392,0.2189,0.127,0.0661,24,tmax,0.0
07054527,tailwater,1036,0.2078,0.1548,0.055,0.6537,33,tmax,0.0
07056515,reference,,-0.0101,0.3554,0.0,0.7662,17,tmax,20.0
07060000,tailwater,1042,-0.3306,0.2881,0.107,0.0929,13,tmax,0.0
07061270,reference,,0.6466,0.1659,0.472,1.0013,19,tmax,128.0
07099400,upstream,,-0.5339,0.2861,0.199,-0.4011,16,tmax,0.0
07120480,tailwater,995,0.4166,0.4089,0.115,1.3592,10,tmax,84.5
07130500,tailwater,998,0.3789,0.135,0.184,1.0442,37,tmax,73.0
07144780,reference,,0.3969,0.1872,0.158,1.0004,26,tmax,160.0
07191222,reference,,0.2908,0.0518,0.649,0.6859,19,tmax,108.0
07280010,tailwater,1864,-0.4553,0.6455,0.077,0.3716,8,tmean,135.5
07337000,tailwater,1153,0.0822,0.1541,0.012,0.3444,26,tmax,162.5
08048000,tailwater,1184,0.095,0.1359,0.036,0.6809,15,tmean,168.0
08049500,tailwater,1188,0.2681,0.0435,0.513,0.6675,38,tmax,187.0
08052700,tailwater,1151,0.1658,0.1418,0.095,0.5319,15,tmax,158.0
08052745,tailwater,1164,0.1963,0.1032,0.218,0.3601,15,tmax,158.0
08057000,tailwater,1188,0.8637,0.6364,0.208,1.1548,9,tmax,187.0
08057055,tailwater,1188,0.3472,0.1047,0.478,0.7107,14,tmax,190.5
08057410,tailwater,1188,0.0373,0.2477,0.004,0.7219,8,tmax,182.5
08062500,tailwater,1220,0.355,0.1421,0.144,0.6541,39,tmax,172.0
08065350,tailwater,1261,0.262,0.0908,0.18,0.6707,40,tmax,169.0
08067074,tailwater,1300,0.0116,0.2271,0.0,0.4823,10,tmax,197.5
08068000,tailwater,1295,0.3956,0.1475,0.444,0.881,11,tmax,215.0
08068400,tailwater,1295,0.0788,0.0606,0.101,0.8913,17,tmax,255.0
08069500,tailwater,1300,0.2847,0.1284,0.274,0.5534,15,tmax,209.0
08070200,tailwater,1300,0.3013,0.2352,0.069,0.8772,24,tmax,181.5
08074710,tailwater,1300,0.2175,0.0906,0.243,0.824,20,tmax,220.5
08123800,tailwater,1217,0.139,0.2031,0.023,0.1061,22,tmax,163.0
08123850,tailwater,1217,-0.3655,0.1382,0.159,-0.1502,39,tmax,153.0
08155500,tailwater,1297,-0.064,0.0593,0.055,0.514,22,tmax,0.0
08211200,tailwater,1317,-0.0464,0.1281,0.009,0.5839,16,tmax,234.0
08211503,tailwater,1317,0.1348,0.349,0.011,0.3,16,tmax,262.0
08377900,reference,,0.4875,0.2052,0.414,0.3039,10,tmean,0.0
08405200,tailwater,1202,0.0145,0.1168,0.002,0.4951,9,tmean,135.0
08407500,tailwater,1242,0.1182,0.1009,0.103,-0.0262,14,tmean,142.0
09014050,tailwater,487,-0.0504,0.2395,0.003,0.5802,15,tmax,0.0
09041400,tailwater,497,-0.9671,0.3912,0.19,0.6608,28,tmax,0.0
09071750,upstream,,0.8249,0.1711,0.463,0.7121,29,tmax,0.0
09085150,upstream,,1.3924,0.315,0.535,1.296,19,tmax,0.0
09136100,upstream,,0.7822,0.2039,0.512,0.8345,16,tmax,60.0
09196500,reference,,0.5922,0.2892,0.181,0.5996,21,tmax,0.0
09352900,reference,,0.0827,0.3218,0.006,0.1594,13,tmax,0.0
09371520,upstream,,0.5888,0.176,0.279,0.4829,31,tmax,64.0
09505800,reference,,0.3025,0.3023,0.091,0.8669,12,tmean,68.0
10133650,tailwater,456,1.7762,0.5903,0.411,1.536,15,tmax,19.0
10133980,upstream,,0.7835,0.3357,0.254,1.4179,18,tmax,48.0
10172200,reference,,0.5991,0.2986,0.212,0.3536,17,tmax,0.0
10249300,reference,,-0.0129,0.4315,0.0,-0.1125,13,tmax,0.0
10313400,reference,,0.422,0.2604,0.127,1.2756,20,tmax,29.0
10336645,reference,,0.6977,0.3083,0.39,1.343,10,tmax,0.0
10336660,reference,,0.7418,0.4379,0.264,1.5088,10,tmax,11.5
10336676,reference,,0.9996,0.507,0.327,1.2684,10,tmax,2.5
10343500,reference,,0.5823,0.1813,0.319,0.7423,24,tmax,0.0
10396000,reference,,1.6487,0.8316,0.247,0.7288,14,tmax,47.5
11172945,tailwater,219,0.2014,0.1985,0.073,0.5031,15,tmax,5.0
11173200,reference,,0.0205,0.1426,0.001,0.6641,16,tmax,8.5
11173510,tailwater,219,-0.3883,0.6082,0.03,0.4247,15,tmax,34.0
11173575,tailwater,216,0.1746,0.216,0.045,1.4103,16,tmax,14.5
11203580,reference,,0.6572,0.1573,0.507,1.4377,19,tmax,0.0
11204100,reference,,0.7831,0.249,0.368,1.2564,19,tmax,91.0
11206820,upstream,,0.4807,0.2414,0.306,0.6925,11,tmax,0.0
11251000,tailwater,595,-0.2752,0.3285,0.036,1.6943,21,tmax,0.0
11264500,reference,,0.1393,0.1103,0.081,0.4578,20,tmax,0.0
11274790,upstream,,0.7719,0.2149,0.48,0.8854,16,tmax,5.5
11276600,upstream,,0.6082,0.2475,0.151,2.0213,36,tmax,3.0
11276900,tailwater,554,0.415,0.3527,0.085,1.347,17,tmax,2.0
11277300,tailwater,554,0.4096,0.3413,0.088,1.6203,17,tmax,0.0
11278400,tailwater,554,0.4101,0.4514,0.052,0.9683,17,tmax,0.0
11289650,tailwater,210,-0.4239,0.4097,0.029,0.553,38,tmax,0.0
11299997,tailwater,204,-0.0627,0.3228,0.001,2.3432,38,tmax,0.0
11302000,tailwater,204,-0.0192,0.3062,0.0,2.1456,38,tmax,0.0
11303000,tailwater,203,-0.2616,0.3827,0.015,1.4879,33,tmax,52.0
11355500,reference,,-0.1675,0.178,0.112,0.6243,9,tmax,0.0
11381500,reference,,0.1528,0.1856,0.027,0.6668,26,tmax,51.5
11383500,reference,,0.2404,0.1639,0.082,0.8153,26,tmax,75.0
11446220,tailwater,182,-0.0196,0.2927,0.0,1.5143,25,tmax,0.0
11446500,tailwater,182,-0.115,0.2095,0.014,1.1909,24,tmax,0.0
11446700,tailwater,182,-0.2318,0.373,0.018,0.9758,23,tmax,0.0
11446980,tailwater,182,-0.0657,0.2045,0.005,0.9057,24,tmax,0.0
11467000,tailwater,180,0.2062,0.0657,0.319,0.635,23,tmax,89.0
11468900,reference,,-0.2756,0.4347,0.018,1.029,24,tmax,61.0
11475560,reference,,0.1107,0.2085,0.025,0.7386,13,tmax,0.0
11509370,upstream,,0.0802,0.3634,0.002,0.679,32,tmax,55.5
12056500,tailwater,54,0.2873,0.3879,0.021,1.6694,27,tmax,0.0
12058800,tailwater,54,-0.0849,0.1508,0.026,0.1464,14,tmax,0.0
12098700,upstream,,0.2882,0.0724,0.549,1.4033,15,tmax,0.0
12100490,tailwater,59,0.2916,0.1354,0.263,1.3936,15,tmax,0.0
12101100,tailwater,59,-0.1155,0.5546,0.003,1.5702,15,tmax,0.0
12101102,tailwater,59,0.0649,0.0914,0.067,0.4722,9,tmax,0.0
12115000,reference,,0.2334,0.0894,0.221,2.1617,26,tmax,0.0
12117600,tailwater,56,0.3316,0.083,0.42,1.1697,24,tmax,0.0
12137290,reference,,0.4254,0.1512,0.379,2.2469,15,tmax,0.0
12147470,upstream,,-0.0234,0.0838,0.011,1.4504,9,tmax,0.0
12147500,reference,,0.2369,0.042,0.54,1.4082,29,tmax,0.0
12147600,reference,,0.3957,0.0865,0.437,1.9267,29,tmax,0.0
12179900,tailwater,42,-0.1941,0.1973,0.139,3.1474,8,tmax,0.0
12181000,tailwater,42,0.2044,0.0934,0.127,1.5912,35,tmax,0.0
12182500,reference,,0.0441,0.1046,0.029,2.6148,8,tmax,0.0
12186000,reference,,-0.0525,0.1737,0.015,2.537,8,tmax,0.0
12209490,reference,,0.9681,0.2772,0.448,1.9984,17,tmax,0.0
12210000,reference,,0.6825,0.193,0.49,1.6697,15,tmax,0.0
12210700,reference,,0.2478,0.2137,0.07,1.4553,20,tmax,0.0
12413360,reference,,0.2663,0.2107,0.118,1.462,14,tmax,0.0
12447390,reference,,0.6368,0.4256,0.157,1.242,14,tmax,0.0
13018300,reference,,0.2942,0.2687,0.098,0.4779,13,tmax,0.0
13211210,upstream,,0.262,0.1565,0.286,1.2843,9,tmax,30.0
13331500,reference,,0.2983,0.1481,0.253,0.8737,14,tmax,33.5
13340000,reference,,0.3513,0.133,0.199,0.7246,30,tmax,47.5
13340600,reference,,0.3403,0.0912,0.279,1.0965,38,tmax,0.0
14019240,tailwater,346,0.1323,0.0665,0.265,0.7521,13,tmax,2.0
14034470,upstream,,0.46,0.1977,0.279,0.7121,16,tmax,28.0
14046890,reference,,-0.0081,0.2805,0.0,0.7681,19,tmax,0.0
14138870,reference,,0.3209,0.0812,0.291,1.3079,40,tmax,0.0
14138900,reference,,0.1759,0.055,0.212,1.1236,40,tmax,0.0
14139800,reference,,0.3351,0.0808,0.312,1.4112,40,tmax,0.0
14141500,reference,,0.4175,0.1303,0.376,1.5161,19,tmax,0.0
14144800,reference,,0.2396,0.1467,0.143,1.6175,18,tmax,0.0
14144900,reference,,0.0632,0.0793,0.046,1.2619,15,tmax,0.0
14145500,upstream,,-0.0402,0.2117,0.001,0.8933,29,tmax,0.0
14147500,reference,,0.139,0.1345,0.076,1.9124,15,tmax,1.0
14148000,tailwater,100,0.1098,0.1455,0.032,1.4191,19,tmax,0.0
14150290,upstream,,0.6221,0.197,0.434,1.6456,15,tmax,9.0
14150800,reference,,0.5903,0.1391,0.563,1.1178,16,tmax,5.0
14151000,tailwater,92,0.1942,0.1923,0.028,0.9779,37,tmax,0.0
14152000,tailwater,92,0.0267,0.1841,0.001,1.4927,27,tmax,0.0
14152500,reference,,0.401,0.1768,0.424,0.5311,9,tmax,16.0
14153500,tailwater,99,-0.0818,0.2024,0.007,1.599,24,tmax,0.0
14154500,upstream,,0.3339,0.1828,0.192,1.6081,16,tmax,22.5
14158500,reference,,-0.0618,0.0729,0.107,1.3158,8,tmax,0.0
14158740,tailwater,89,-0.0263,0.078,0.016,-1.2259,9,tmax,0.0
14158790,upstream,,0.1094,0.096,0.178,1.097,8,tmax,0.0
14158798,upstream,,-0.0784,0.1749,0.032,-0.0039,8,tmax,0.0
14159200,upstream,,0.1117,0.0695,0.094,0.986,27,tmax,0.0
14161100,reference,,0.2435,0.1322,0.166,1.212,19,tmax,0.0
14161500,reference,,0.0516,0.1104,0.019,1.7405,13,tmax,0.0
14162200,tailwater,88,-0.039,0.2047,0.001,1.4131,39,tmax,0.0
14164700,tailwater,92,0.2221,0.1757,0.21,2.0471,8,tmax,28.5
14178000,tailwater,80,0.2528,0.089,0.23,1.7306,29,tmax,0.0
14179000,upstream,,0.351,0.1149,0.257,1.7819,29,tmax,0.0
14180300,tailwater,80,0.1963,0.1217,0.098,1.6379,26,tmax,0.0
14182500,reference,,0.6596,0.1061,0.659,2.1151,22,tmax,41.5
14185000,reference,,0.324,0.1399,0.24,1.7222,19,tmax,11.0
14185900,reference,,0.3122,0.1302,0.253,1.6763,19,tmax,4.0
14186200,tailwater,83,0.67,0.4266,0.141,2.5209,17,tmax,0.0
14197900,tailwater,72,0.3378,0.1304,0.261,1.6962,21,tmax,33.0
14202980,tailwater,72,0.2795,0.1958,0.088,1.5943,23,tmax,0.0
14316495,reference,,0.3869,0.2075,0.179,1.0561,18,tmax,1.0
14316500,upstream,,0.152,0.0926,0.105,0.8767,25,tmax,0.0
14318000,reference,,0.4779,0.0998,0.489,1.0629,26,tmax,20.5
14330000,tailwater,107,0.187,0.0682,0.165,1.0882,40,tmax,0.0
14337800,reference,,0.3606,0.2482,0.15,1.1509,14,tmax,31.0
14337830,tailwater,107,0.4253,0.4282,0.058,1.973,18,tmax,66.5
14337870,reference,,0.5847,0.2152,0.345,3.3882,16,tmax,1.5
15056210,reference,,0.0762,0.0793,0.058,0.6082,17,tmax,0.0
15085100,reference,,0.6573,0.1922,0.455,1.074,16,tmax,0.0
15129500,reference,,0.4733,0.1247,0.643,1.0204,10,tmax,0.0
15200280,reference,,0.8745,0.1285,0.837,0.2822,11,tmax,0.0
15236900,reference,,0.0561,0.0812,0.074,-0.1746,8,tmax,0.0
15266300,reference,,0.3806,0.1162,0.472,0.6308,14,tmax,0.0
15272380,reference,,0.2389,0.056,0.752,0.7497,8,tmax,0.0
15283700,reference,,0.4492,0.0894,0.678,0.7575,14,tmax,0.0
15284000,reference,,0.1219,0.0557,0.375,0.5664,10,tmax,0.0
15290000,reference,,0.3856,0.1327,0.513,0.5104,10,tmax,0.0
15292700,reference,,0.3097,0.0774,0.593,0.2333,13,tmax,0.0
15294005,reference,,0.5998,0.1407,0.602,0.3921,14,tmax,0.0
15297610,reference,,0.5558,0.1589,0.347,1.0846,25,tmax,0.0
15300250,reference,,0.4432,0.0475,0.906,1.4677,11,tmax,0.0
15300300,reference,,0.249,0.193,0.156,0.6693,11,tmax,0.0
15302000,reference,,0.334,0.239,0.178,0.6334,11,tmax,0.0
15302200,reference,,0.4587,0.0918,0.641,1.2738,16,tmax,0.0
15302250,reference,,0.6015,0.0742,0.846,0.9517,14,tmax,0.0
15484000,reference,,0.6956,0.2143,0.568,0.1972,10,tmax,0.0
15493000,reference,,0.4966,0.1867,0.44,-0.0592,11,tmax,0.0
15564879,reference,,0.4303,0.1244,0.386,0.5616,21,tmax,0.0
15803000,reference,,0.4351,0.218,0.332,0.0674,10,tmax,0.0
16618000,reference,,0.5431,0.411,0.179,0.1451,10,tmax,80.0
294300098080001,tailwater,1302,-0.0063,0.039,0.003,-0.071,10,tmax,326.5
294643095035200,tailwater,1300,0.3261,0.1572,0.381,0.9092,9,tmax,199.0
295554095093402,tailwater,1300,0.1042,0.1094,0.102,0.4494,10,tmax,190.5
295826095082200,tailwater,1300,0.2859,0.2349,0.096,0.5491,16,tmax,203.5
340841090134701,tailwater,1864,-0.088,0.1335,0.068,-0.0764,8,tmean,0.0
402114105350101,reference,,1.0235,0.3285,0.447,0.6319,14,tmax,0.0
404417108524900,upstream,,0.9823,0.2082,0.515,0.6256,23,tmax,8.0
420741121554001,upstream,,0.2941,0.0681,0.483,0.7547,22,tmax,26.5
422302071083801,tailwater,2183,0.4147,0.1149,0.434,0.0502,19,tmean,91.0
453004122510301,tailwater,72,0.5647,0.1203,0.5,1.099,24,tmax,33.5
453040123065201,tailwater,72,0.4781,0.1133,0.447,1.0697,24,tmax,27.0
453113123003501,tailwater,72,0.6059,0.5268,0.117,0.3597,12,tmax,4.0
