site_no,group,beta,se,r,n_years,frac_js,beta_hw,src,D22_median,n_D22,dam_id,sample_scope,dist_km
01091000,tailwater,1.1844903837384158,0.4125448831992649,0.6914256172000871,11,0.9090909090909091,1.6818387681159421,tmax,82.0,11,2158,primary,21.1
01095220,tailwater,0.5835593439394365,0.10942968078045495,0.7364217973646732,26,1.0,0.9959198155047011,tmax,44.5,26,2180,primary,8.38
01095375,tailwater,1.133923517779456,0.0918037452961324,0.9321975346099385,25,1.0,1.0047863338269514,tmax,56.0,25,2180,primary,11.82
01095434,tailwater,0.1348529757231544,0.10025388425063567,0.4294766665643628,10,1.0,0.34310604791422356,tmax,3.0,10,2180,primary,8.18
01104370,tailwater,0.07553348670983727,0.13454457063658587,0.15385087692837132,15,1.0,0.7060236511456024,tmean,8.0,15,2183,primary,12.27
01104415,tailwater,0.3020113782819846,0.2302596892227743,0.3115799735193076,18,0.8888888888888888,1.3495145631067957,tmax,9.0,18,2183,primary,14.05
01104420,tailwater,0.15730926917798763,0.14591623858027855,0.3381860164107695,11,1.0,0.6546242774566472,tmean,14.0,11,2183,primary,12.53
01104430,tailwater,0.49479000871528656,0.16616884880697047,0.5359558248202979,24,0.8333333333333334,0.6118683956974301,tmax,53.5,24,2183,primary,11.87
01104455,tailwater,0.6281745804725056,0.36132759336551074,0.3791731824391304,20,0.95,1.453219770292941,tmax,11.0,20,2183,primary,10.23
01104460,tailwater,0.5393455404730207,0.11318779253477856,0.737852860042935,21,0.9523809523809523,1.4241601343784995,tmean,32.0,21,2183,primary,10.1
01104475,tailwater,0.003371493297744715,0.13031027455721814,0.005935525703804381,21,1.0,0.8215387407004172,tmax,5.0,21,2183,primary,9.42
01193500,reference,0.7183358433201894,0.27574388075636186,0.6556608827108213,11,1.0,0.8941690962099126,tmax,68.0,11,,primary,
01435000,reference,0.40727403356255326,0.9452466780652282,0.13500420489353945,12,0.8333333333333334,1.752134605725766,tmax,0.0,12,,primary,
01466500,reference,0.05534685357997166,0.3324293253731307,0.04294840765406498,17,0.8823529411764706,0.43608932287498,tmax,0.0,17,,primary,
01544500,reference,0.9950046084907708,0.14561520365018543,0.8996278554112717,13,0.9230769230769231,0.7013692162417376,tmax,44.0,13,,primary,
01545600,reference,0.8409547967190514,0.2751500759464344,0.7339433446768815,10,0.7,1.1995320144650075,tmax,0.5,10,,primary,
01596500,reference,0.6077613365252498,0.3006516989494773,0.5588041629581751,11,0.9090909090909091,1.625085091899251,tmax,17.0,11,,primary,
01611500,reference,0.42172240564566543,0.18425975014440843,0.5218102128708632,16,1.0,1.2403072686426553,tmax,115.0,16,,primary,
01632900,reference,0.6023957421366636,0.16049768879841653,0.7348504437080844,14,0.8571428571428571,1.1482086019750264,tmax,77.5,14,,primary,
02011400,reference,0.5682797643496886,0.09182285356375415,0.7488491040553331,32,0.96875,0.20740594189995715,tmean,62.0,32,,primary,
02011460,reference,0.34398311321096076,0.12143133395573108,0.7076449831145587,10,1.0,,tmax,59.0,10,,primary,
02038850,reference,0.6595236354379898,0.45826380457196797,0.47783897638034895,9,1.0,-0.3645320197044335,tmax,66.0,9,,primary,
02077200,reference,0.3699101390657115,0.1265850234691997,0.49722900830308464,28,0.9642857142857143,0.05941065250106114,tmax,106.0,28,,primary,
02079500,tailwater,-0.07277779787241899,0.13652858302603846,-0.13209693907891984,18,0.16666666666666666,0.06877729257641922,tmax,87.5,18,1761,primary,0.82
02110500,reference,0.968874866825237,0.38065925776643533,0.5492007361124785,17,0.9411764705882353,-0.08686131386861318,tmax,147.0,17,,primary,
02137727,reference,1.4675020779525838,0.4640409943394161,0.7254939555494243,11,0.9090909090909091,0.6287545787545787,tmax,81.0,11,,primary,
02171645,tailwater,0.2080900244821033,0.13362655981465069,0.3627892274852516,18,1.0,0.8156173344235484,tmax,177.0,18,1890,primary,22.17
02172020,tailwater,0.24295175432423632,0.05564779156766852,0.593786510871077,37,0.972972972972973,0.6311122534215768,tmax,165.0,37,1890,primary,17.04
02172040,tailwater,0.2850834485159537,0.07020984648901499,0.5955347374265999,32,1.0,0.4243400211193242,tmax,168.0,32,1890,primary,20.79
02172050,tailwater,0.28934733771889737,0.057072587207365355,0.635202178327572,40,0.975,0.9682143671943425,tmax,168.0,40,1890,primary,21.2
021720508,upstream,0.24817884188165631,0.11936702644301637,0.6471165993076696,8,1.0,-0.7018431514275388,tmax,178.0,8,1890,primary,26.46
02172053,tailwater,0.3298156194768762,0.06377953214432767,0.6581162248468986,37,0.972972972972973,1.3973481469467193,tmax,169.0,37,1890,primary,29.48
021720698,upstream,0.15614792989624032,0.07430854752416093,0.4088526196729291,24,0.9583333333333334,0.9235865724381626,tmax,175.0,24,,primary,
02266200,reference,1.1649285729089445,0.29211837359944515,0.7688463186634742,13,0.9230769230769231,1.5796848484848485,tmax,223.0,13,,primary,
02322800,reference,0.1693539879217597,0.3583113582969921,0.1758588497711168,9,1.0,0.9804741980474198,tmax,227.0,9,,primary,
02335450,upstream,0.17977883452117768,0.22779017152005646,0.22213872960668055,14,0.9285714285714286,0.041011984021304876,tmax,1.5,14,,primary,
02338523,reference,1.0675141558203658,0.2824346931679256,0.8192347865162818,9,0.8888888888888888,0.21997300944669365,tmax,91.0,9,,primary,
023432415,tailwater,0.3386749089124332,0.13511941366411975,0.5862027016978445,14,1.0,0.11126848800152538,tmax,172.0,14,1910,primary,0.81
02450250,reference,0.758686020587042,0.18243777463348995,0.7960016774411005,12,0.8333333333333334,0.287716955941255,tmax,117.0,12,,primary,
02479155,reference,0.7469479282177813,0.27015130881218247,0.6582256468985148,12,1.0,0.6244849372768061,tmax,160.5,12,,primary,
03017500,reference,1.2391236425087555,0.4592248553749097,0.7404185655310421,8,0.875,1.4717514124293785,tmax,82.5,8,,primary,
03022540,reference,0.8051818255753617,0.21224171647634416,0.8017058918326974,10,1.0,0.9679547596606974,tmax,40.5,10,,primary,
03028000,reference,1.4314646351693914,0.26265348433967123,0.8542524198447456,13,0.9230769230769231,1.4336034912718203,tmax,27.0,13,,primary,
03066000,reference,0.645131425349844,0.2832698446275963,0.6046531559128896,11,0.9090909090909091,0.5760062524423605,tmax,74.0,11,,primary,
03069500,reference,1.0120650444653192,0.30799082928308225,0.8017565344570873,8,1.0,0.9795918367346939,tmax,86.5,8,,primary,
03092090,reference,0.5826647368676514,0.28973972635995693,0.5568057459882298,11,1.0,0.6764763204053791,tmax,66.0,11,,primary,
03102950,reference,0.39497361888957067,0.21107948490417663,0.4752655453051017,14,1.0,0.7490237841675544,tmax,67.5,14,,primary,
03119341,upstream,0.5358235825573227,0.20335607044915052,0.7056526887694907,9,1.0,0.3024193548387097,tmax,110.0,9,1595,primary,24.18
03119971,tailwater,0.9721833607687211,0.2495875845045286,0.8272183852023979,9,0.8888888888888888,0.5263157894736843,tmax,82.0,9,1595,primary,19.01
03119979,tailwater,0.2762175163737874,0.2486705363756876,0.38710256888487626,9,1.0,0.29576719576719573,tmax,15.0,9,1595,primary,16.72
03120820,tailwater,0.8715388653927312,0.3299330757768126,0.7065463726897848,9,1.0,0.6437499999999999,tmax,96.0,9,1595,primary,13.29
03120869,tailwater,0.729344540735136,0.17346028866494748,0.8463814832754591,9,1.0,0.9873511904761907,tmax,49.0,9,1595,primary,10.55
03125338,upstream,0.6131077282047551,0.1993432715220644,0.7580995646157406,9,0.8888888888888888,0.7641949152542371,tmax,81.0,9,,primary,
03126395,upstream,0.625677160478349,0.14339571077010435,0.8550820413735619,9,1.0,0.848300635534678,tmax,84.0,9,,primary,
03127980,upstream,0.587292039231874,0.1887300202209812,0.7618532341645862,9,1.0,0.7298288508557457,tmax,95.0,9,,primary,
03127986,upstream,0.5457329774118994,0.21425796455021523,0.6935460644819879,9,1.0,0.7644825646794152,tmax,82.0,9,,primary,
03127989,upstream,0.4754781571456176,0.17182997987226584,0.7227829210960438,9,1.0,0.43113284433577825,tmax,85.0,9,,primary,
03140853,upstream,1.123219318849452,0.24680305128106256,0.8805590689808867,8,1.0,0.23310690025026815,tmax,89.0,8,,primary,
03140950,upstream,0.5935542377610727,0.29587259036674596,0.6336135151637222,8,1.0,0.3927194860813705,tmax,93.0,8,,primary,
03302050,reference,1.238474601528138,0.4530396135382272,0.7447608965742191,8,1.0,-2.7957393483709274,tmax,97.5,8,,primary,
03324500,tailwater,0.13654827033060982,0.19911563979298158,0.15956734703745928,20,0.65,1.6401959566197482,tmax,64.5,20,1592,primary,25.3
03327000,tailwater,0.46867467450251893,0.33253877240391105,0.44599043550865347,10,1.0,1.9991809246450676,tmax,88.0,10,1592,primary,1.05
03359000,tailwater,0.368403347571275,0.3302095292562944,0.2768075897917735,17,0.7647058823529411,3.429690391020106,tmax,96.0,17,1654,primary,0.87
03373980,upstream,0.9261785272916759,0.1509524484976069,0.7944507137694838,24,0.9583333333333334,1.6611243473412076,tmax,122.0,24,,primary,
03460000,reference,0.5608666879187941,0.21252306122477302,0.6060099043961867,14,0.8571428571428571,1.042933130699088,tmax,0.0,14,,primary,
03490000,reference,0.7706082202773842,0.12146454775306505,0.9040241586315525,11,1.0,1.0668041237113404,tmax,128.0,11,,primary,
03497300,reference,0.9003489247862624,0.2729668208140266,0.7218430086385501,12,0.8333333333333334,0.6160220994475138,tmean,20.5,12,,primary,
03604000,reference,0.316709048011323,0.22022762996006753,0.4532254722690019,10,1.0,0.49685534591194963,tmax,138.5,10,,primary,
04027000,reference,0.9600755914874618,0.3551303534429397,0.6909548033418537,10,1.0,0.2740384615384615,tmax,57.0,10,,primary,
04043238,reference,0.3797980998501868,0.11468223412366152,0.626222565455267,19,0.9473684210526315,0.7229359148967497,tmax,0.0,19,,primary,
04043244,reference,0.33503123360353476,0.14154214762439213,0.49787365835078207,19,1.0,0.7582852171161908,tmax,0.0,19,,primary,
04043275,reference,0.6509464535205461,0.15752060066594775,0.8092406798846937,11,1.0,0.45274866703438127,tmax,14.0,11,,primary,
04063700,reference,0.7725156727057023,0.19319835550374492,0.7696876040367089,13,1.0,0.7436764995729583,tmax,49.0,13,,primary,
04124000,reference,0.5153091579787356,0.07972128598481527,0.7969676507463657,26,1.0,1.163550488109385,tmax,6.5,26,,primary,
04125460,reference,0.2562599045592436,0.06696712322791397,0.6002396807334791,28,1.0,0.9617968094038626,tmax,0.0,28,,primary,
04136000,reference,0.46498773034182245,0.06727407600404127,0.8047174410911228,28,1.0,0.9304849884526557,tmax,3.5,28,,primary,
05057000,reference,0.41400617664849015,0.1256455354117879,0.5931727695045423,22,1.0,0.8794351155764771,tmax,72.5,22,,primary,
06036805,reference,0.8334466022786543,0.3116422988444353,0.5682146763756067,17,1.0,1.5104787630402385,tmax,0.0,17,,primary,
06036905,reference,0.4646714216196468,0.14969638783175518,0.5702027676133012,22,1.0,0.8960110982307447,tmax,77.5,22,,primary,
06037100,reference,0.5004140575557537,0.17977221998572668,0.6801737067028047,11,1.0,0.1088205717569315,tmax,30.0,11,,primary,
06037500,reference,0.8070088385538471,0.3108696155036039,0.6543505447179457,11,1.0,1.0403807163775622,tmax,47.0,11,,primary,
06073500,reference,0.5523989942650762,0.18969730146218708,0.7173255711725074,10,1.0,0.1734851408722502,tmax,26.0,10,,primary,
06623800,reference,0.72241769942878,0.12987504705896089,0.8801499911011571,11,1.0,0.408062930186824,tmax,0.0,11,,primary,
07014000,reference,0.27316058811321614,0.10704170100067197,0.6280035587254078,12,1.0,0.5294044200274692,tmax,99.5,12,,primary,
07056515,reference,0.013075805458195361,0.3359827003573235,0.010793307741289459,15,0.8666666666666667,0.3882455124493341,tmax,20.0,15,,primary,
07061270,reference,0.7133085845162758,0.17431477152990574,0.7503016268775492,15,1.0,1.1837750513033223,tmax,131.0,15,,primary,
07099400,upstream,-0.5338862613478224,0.28608314371062743,-0.4463263561748684,16,0.0625,-0.36937295833001355,tmax,0.0,16,,primary,
07144780,reference,0.4417393303842611,0.1331873906838024,0.6055359124599041,21,1.0,0.9452739898535599,tmax,160.0,21,,primary,
07191222,reference,0.28637611901341525,0.04409769113093274,0.8905789617017019,13,0.9230769230769231,1.0973428121904316,tmax,108.0,13,,primary,
07337000,tailwater,0.22651351893908278,0.12824554245428257,0.43992055516088024,15,0.8666666666666667,0.4968453521521708,tmax,171.0,15,1153,primary,29.51
08048000,tailwater,0.11745486823270873,0.09650562165338868,0.3591892059066545,12,1.0,0.8259361997226076,tmean,171.5,12,1184,primary,8.61
08049500,tailwater,0.2638239985171049,0.04836574785054946,0.7056527710803561,32,1.0,0.5418056890799072,tmax,190.0,32,1188,primary,5.93
08052700,tailwater,0.0692770153794417,0.17970555444430417,0.12745299688551837,11,1.0,-0.06967164532954007,tmax,174.0,11,1151,primary,16.89
08052745,tailwater,0.17502096307910894,0.12871023747541874,0.4332906415834096,10,0.8,0.45424246632412174,tmax,158.0,10,1164,primary,18.12
08057055,tailwater,0.4188466385512498,0.10540347577246519,0.7677298359968495,13,1.0,0.6397198631005198,tmax,192.0,13,1188,primary,15.27
08062500,tailwater,0.30118706884083746,0.0668865403071824,0.6692073095298058,27,1.0,0.6141739165512512,tmax,177.0,27,1220,primary,26.0
08065350,tailwater,0.18848750832790598,0.13193315012683596,0.26510770871460204,29,0.9655172413793104,1.1166831456338777,tmax,179.0,29,1261,primary,9.52
08067074,tailwater,-0.19853943191178908,0.19373725541499964,-0.3859519744781089,8,1.0,0.18249408583981075,tmax,197.5,8,1300,primary,15.94
08068000,tailwater,0.3616758765439731,0.16413216980280154,0.614579403849701,10,1.0,1.0773775097083367,tmax,215.0,10,1295,primary,16.49
08068400,tailwater,0.07293425864073753,0.06546676330990021,0.295214916411853,15,1.0,0.6074468085106384,tmax,255.0,15,1295,primary,20.25
08069500,tailwater,0.29254874660478564,0.12797688010565697,0.5675011919415373,13,1.0,0.5504447175470755,tmax,209.0,13,1300,primary,16.91
08070200,tailwater,0.43770897672027337,0.10512275908810537,0.690737991736989,21,1.0,1.003003073274988,tmax,182.0,21,1300,primary,24.99
08074710,tailwater,0.25073816088026174,0.08940519347279247,0.5740823907775887,18,0.9444444444444444,0.7680693669658016,tmax,223.0,18,1300,primary,24.4
08123800,tailwater,0.2531303743209184,0.231191620256853,0.30137349675653236,14,1.0,0.6788837574923847,tmax,171.0,14,1217,primary,17.86
08123850,upstream,-0.09910380801828729,0.15739284837835688,-0.14680406967718937,20,1.0,-0.4045298920200158,tmax,172.5,20,1217,primary,27.32
08211200,tailwater,-0.046424102731754804,0.12809367486561996,-0.09641042547461018,16,1.0,0.844215479474282,tmax,234.0,16,1317,primary,15.26
08211503,tailwater,-0.07628965455961546,0.48013220398592527,-0.04785316290776206,13,1.0,0.653534872649369,tmax,272.0,13,1317,primary,29.2
09071750,upstream,0.8393829484182526,0.17222710610123498,0.6841133382953307,29,1.0,0.5275434132404802,tmax,0.0,29,,primary,
09085150,upstream,1.370652575815348,0.3187263304353666,0.7322187943835743,18,1.0,1.0472605928915102,tmax,0.0,18,,primary,
09136100,upstream,0.91117096707798,0.2194578628028148,0.7550386455379262,15,1.0,0.6644665600990048,tmax,61.0,15,,primary,
09196500,reference,0.13624866202507743,0.7930784021757724,0.049532708594575835,14,0.7857142857142857,1.2353030706594117,tmax,0.0,14,,primary,
09371520,upstream,0.5775839894297771,0.1939431319385759,0.5117273869539711,27,1.0,0.2885279769448447,tmax,64.0,27,,primary,
09505800,reference,-0.057228454984660095,0.47918008585565525,-0.04869922320836774,8,1.0,0.7794566121430552,tmean,78.5,8,,primary,
10133980,upstream,0.8251565442330012,0.3378314776297425,0.533433121825317,17,1.0,1.7893007360672977,tmax,49.0,17,,primary,
10172200,reference,0.6461933659510783,0.3281763072500703,0.46570012298372987,16,1.0,-0.1754111198120595,tmax,0.0,16,,primary,
10249300,reference,0.038595161166423024,0.4008254977511449,0.030435208488960717,12,1.0,0.06528270224916773,tmax,0.0,12,,primary,
10313400,reference,0.40338582262791256,0.38131672882160605,0.3964808119995171,8,1.0,3.6844313890054554,tmax,41.0,8,,primary,
10336645,reference,0.6924961431028286,0.3216847401673988,0.6056381221343157,10,1.0,1.8202066999287243,tmax,0.0,10,,primary,
10336660,reference,0.6409213744770035,0.4368268069181556,0.4849757072706124,9,1.0,1.3376141552511416,tmax,17.0,9,,primary,
10343500,reference,0.5823494229116998,0.18125621658899846,0.5651175723330013,24,1.0,0.8505439066687687,tmax,0.0,24,,primary,
10396000,reference,1.0143050994380236,0.4267727776637846,0.5824820343307601,13,1.0,0.5053796755295178,tmax,48.0,13,,primary,
11172945,upstream,0.04190643660259567,0.2665903317175782,0.06404249823810336,8,1.0,1.1485626085278795,tmax,4.5,8,,primary,4.44
11173200,reference,-0.0855870079573397,0.1225091317121153,-0.20611799862062283,13,1.0,0.600378787878788,tmax,10.0,13,,primary,
11173575,tailwater,0.017463150595594768,0.20688051866346424,0.025442866946443408,13,1.0,1.7356557377049182,tmax,14.0,13,216,primary,3.6
11203580,reference,0.6951314686489026,0.12110448461290753,0.8467964217666918,15,1.0,1.7701572432251587,tmax,0.0,15,,primary,
11204100,reference,0.8035818097862021,0.3070656208471938,0.6027817279703871,14,1.0,0.5100376411543288,tmax,104.5,14,,primary,
11206820,upstream,0.5242541021422483,0.2604846811490984,0.6054338946184532,9,1.0,1.3529900332225915,tmax,0.0,9,,primary,
11264500,reference,0.20090490369958294,0.09873685571180911,0.5064733969536384,14,1.0,0.711655103198499,tmax,0.0,14,,primary,
11274790,upstream,0.8043255706144878,0.25240893142648707,0.6770132214888025,14,0.9285714285714286,1.1573625967140349,tmax,5.0,14,,primary,
11276600,upstream,0.4989447809969861,0.23272168611336008,0.37551722453243136,30,1.0,3.3960078601716823,tmax,4.5,30,,primary,
11289650,tailwater,-0.10138277475467522,0.42795703470923707,-0.04554400669936149,29,0.5862068965517241,2.1517891435155554,tmax,0.0,29,210,primary,4.54
11303000,tailwater,0.31983679466856985,0.4399971313565515,0.14677227646894528,26,0.7307692307692307,2.0702677423126388,tmax,55.5,26,203,primary,25.73
11381500,reference,0.1527562762628973,0.18556110147644453,0.1657142909461742,26,1.0,0.4175469384540966,tmax,51.5,26,,primary,
11383500,reference,0.19756184676981542,0.15393868049966355,0.25850724294478483,25,1.0,0.7089075465694074,tmax,76.0,25,,primary,
11446220,tailwater,0.055452847674074074,0.197607396658346,0.06262566329539007,22,0.3181818181818182,1.124328684540109,tmax,0.0,22,182,primary,0.96
11446500,tailwater,-0.07933224437893892,0.21220159334492694,-0.08131131981758742,23,0.43478260869565216,1.336209352488706,tmax,0.0,23,182,primary,10.39
11446700,tailwater,-0.2352966915882509,0.23521839176779508,-0.21828707018159027,22,0.6363636363636364,0.9613182190019868,tmax,0.0,22,182,primary,20.26
11446980,tailwater,-0.06566072858786637,0.2044946186954945,-0.06829631082655749,24,0.7916666666666666,1.0167270219003277,tmax,0.0,24,182,primary,25.69
11467000,tailwater,0.19343223908878585,0.06398792925227058,0.5600145291496751,22,1.0,0.5629215648487186,tmax,89.5,22,180,primary,24.48
11468900,reference,0.19915836311204727,0.2526245434794886,0.18269034431944273,20,1.0,0.4934339300330974,tmax,61.0,20,,primary,
11475560,reference,0.1095821172142553,0.18992695553034705,0.17949075741100728,12,1.0,0.6748850814876723,tmax,0.0,12,,primary,
11509370,upstream,0.33209711415373205,0.06736931672186651,0.7491333140498969,21,1.0,1.1543292001490078,tmax,61.0,21,,primary,
12056500,reference,0.30234032196635263,0.28235370193975545,0.2385623453363157,21,0.9047619047619048,1.206020328381548,tmax,0.0,21,,primary,25.08
12098700,upstream,0.205200992950637,0.13275646864954976,0.533659445335239,8,1.0,1.0097087378640777,tmax,0.0,8,,primary,
12100490,tailwater,0.28061757047900787,0.14825943714958773,0.4956517737955043,13,1.0,2.139841057066258,tmax,0.0,13,59,primary,9.87
12101100,tailwater,0.08635319137603431,0.6576447915444845,0.03955947995273613,13,0.3076923076923077,2.4835828102366,tmax,0.0,13,59,primary,7.15
12101102,tailwater,0.0848010062521302,0.10105578829468077,0.32409116488306244,8,1.0,1.5384615384615385,tmax,0.0,8,59,primary,7.38
12115000,reference,0.22710146923909996,0.09933765926558996,0.4464118812355744,23,0.9565217391304348,2.7348277747402956,tmax,0.0,23,,primary,
12137290,reference,0.4229718057686003,0.15729847236974023,0.6131836872765952,14,0.9285714285714286,2.5288025400665255,tmax,0.0,14,,primary,
12147470,upstream,-0.023442014227751398,0.08379252297231521,-0.10515409360765825,9,1.0,1.208931133428981,tmax,0.0,9,,primary,
12147500,reference,0.2493088467071746,0.04204081822823244,0.7843222301790106,24,1.0,1.5072548855153909,tmax,0.0,24,,primary,
12147600,reference,0.4018975944502183,0.10017208949894253,0.6416504755880484,25,1.0,2.609301153191758,tmax,0.0,25,,primary,
12181000,tailwater,0.1729856819301244,0.090159563090037,0.3306010146471392,32,0.9375,1.870640465388148,tmax,0.0,32,42,primary,29.82
12182500,reference,0.04409273550767661,0.10464226284283455,0.16953204396839214,8,1.0,1.744019138755981,tmax,0.0,8,,primary,
12186000,reference,-0.055529165828090435,0.17380468197866863,-0.12933644148296913,8,1.0,1.5168760405630393,tmax,0.0,8,,primary,
12209490,reference,0.5589327163850651,0.17681756644728663,0.6592381157231325,15,1.0,2.115669304788476,tmax,0.0,15,,primary,
12210000,reference,0.6824639841000819,0.19299504905165016,0.7002046075693429,15,1.0,2.028002018163471,tmax,0.0,15,,primary,
12210700,reference,0.27238489504877655,0.1475594725154535,0.4424336158772275,16,0.9375,2.2930119491902627,tmax,0.0,16,,primary,
12413360,reference,0.328484070887718,0.24333351281179455,0.4103478775937578,11,1.0,2.339730736178745,tmax,0.0,11,,primary,
12447390,reference,0.446536617363614,0.12006302677634197,0.7959717805024211,10,1.0,0.7992143168921866,tmax,0.0,10,,primary,
13018300,reference,0.3535201897088316,0.260379252592135,0.39452084055232284,12,1.0,0.20113314447592065,tmax,0.0,12,,primary,
13211210,upstream,0.26198726651170884,0.15646988927304303,0.5347602050143164,9,1.0,1.2561926605504588,tmax,30.0,9,,primary,
13331500,reference,0.23125175893965425,0.15679153197715429,0.42269011781804866,12,1.0,0.8312477907387769,tmax,33.5,12,,primary,
13340000,reference,0.37304977264234945,0.15004769292538864,0.44523657669766187,27,1.0,0.791998947026123,tmax,50.0,27,,primary,
13340600,reference,0.33635216108514854,0.09088149249524004,0.5415923342426218,35,1.0,1.12229358539344,tmax,0.0,35,,primary,
14034470,upstream,0.5704183801739041,0.21148053593030355,0.6901275282174612,10,1.0,0.8666558124389447,tmax,28.0,10,,primary,
14046890,reference,0.13562850611955735,0.35414009258861673,0.09840501893970252,17,1.0,0.5272669826224329,tmax,0.0,17,,primary,
14138870,reference,0.322361795014561,0.0840989760291918,0.5383683881193848,38,0.8947368421052632,1.487475723320552,tmax,0.0,38,,primary,
14138900,reference,0.16766025741037763,0.05153051478093942,0.48189228515862714,37,1.0,1.0353244897253562,tmax,0.0,37,,primary,
14139800,reference,0.3329781557299254,0.08093995941052685,0.5551000877213048,40,1.0,1.668416213316987,tmax,0.0,40,,primary,
14141500,reference,0.34476535529046565,0.14372485820837838,0.5265491761130885,17,1.0,1.5738552871333684,tmax,0.0,17,,primary,
14144800,reference,0.1631309875761527,0.1204909381328956,0.39358135459329396,12,1.0,0.4231322779013476,tmax,0.0,12,,primary,
14144900,reference,0.0642006589272952,0.08353736053572633,0.21658828348974252,14,1.0,1.3793523252982713,tmax,0.0,14,,primary,
14145500,upstream,-0.11222034391079898,0.14320176481620783,-0.1685600076805346,23,0.043478260869565216,1.0819366852886405,tmax,0.0,23,,primary,
14147500,reference,0.11835922768104573,0.13973986369758482,0.23751037119730925,14,1.0,1.594586840091813,tmax,2.0,14,,primary,
14150290,upstream,0.5453366476769161,0.17834445885712,0.6617690452604407,14,1.0,1.1509350796549336,tmax,9.0,14,,primary,
14150800,reference,0.5903237954242627,0.13907557127269884,0.7501534884573972,16,1.0,1.189209164818921,tmax,5.0,16,,primary,
14152000,tailwater,0.14134982466116913,0.24474674320028517,0.1474881207248841,17,0.7058823529411765,3.818639798488664,tmax,0.0,17,92,primary,13.44
14154500,upstream,0.4443213321742945,0.1679451395071742,0.6614212977259826,11,1.0,1.0263944223107568,tmax,38.0,11,,primary,
14159200,upstream,0.1476277827434097,0.06035146065260579,0.462411605864904,24,1.0,0.8539235066609369,tmax,0.0,24,,primary,
14161100,reference,0.21988486249912292,0.12542168866689424,0.43728673034553683,15,1.0,0.7718935675536036,tmax,0.0,15,,primary,
14161500,reference,0.04784035693733504,0.10604277312075595,0.14123363261133576,12,1.0,0.3013268156424581,tmax,0.0,12,,primary,
14179000,upstream,0.3494102524882164,0.11464455615801565,0.5448626526324716,24,1.0,1.2831718920158195,tmax,0.0,24,,primary,
14180300,reference,0.19469887836895589,0.12082358040585146,0.3124624165345045,26,1.0,1.200099575249327,tmax,0.0,26,,primary,11.84
14182500,reference,0.7213646316614185,0.13194302874905608,0.8070600033198003,18,1.0,2.162441744565071,tmax,41.5,18,,primary,
14185000,reference,0.2831103117590656,0.1743701758338113,0.39806804747620556,16,1.0,1.2581858967401136,tmax,14.5,16,,primary,
14185900,reference,0.2500309894870917,0.13636153820813338,0.42789911679050785,17,1.0,1.6870412196499158,tmax,4.0,17,,primary,
14186200,tailwater,0.604370439136168,0.38714892731776945,0.39732337315330696,15,0.13333333333333333,4.253383174032366,tmax,0.0,15,83,primary,0.47
14197900,tailwater,0.3082483576253242,0.13440775487471018,0.49739209491727204,18,1.0,2.398887192870156,tmax,31.5,18,72,primary,28.15
14202980,tailwater,0.30005848271324803,0.20587747557742822,0.3248911103223155,20,0.05,0.688748576751889,tmax,0.0,20,72,primary,0.58
14316495,reference,0.02458553183231465,0.2293120843446895,0.03093528595096364,14,1.0,1.1041958041958042,tmax,1.0,14,,primary,
14316500,upstream,0.12694565591074206,0.10611150072991875,0.27139709294741843,20,1.0,1.5008319467554077,tmax,0.0,20,,primary,
14318000,reference,0.449155445305691,0.10742169950632852,0.657157915575191,25,1.0,1.232007339782072,tmax,21.0,25,,primary,
14337870,reference,0.5826827183963146,0.2166409646437872,0.6298681775509795,13,1.0,6.5971187282662695,tmax,2.0,13,,primary,
15056210,reference,-0.021458786386308458,0.05955188670944851,-0.09944429224953492,15,0.8666666666666667,0.4738939492517891,tmax,0.0,15,,primary,
15085100,reference,0.7405961046985261,0.190644626045406,0.7605236766943037,13,1.0,1.648446130938086,tmax,0.0,13,,primary,
15129500,reference,0.4732636071648034,0.1247488591140209,0.8017080766905412,10,1.0,0.860115642682663,tmax,0.0,10,,primary,
15266300,reference,0.40404531440775704,0.12201644461514449,0.7232033177397095,12,1.0,0.5979240777739876,tmax,0.0,12,,primary,
15283700,reference,0.43572142913377937,0.0953023263258369,0.8094479548546112,13,1.0,0.7459000897963042,tmax,0.0,13,,primary,
15292700,reference,0.309663999256263,0.07735401836413966,0.7700514762075854,13,1.0,0.6088709677419353,tmax,0.0,13,,primary,
15294005,reference,0.4860513788267284,0.1465054093949739,0.7818284724997067,9,1.0,0.5930567559781043,tmax,0.0,9,,primary,
15297610,reference,0.62086966437976,0.16842780431246038,0.6179188878721004,24,1.0,0.9217894096165551,tmax,0.0,24,,primary,
15300250,reference,0.4424808549133234,0.04991963073465512,0.9638730518792465,8,1.0,1.2541808550889142,tmax,0.0,8,,primary,
15300300,reference,0.24895894293487095,0.20818924678303982,0.3894156273529942,10,1.0,0.45423797356666246,tmax,0.0,10,,primary,
15302000,reference,0.43214404048692334,0.31849661788969796,0.48455014242506045,8,1.0,0.40942272027778875,tmax,0.0,8,,primary,
15302200,reference,0.5343689729541539,0.04420305296936291,0.970561174448744,11,1.0,1.3822801888913878,tmax,0.0,11,,primary,
15302250,reference,0.69005281946522,0.07678221355946208,0.9648060366066514,8,0.875,1.5365358592692828,tmax,0.0,8,,primary,
15484000,reference,0.7042033516982146,0.25354269859206774,0.7499993347030935,8,1.0,0.24478816408876933,tmax,0.0,8,,primary,
16618000,reference,0.27683184899934576,0.2134011749047107,0.4680139813543479,8,0.625,-0.028395541502534843,tmax,83.0,8,,primary,
404417108524900,upstream,1.0577305235801853,0.2875883979416924,0.6768503706481501,18,1.0,0.2849701044419923,tmax,9.5,18,,primary,
420741121554001,upstream,0.29116262738074167,0.06826376715907785,0.7403308418155684,17,1.0,1.0853671963885931,tmax,26.0,17,,primary,
453004122510301,tailwater,0.5769144104544084,0.13321930888580616,0.7047970678737485,21,1.0,1.2155151573756222,tmax,32.0,21,72,primary,27.27
453040123065201,tailwater,0.5086670187135259,0.13891105044536733,0.6870201529682982,17,1.0,1.2120409281929472,tmax,24.0,17,72,primary,7.7
01073319,tailwater,0.41164139285185236,0.36966016500299886,0.41385304358972763,8,,,tmax,68.5,8,2158,band,47.2
01571820,tailwater,0.7761922377624315,0.192118388234308,0.8365808044578308,9,,,tmax,5.0,9,1615,band,38.29
02160991,tailwater,0.38158925558593004,0.08676374240332942,0.5859212777183385,39,,,tmax,158.0,39,1842,band,55.45
02162035,tailwater,0.5911408764898312,0.14074388454550094,0.7848152921902068,13,,,tmax,164.0,13,1852,band,46.78
021720677,tailwater,0.31369975124253496,0.09340678691034904,0.6004946624373075,22,,,tmax,172.5,22,1890,band,39.11
02335815,tailwater,0.5388741386415647,0.35079527635723823,0.5312962963355188,8,,,tmax,22.5,8,1863,band,35.82
02397000,tailwater,0.5179727865031873,0.07016349022113427,0.7983885318668089,33,,,tmax,127.0,33,1862,band,48.92
03086500,tailwater,0.3629805479366276,0.25745612675026525,0.3769695731520293,14,,,tmax,72.0,14,1595,band,30.09
03354000,tailwater,0.8465960652737815,0.1670167534149291,0.7119307498770783,27,,,tmax,114.0,27,1654,band,44.13
04024000,tailwater,0.6470263455249637,0.16107615629786373,0.7711202253661752,13,,,tmax,61.0,13,778,band,30.04
07263296,tailwater,0.4923963571757198,0.11150906032263838,0.7517999050916119,17,,,tmax,132.0,17,1092,band,44.18
0728875070,tailwater,0.7403418657477038,0.1350294856066979,0.8259907188001882,16,,,tmax,168.0,16,1156,band,33.87
08068500,tailwater,0.6040488211580609,0.16359468813235808,0.656492216388616,20,,,tmax,218.0,20,1295,band,30.4
08074000,tailwater,0.5180828002723117,0.25404238084808334,0.5621885785359584,11,,,tmax,193.0,11,1300,band,32.02
11046050,tailwater,0.250431284824955,0.16595811966104254,0.4306677589204666,12,,,tmax,162.5,12,654,band,48.44
11254000,tailwater,0.11225446333344798,0.21683527427865407,0.19202863424210895,9,,,tmax,138.0,9,592,band,55.36
11273400,tailwater,0.4319226425386398,0.32204830051239247,0.37488774545878994,13,,,tmax,168.0,13,223,band,56.77
11290000,tailwater,-0.1828773517685607,0.799593812564889,-0.05538585895861983,19,,,tmax,139.0,19,203,band,32.25
11390500,tailwater,0.40618630325084487,0.1915033102095966,0.36111614927567537,32,,,tmax,6.5,32,152,band,52.09
11425500,tailwater,-0.15685696646709005,0.38298656983686336,-0.14330761706535983,10,,,tmax,36.0,10,182,band,38.99
12119000,tailwater,0.4010703188201447,0.09937175045810322,0.6281108697134167,27,,,tmax,0.0,27,59,band,32.52
13342500,tailwater,-0.24755504662558597,0.31023000031618536,-0.13758811182955166,35,,,tmax,0.0,35,338,band,41.32
14184100,tailwater,0.13898229570480816,0.1083107921411291,0.33528957274388627,15,,,tmax,1.0,15,85,band,40.29
14206950,tailwater,0.5216229969677946,0.11682737676616384,0.689480339577537,24,,,tmax,22.5,24,72,band,35.6
14210000,tailwater,0.2614748922434701,0.09513886157346078,0.5333493200880726,21,,,tmax,0.0,21,78,band,53.72
14320934,tailwater,0.5181597716038377,0.24310645932813843,0.494969248507418,16,,,tmax,0.0,16,99,band,53.07
