site_no,group,beta,beta_r2,beta_hw,n_years,src,D22_median
01073319,tailwater,0.5553882254757878,0.19741080602952946,0.8854339433302206,14,tmax,67.5
01091000,tailwater,0.9431675519863176,0.36887312117100657,1.349536772274963,13,tmax,76.0
01095220,tailwater,0.5888152967350336,0.5540492408658348,1.0207864317803241,27,tmax,44.0
01095375,tailwater,1.1607645133868478,0.8465228848987632,0.9631245608604435,28,tmax,55.5
01095434,tailwater,0.20333808445414284,0.24291521980141276,0.3843047516489433,13,tmax,3.0
01104370,tailwater,0.07553348670983727,0.02367009233162886,0.4235974062588102,15,tmean,8.0
01104415,tailwater,-0.11458949653380357,0.014623037939146813,0.4603182878667413,21,tmax,8.0
01104420,tailwater,0.21766046166339015,0.18372787637276786,0.6115343879189586,13,tmean,14.0
01104430,tailwater,0.46144301265208476,0.29594401477775556,0.6250408752054107,26,tmax,51.5
01104455,tailwater,0.7033715781208107,0.15046183608669841,0.8947062841530053,22,tmax,11.0
01104460,tailwater,0.6046757139429684,0.6155574963606837,0.9439069657242142,24,tmean,24.0
01104475,tailwater,0.003371493297744715,3.523046538052249e-05,0.7485628592851787,21,tmax,5.0
01104480,tailwater,-1.3033343339371182,0.19602177587254552,0.38431417712772087,11,tmean,87.0
01170100,reference,1.0632022403967203,0.6160335160396968,0.40713528253294956,9,tmax,33.0
01193500,reference,0.7389058690875706,0.4882136646297242,0.7461886853491854,14,tmax,64.0
01435000,reference,0.6092560505078284,0.03896610134381091,1.0650718442601843,13,tmax,0.0
01447720,tailwater,0.6773450826505505,0.5643667513452872,1.178046729074048,27,tmax,47.0
01447800,tailwater,0.671333582939933,0.5401146876097069,0.9039798462698204,24,tmax,27.5
01466500,reference,0.08669381401203982,0.003992185088186345,0.15909513624104898,21,tmax,0.0
01544500,reference,1.0336398555017596,0.7882491140620549,1.1183659913649953,14,tmax,42.5
01545600,reference,0.8748280622528545,0.6643120363292171,1.4141145833333335,13,tmax,1.0
01571820,tailwater,0.7930576971549828,0.7354745936962492,0.9177602591278252,12,tmax,3.5
01596500,reference,0.5901866994321647,0.2820223175614557,1.3812260955086877,12,tmax,26.0
01611500,reference,0.5272542233233949,0.4471226028144943,1.378660760812923,18,tmax,115.0
01632900,reference,0.8253802530972076,0.7102831689152608,1.1616211765275726,17,tmax,79.0
02011400,reference,0.5889902093783518,0.5696055901021213,0.6627545321763039,34,tmean,61.5
02011460,reference,0.3436978002528688,0.5052950633537043,0.0,11,tmax,54.0
02038850,reference,0.36841289237756686,0.09322350296043101,-0.9911952041963283,10,tmax,65.5
02077200,reference,0.08999715247525587,0.0034570673512167804,0.600599094693947,40,tmax,101.5
02079500,tailwater,-0.11134671742043266,0.036774223572744055,0.3192878338278933,21,tmax,87.0
02087182,tailwater,0.29911477747612514,0.060262882167176145,0.025860571978146746,16,tmax,169.5
02110500,reference,1.0673011734810893,0.3659057779163408,0.8876628225338091,18,tmax,148.0
0212378405,tailwater,0.561362445522465,0.45277226157344574,0.7655192045708706,14,tmax,163.5
0212880025,tailwater,0.3061688077495529,0.2617421237872362,0.9235416627577536,14,tmax,148.0
02129375,upstream,0.0073127207125123295,0.000271768786821032,0.4343777831754514,8,tmax,148.0
02137727,reference,1.4736029665715369,0.6919681952508194,1.6425379803395888,12,tmax,80.0
02138520,tailwater,-2.0607175894858565,0.6169289397554554,-0.4535389856169568,10,tmax,1.0
0214244102,tailwater,0.634321254664186,0.6812131833662795,1.5831139526137643,9,tmax,128.0
0214264790,upstream,0.4600210346289776,0.6116308928546628,0.055555555555555566,9,tmax,161.0
0214267602,tailwater,0.47306574102800764,0.6352685637296531,-0.6161107614852108,10,tmax,158.5
02147310,tailwater,0.13073905879045272,0.041568120350760844,-0.1469708302169035,9,tmax,155.0
021474095,tailwater,0.05840581841858473,0.01486129642426195,-0.3647067646617669,9,tmax,161.0
02147505,tailwater,-0.22231167333702112,0.1295496512967349,-0.49490950226244346,9,tmax,152.0
02160991,tailwater,0.36164664595522983,0.32710226900387235,0.9810404392098698,40,tmax,157.5
02162035,tailwater,0.6245757197757065,0.670258055015763,0.5594562630058235,14,tmax,161.0
02171645,tailwater,0.2928510662502426,0.24845230947722566,0.3730264116029436,18,tmax,177.0
02172020,tailwater,0.25594495571407483,0.3671809651814669,0.6700625144709422,40,tmax,163.5
02172040,tailwater,0.3151508544102308,0.3914773425383735,0.6468372453485367,38,tmax,165.0
02172050,tailwater,0.28934733771889737,0.40348180735209255,0.73132370726611,40,tmax,168.0
021720508,tailwater,0.2907151133752523,0.5046441687236997,0.29385143570536837,9,tmax,176.0
02172053,tailwater,0.3428872090224335,0.488342219823934,0.8554776014994968,40,tmax,169.0
021720677,tailwater,0.3751761804571693,0.25274723846485647,1.0277067549972678,27,tmax,170.0
021720698,upstream,0.2773409504983971,0.2597893041559367,0.7098876812191782,28,tmax,174.0
02188100,tailwater,0.11546038444053314,0.12567527880017382,-0.0022979621254060364,14,tmax,177.5
02212600,reference,0.6433806863676301,0.6010104402087189,0.673466392720869,9,tmax,131.0
02266200,reference,1.2002484097370645,0.4843771592700101,1.1828256249367475,19,tmax,199.0
02310678,tailwater,0.03286784917915838,0.006313035544680304,1.2110419372087695,21,tmax,363.0
02313700,reference,0.9124117689592922,0.49254697857835733,0.4981539623058437,12,tmax,206.5
02315550,reference,0.7290643353420033,0.71038208502984,0.8369298675821482,8,tmax,194.0
02322700,reference,0.03866949378555135,0.05562086853645648,0.947134159143397,8,tmax,292.5
02322800,reference,0.021896288868221432,0.0005555511045828353,0.9137243735763098,10,tmax,226.5
02334480,tailwater,0.4032964632670469,0.3746862829351071,0.7271075450653042,24,tmax,95.0
02334578,tailwater,0.4577035719904074,0.42066089418340497,0.8680939226519337,24,tmax,88.5
02335450,upstream,0.024808757702433917,0.0003674773121120626,-0.14483399955585163,17,tmax,1.0
02335815,tailwater,0.2209515834684504,0.014882844129160938,-0.32056788356000954,12,tmax,13.0
02338523,reference,1.0412483852661358,0.6764981879548001,0.23362766740250185,10,tmax,89.5
023432415,tailwater,0.3567771782152711,0.3966336350305099,0.47571925966648343,15,tmax,171.0
02343805,tailwater,0.22767395716236588,0.2506614681600613,0.05082087880436522,8,tmax,175.5
02356000,tailwater,0.12073614626030228,0.13906741312085114,0.3091721988890394,8,tmax,175.0
02357150,tailwater,0.18050153816600428,0.02095605731252822,-0.02648385512036086,8,tmax,170.0
02358000,tailwater,-0.1956037398441039,0.03327539704736487,0.29040533606977936,8,tmax,183.0
02358795,tailwater,0.06414041057115584,0.14147201009390437,-0.9617532104969291,8,tmax,0.0
02394000,tailwater,-0.22713418257536597,0.07259711644187383,-0.08268338600147919,13,tmax,98.0
02397000,tailwater,0.5389154473031376,0.570613148301536,1.102458308397549,39,tmax,127.0
02450250,reference,0.5947640753416011,0.6431335290639546,0.4603767367785161,13,tmax,118.0
02479155,reference,0.7198040265005645,0.28873708292078315,0.7411442587416577,14,tmax,150.0
03017500,reference,0.9391532943946315,0.1736174238503691,1.0049010186430904,12,tmax,65.5
03022540,reference,0.5563446675042755,0.14309784498640946,1.2106350025813113,12,tmax,40.5
03028000,reference,1.4314646351693914,0.7297471968106036,1.0538600218917005,13,tmax,27.0
03058000,tailwater,0.3254761842483313,0.10706746530697356,0.863063744016125,21,tmax,51.0
03066000,reference,0.6376487169567584,0.36361251947248147,1.3820179705831854,12,tmax,71.5
03069500,reference,0.9099161686317422,0.632910372320675,1.2054701627486437,9,tmax,86.0
03086500,tailwater,0.346705795796479,0.12956136481870809,0.8263534951832656,14,tmax,72.0
03092090,reference,0.5801837421358258,0.3072605736413203,1.0973658344800472,13,tmax,66.0
03102950,reference,0.41673948605083255,0.3681495777919925,0.49903927233519024,14,tmax,67.5
03119341,tailwater,0.48576306201355374,0.3896732204525655,0.6588645418326694,10,tmax,108.5
03119971,tailwater,1.0116130548772124,0.6709596830815087,0.7390096008084891,10,tmax,81.0
03119979,tailwater,0.2754284130981243,0.152556319673093,0.6423810019789606,10,tmax,14.5
03120820,tailwater,0.9011001344540344,0.5057107949956159,0.9236915590699217,10,tmax,92.5
03120869,tailwater,0.7307845790164456,0.7210548033202571,1.0840813543915468,10,tmax,46.0
03120961,tailwater,0.5456042853208207,0.6382796052522965,1.0645827763058748,10,tmax,49.5
03125338,upstream,0.5787458235115811,0.5386464850229343,0.6700897758832267,10,tmax,80.5
03126395,upstream,0.5934182179456919,0.6846159566951706,0.6934608318022383,10,tmax,80.0
03127980,upstream,0.5715135108164766,0.570977562424669,1.0168476905285593,10,tmax,89.5
03127986,upstream,0.5469884631221896,0.49066110827787435,0.7083994359245548,10,tmax,80.0
03127989,upstream,0.5043849190927426,0.536216041548288,0.9187599504687777,10,tmax,83.0
03140853,upstream,0.74948643115495,0.5057599806598173,0.8103973300202196,10,tmax,83.5
03140900,upstream,0.5130986863498765,0.09771233056571066,0.8460445286594032,10,tmax,104.5
03140950,upstream,0.3950855367292046,0.1336261943546056,0.8858429470068011,10,tmax,92.0
03302050,reference,0.9007116163411915,0.5428670181623223,1.6482183230901508,12,tmax,91.0
03324500,tailwater,0.10870444454362482,0.011900185618158947,1.116463368002447,22,tmax,64.5
03327000,tailwater,0.47628434166237504,0.07315077694872257,1.2556558957716006,15,tmax,77.0
03354000,tailwater,0.8680748846980287,0.47263696814874767,0.9473562436202789,34,tmax,114.0
03359000,tailwater,0.22501767182668853,0.05447364243330162,0.51407744465566,22,tmax,95.5
03373980,upstream,0.9190232036510246,0.6370783203166708,1.1832563099893352,24,tmax,122.0
03460000,reference,0.6407843081759993,0.4052902959532696,0.8960101135863007,15,tmax,0.0
03490000,reference,0.3340458691743894,0.04598059119475493,0.7112335222568934,13,tmax,128.0
03497300,reference,0.5559840350826057,0.44581911624827975,0.9643629970246146,13,tmean,22.0
03544970,reference,0.455709530892406,0.3043876298469397,1.083442838370565,9,tmax,17.0
03604000,reference,0.39262205896376323,0.22512207840078147,1.007216883361598,11,tmax,138.0
04024000,tailwater,0.5624296746116489,0.5646001771294219,1.2937981086430612,14,tmax,63.0
04027000,reference,0.6678132416563926,0.4284890972852068,0.7232523364485982,14,tmax,52.5
04043150,reference,0.9748463444362476,0.8149880981234678,0.5867664790996784,12,tmax,35.0
04043238,reference,0.3772667980407841,0.385034169418472,1.099618540574659,20,tmax,0.0
04043244,reference,0.33503123360353476,0.24787817967959128,1.0729801858834116,19,tmax,0.0
04043275,reference,0.643612665211678,0.6610576856434334,0.8922860969037899,12,tmax,15.5
04059500,reference,0.9826003764334578,0.6693478289232303,0.4120320682278198,14,tmax,67.5
04063700,reference,0.6806249568636004,0.5640786360589152,1.1478905446091696,16,tmax,47.5
04085119,reference,-0.3336879472398063,0.027211645381307235,1.2192429022082019,9,tmax,38.0
04124000,reference,0.5279303835338933,0.6083146711932933,1.1020070949483824,28,tmax,6.0
04125460,reference,0.26135649383742954,0.36192273548485854,0.9943082446074071,28,tmax,0.0
04136000,reference,0.4717928729272912,0.6585377084954293,0.9052916640369951,29,tmax,3.0
05014300,reference,0.39865609931247625,0.48235091688953036,0.8843763549645903,10,tmean,0.0
05057000,reference,0.4404117263674459,0.07539873950681848,0.5142272501959558,28,tmax,68.0
05057200,reference,0.6270622458318179,0.42129003492165845,0.0007385680221148396,10,tmax,81.0
05058000,tailwater,0.46717017804729377,0.3556840904135342,1.1889506684017508,27,tmax,64.0
05412500,reference,0.7875819201811004,0.9089697870279648,0.5447098777128365,10,tmean,50.0
06036805,reference,0.8768742267051098,0.3549214496141284,0.9676876919853004,18,tmax,0.0
06036905,reference,0.4646714216196468,0.32513119619386843,1.02668011882742,22,tmax,77.5
06037100,reference,0.5183244351703181,0.36925715250623337,0.9260376668495155,13,tmax,31.0
06037500,reference,0.5483043473490564,0.5095176045922848,0.984697113859816,13,tmax,46.0
06038500,tailwater,-0.046793693539544795,0.001143068542926671,0.5821079624760607,16,tmax,0.0
06073500,reference,0.5811265755658693,0.4606958840055086,0.7257424210249745,30,tmax,35.5
06187915,reference,0.3533197462224243,0.5073209432244881,1.1529293268423704,8,tmax,0.0
06188000,reference,0.3136341298791643,0.2593577969846457,0.9214528944381385,11,tmax,0.0
06191500,reference,0.11639088486649632,0.043678920206780505,0.680784206571487,11,tmax,0.0
06623800,reference,0.7603906915108185,0.6917298458239161,0.5892923649906889,13,tmax,0.0
06893820,tailwater,0.7583236687897802,0.6535187811006444,0.5266953441295547,15,tmax,119.0
06893890,tailwater,0.324627377302511,0.12142508027919888,0.8288349280856954,11,tmax,122.0
06894000,tailwater,0.49823415641050767,0.5502243677233759,0.7606875910305863,20,tmax,122.5
06914990,reference,0.3070280561889423,0.18717345867725427,0.4283015958677049,8,tmax,104.0
07014000,reference,0.32987747177026905,0.42140085895720053,0.5078238191828457,14,tmax,97.0
07053450,tailwater,-0.39203241112409587,0.12728840009485182,0.06612660135644312,24,tmax,0.0
07054527,tailwater,0.20777300102773483,0.054952287650026625,0.6537003214593875,33,tmax,0.0
07056515,reference,-0.010072786150422092,5.355861515151934e-05,0.766155393512698,17,tmax,20.0
07060000,tailwater,-0.3306294242088628,0.10692122728118034,0.09293538081559233,13,tmax,0.0
07061270,reference,0.6465683164959009,0.4718057390141174,1.001284548834123,19,tmax,128.0
07099400,upstream,-0.5338862613478224,0.19920721621633547,-0.4011267166852722,16,tmax,0.0
07120480,tailwater,0.41662384582468515,0.11486898907733259,1.3591646748018618,10,tmax,84.5
07130500,tailwater,0.3788600280649213,0.18371649694754147,1.0442001965350602,37,tmax,73.0
07144780,reference,0.39686328873374693,0.1577497501585507,1.000388226239983,26,tmax,160.0
07191222,reference,0.2907635781457658,0.6492443253297239,0.6858783828412565,19,tmax,108.0
07263296,tailwater,0.4923963571757198,0.5652030972957566,0.9436393697724179,17,tmax,132.0
07280010,tailwater,-0.4553227542751274,0.07657594870296802,0.3716289945440374,8,tmean,135.5
0728875070,tailwater,0.7791404541161365,0.7375698327996988,1.0685602602512505,17,tmax,168.0
07337000,tailwater,0.08220826903162787,0.011717815670680455,0.3444096156109251,26,tmax,162.5
08048000,tailwater,0.09496908855238827,0.03619662518138276,0.680939796150253,15,tmean,168.0
08049500,tailwater,0.2680817534414201,0.5129778015064104,0.6674904283691317,38,tmax,187.0
08052700,tailwater,0.16583725680187747,0.09524054429117446,0.5319407707289692,15,tmax,158.0
08052745,tailwater,0.19632380132970337,0.2176762702571582,0.3601136232296381,15,tmax,158.0
08057000,tailwater,0.8636775425310691,0.20831151100868256,1.1548160396858205,9,tmax,187.0
08057055,tailwater,0.34722491385561993,0.4783782433587873,0.7107022647314153,14,tmax,190.5
08057410,tailwater,0.03729387116648515,0.003764057506162635,0.7218692251221426,8,tmax,182.5
08062500,tailwater,0.35501971306554503,0.1443599596959418,0.6541094861828258,39,tmax,172.0
08065350,tailwater,0.2620190712561428,0.17971275003478307,0.670745439641064,40,tmax,169.0
08067074,tailwater,0.011551154485281916,0.000323246361405783,0.4823420853955205,10,tmax,197.5
08068000,tailwater,0.3956367707475725,0.4443621480192718,0.8810359722809403,11,tmax,215.0
08068400,tailwater,0.07881881344428103,0.10136225713968275,0.8912919992914861,17,tmax,255.0
08068500,tailwater,0.32569445326494384,0.1638940097059645,1.0246454673055514,25,tmax,216.0
08069500,tailwater,0.28473606125643725,0.27441936653682875,0.5533717097072972,15,tmax,209.0
08070200,tailwater,0.3012671618148558,0.06939578198595636,0.8772237153926842,24,tmax,181.5
08074000,tailwater,0.38734581667371354,0.11260447135637243,0.4660201767420035,14,tmax,188.0
08074710,tailwater,0.2175237203454138,0.2427507661283137,0.8240165173060849,20,tmax,220.5
08123800,tailwater,0.1389857747423742,0.02288415975965335,0.10607155077367601,22,tmax,163.0
08123850,tailwater,-0.3655153941386614,0.15907772654381955,-0.150170333007632,39,tmax,153.0
08155500,tailwater,-0.06401953957870474,0.05507131444506315,0.5140474052597986,22,tmax,0.0
08159200,tailwater,-0.3208862540776088,0.22039883675958644,0.0,8,tmax,183.5
08211200,tailwater,-0.046424102731754804,0.009294970140195364,0.5839075800567491,16,tmax,234.0
08211503,tailwater,0.1347708923375194,0.010536818305286412,0.2999811982953121,16,tmax,262.0
08377900,reference,0.4874946983172054,0.41356059956678837,0.30391056975719205,10,tmean,0.0
08405200,tailwater,0.01451552092497115,0.0022015880622970694,0.49511607256120765,9,tmean,135.0
08407500,tailwater,0.11820371352348862,0.10255942940446708,-0.026177760498727953,14,tmean,142.0
09014050,tailwater,-0.05042196154532817,0.0033975959168581226,0.5802043990224396,15,tmax,0.0
09041400,tailwater,-0.9671305719998029,0.1903578693552683,0.6608183485038944,28,tmax,0.0
09071750,upstream,0.8248914155314446,0.46252462829415747,0.712100561218646,29,tmax,0.0
09085150,upstream,1.3924120809452043,0.5347996171433814,1.2959662124192188,19,tmax,0.0
09136100,upstream,0.7821686645032263,0.512361658441524,0.8344684991486256,16,tmax,60.0
09196500,reference,0.5922013016005904,0.18075557065963618,0.5996322265401166,21,tmax,0.0
09352900,reference,0.08266897125291013,0.005962713087810819,0.15942748243141303,13,tmax,0.0
09371520,upstream,0.5887914922784839,0.27852690034974537,0.4828741771208546,31,tmax,64.0
09505800,reference,0.30247777763074496,0.09099647107839395,0.8668734826004857,12,tmean,68.0
10133650,tailwater,1.7761755997969264,0.4105061440996713,1.5360255308702588,15,tmax,19.0
10133980,upstream,0.7835307803208225,0.25394688713835467,1.4178635250512939,18,tmax,48.0
10172200,reference,0.5990912123318699,0.21152534905681866,0.3535755143376905,17,tmax,0.0
10249300,reference,-0.012868693967108933,8.085292357965984e-05,-0.1125130753138075,13,tmax,0.0
10313400,reference,0.4220488466347234,0.12736593615621325,1.275572446226063,20,tmax,29.0
10336645,reference,0.6976929651099864,0.3902349088496841,1.34300359003092,10,tmax,0.0
10336660,reference,0.7418475097919321,0.2640337317036455,1.5088050854737565,10,tmax,11.5
10336676,reference,0.9996159232221556,0.3269757181997102,1.2684461620013339,10,tmax,2.5
10343500,reference,0.5823494229116998,0.31935787055954495,0.7423078448743207,24,tmax,0.0
10396000,reference,1.6487380433264205,0.2467297462365095,0.7288013857788668,14,tmax,47.5
11046050,tailwater,0.15741064278103106,0.08761530560501501,0.916058808273358,17,tmax,154.0
11046372,tailwater,-1.1643213480509025,0.6384392245915458,0.2276384287742546,8,tmax,103.5
11172945,tailwater,0.20138770833249292,0.07334576885279732,0.5030942012376804,15,tmax,5.0
11173200,reference,0.020461055492459166,0.0014685708412119193,0.664092778759485,16,tmax,8.5
11173510,tailwater,-0.3883246712421941,0.030406349650123538,0.42465016146393975,15,tmax,34.0
11173575,tailwater,0.17455614250392965,0.04457759793078723,1.410304168231318,16,tmax,14.5
11203580,reference,0.6571979948442013,0.5067619281249187,1.4377421364904772,19,tmax,0.0
11204100,reference,0.7831494130466077,0.3678419024740417,1.2563908435022715,19,tmax,91.0
11206820,upstream,0.4806822343601943,0.30589670104541217,0.6925361253979918,11,tmax,0.0
11251000,tailwater,-0.27521435435156033,0.03561675193193816,1.6943015651407158,21,tmax,0.0
11254000,tailwater,0.11225446333344798,0.036874996368889655,1.199947173798204,9,tmax,138.0
11264500,reference,0.13927567062551074,0.08133051957980246,0.45784634798545804,20,tmax,0.0
11273400,tailwater,0.2998249586038285,0.0775786161585791,1.1687205896870576,15,tmax,165.0
11274790,upstream,0.7718586159014428,0.47952709778281144,0.8853662535768501,16,tmax,5.5
11276600,upstream,0.6082071282495903,0.15078244886118664,2.021343596920924,36,tmax,3.0
11276900,tailwater,0.4150483577505709,0.08451370395499494,1.3470198766090749,17,tmax,2.0
11277300,tailwater,0.4096493163059963,0.08763838878497786,1.6202929186169408,17,tmax,0.0
11278400,tailwater,0.4100883631304709,0.052159489450614056,0.9682995380031605,17,tmax,0.0
11289650,tailwater,-0.4238833177980679,0.028875162712482312,0.5529888225694036,38,tmax,0.0
11290000,tailwater,-0.36542442397223696,0.014826064651511981,1.0172031076581576,27,tmax,137.0
11299997,tailwater,-0.06273287379607617,0.0010482460097182777,2.343200870141685,38,tmax,0.0
11302000,tailwater,-0.01917371274905134,0.00010891735546305098,2.145593667546174,38,tmax,0.0
11303000,tailwater,-0.26159808579524046,0.014850116595631525,1.4879071293789483,33,tmax,52.0
11355500,reference,-0.16752528473632963,0.112325244961985,0.6243118678786326,9,tmax,0.0
11381500,reference,0.1527562762628973,0.027461226223793274,0.6667739042271096,26,tmax,51.5
11383500,reference,0.2404002475381708,0.08223768403551636,0.8153480455735509,26,tmax,75.0
11390500,tailwater,0.40641020818627854,0.07098443413926546,1.803751481258186,39,tmax,3.0
11425500,tailwater,-0.23368863453703254,0.04188735049059211,1.9064787252670286,13,tmax,36.0
11446220,tailwater,-0.01963695186124031,0.00019570164836574112,1.5142542230148115,25,tmax,0.0
11446500,tailwater,-0.11504832145361601,0.013523056358454993,1.1909457301462572,24,tmax,0.0
11446700,tailwater,-0.23183457029933602,0.018062110027465876,0.9757913141858012,23,tmax,0.0
11446980,tailwater,-0.06566072858786637,0.0046643860725177535,0.9057299963101955,24,tmax,0.0
11455820,tailwater,0.42330426581797964,0.4461384416100567,2.188779012398644,17,tmax,0.0
11467000,tailwater,0.20619093703547794,0.3191385650420816,0.6349551114972487,23,tmax,89.0
11468900,reference,-0.27563886094158074,0.017949058919526882,1.0290196789698012,24,tmax,61.0
11475560,reference,0.11069359752927584,0.024986067877512827,0.7386452014310156,13,tmax,0.0
11492200,tailwater,0.5133692880609867,0.4174772981696203,0.22441978847163954,20,tmax,0.0
11509370,upstream,0.08018169540013231,0.0016201481341504148,0.6790475409163624,32,tmax,55.5
12056500,tailwater,0.28725736852315836,0.021461814920855454,1.6693515999727213,27,tmax,0.0
12058800,tailwater,-0.08491667016159456,0.025758824256453535,0.14639754726622387,14,tmax,0.0
12098700,upstream,0.28822099885593744,0.5494057065160797,1.4033352000497794,15,tmax,0.0
12100490,tailwater,0.29159019292483396,0.26299096312460407,1.3936148556952865,15,tmax,0.0
12101100,tailwater,-0.11551897030045308,0.0033266780370402233,1.5701578551741413,15,tmax,0.0
12101102,tailwater,0.06488168646824449,0.0671545554388498,0.4721882979904519,9,tmax,0.0
12115000,reference,0.23343797413834536,0.22132566243376878,2.1617188141578385,26,tmax,0.0
12117600,tailwater,0.3316286922026545,0.4202634456959834,1.169703326341025,24,tmax,0.0
12119000,tailwater,0.5096324547999064,0.43737235188256945,1.31544960371011,31,tmax,0.0
12137290,reference,0.42542203897438197,0.3785416518523663,2.2469443530632383,15,tmax,0.0
12147470,upstream,-0.023442014227751398,0.011057383402448153,1.4503959983326387,9,tmax,0.0
12147500,reference,0.2368530852747101,0.5403858910722525,1.4082051727005203,29,tmax,0.0
12147600,reference,0.39565974136484455,0.43661370199742516,1.9266584776196474,29,tmax,0.0
12179900,tailwater,-0.19407639944131325,0.13881428062609066,3.1473844150206207,8,tmax,0.0
12181000,tailwater,0.2043882059700706,0.1267753679523707,1.5911508577984044,35,tmax,0.0
12182500,reference,0.04409273550767661,0.028741113932100847,2.6148243359040273,8,tmax,0.0
12186000,reference,-0.052543429918668685,0.015016767419126865,2.5369721556334133,8,tmax,0.0
12189500,tailwater,-0.011745672213473031,0.0011756055350196483,3.7355450236966825,8,tmax,0.0
12209490,reference,0.9681108518750741,0.4484208056514103,1.9983529922284902,17,tmax,0.0
12210000,reference,0.6824639841000819,0.4902864924613375,1.6696621135873473,15,tmax,0.0
12210700,reference,0.2477972306937639,0.06953307953747237,1.4552989662238391,20,tmax,0.0
12413360,reference,0.266299540501812,0.11752030087900783,1.4619823018669036,14,tmax,0.0
12438000,tailwater,0.12266725831313922,0.32304545589306005,0.8932406139655545,12,tmax,0.0
12447302,tailwater,0.3147016624521348,0.2667622928766147,0.5495986714641572,12,tmax,50.5
12447390,reference,0.6368130143046323,0.1572113126495491,1.2420039411853874,14,tmax,0.0
13018300,reference,0.29415375463314025,0.09825144528903113,0.47790423149101036,13,tmax,0.0
13211210,upstream,0.26198726651170884,0.28596847686695376,1.2842617152961981,9,tmax,30.0
13331500,reference,0.29826713026491886,0.2526341664871281,0.8737237618111484,14,tmax,33.5
13340000,reference,0.35127609598184995,0.19940864763770252,0.724612450625328,30,tmax,47.5
13340600,reference,0.34034668317029404,0.2790221036600474,1.096461635808543,38,tmax,0.0
13342500,tailwater,-0.06493322502887969,0.0014032371556320813,1.3456600695321153,40,tmax,0.0
14019240,tailwater,0.13232733173917935,0.2646753616893432,0.7521228147495225,13,tmax,2.0
14034470,upstream,0.45997468970110594,0.2788371572338427,0.7121426549674498,16,tmax,28.0
14046890,reference,-0.008104116142166278,4.9093164275067276e-05,0.7681038289282784,19,tmax,0.0
14138870,reference,0.3208606264087616,0.29120437108172437,1.3079072728987833,40,tmax,0.0
14138900,reference,0.17592342372546324,0.2121042167698397,1.1236443118985653,40,tmax,0.0
14139800,reference,0.33509707110356063,0.31175374711526493,1.41115010553473,40,tmax,0.0
14141500,reference,0.4175278552496376,0.3764467780088205,1.5161064425770305,19,tmax,0.0
14144800,reference,0.23956565827563603,0.1428208185494589,1.6175176720485651,18,tmax,0.0
14144900,reference,0.06315683207464524,0.04648639645117986,1.2619436504695796,15,tmax,0.0
14145500,upstream,-0.04018133043219428,0.0013321215120767227,0.8932630482170523,29,tmax,0.0
14147500,reference,0.13900225990694223,0.07596176646716118,1.912404112423211,15,tmax,1.0
14148000,tailwater,0.1097517568799747,0.03238702273513107,1.4191497075688624,19,tmax,0.0
14150290,upstream,0.6220564489114513,0.4340538189536869,1.6455533406211817,15,tmax,9.0
14150800,reference,0.5903237954242627,0.5627302562448023,1.1178147000844831,16,tmax,5.0
14151000,tailwater,0.1941530534357946,0.028290218554506943,0.9779342235590885,37,tmax,0.0
14152000,tailwater,0.026688979728314664,0.0008398582493064846,1.4926602697635665,27,tmax,0.0
14152500,reference,0.40103670645069195,0.4235705689196633,0.5310584389047815,9,tmax,16.0
14153500,tailwater,-0.08178761725141258,0.007370803838614934,1.5989502412531496,24,tmax,0.0
14154500,upstream,0.33389795112188875,0.1924836029016773,1.6081453634085212,16,tmax,22.5
14158500,reference,-0.06178945970774155,0.10691041069437203,1.315810838238279,8,tmax,0.0
14158740,tailwater,-0.026347409641677297,0.016039241886913545,-1.2258858267716537,9,tmax,0.0
14158790,upstream,0.1094043558666291,0.17779811564154752,1.0970209995116393,8,tmax,0.0
14158798,upstream,-0.07841135153683247,0.03241519543813831,-0.003889969435954432,8,tmax,0.0
14159200,upstream,0.11171193092394391,0.0937522779389186,0.9860041469194313,27,tmax,0.0
14161100,reference,0.2435133401051963,0.1664797926758035,1.2120231712577803,19,tmax,0.0
14161500,reference,0.051615103982665014,0.019468237528256035,1.7405173632379964,13,tmax,0.0
14162200,tailwater,-0.03900648438396385,0.0009805255497404878,1.4131382508379775,39,tmax,0.0
14164700,tailwater,0.2220849248290136,0.21023569322682023,2.047143267298306,8,tmax,28.5
14178000,tailwater,0.2528444826995961,0.23016800445223004,1.7305539107498515,29,tmax,0.0
14179000,upstream,0.35103802990521804,0.2570337631737859,1.7818847255914596,29,tmax,0.0
14180300,tailwater,0.19625544253916505,0.09781808488942098,1.6378843527805245,26,tmax,0.0
14182500,reference,0.6596486058401297,0.658885813626815,2.115088054665934,22,tmax,41.5
14184100,tailwater,0.30121944669480494,0.24803118673588906,1.9272350707628583,18,tmax,1.0
14185000,reference,0.32403945228567976,0.2397961943932353,1.7221892877256422,19,tmax,11.0
14185900,reference,0.31223150457986354,0.2528877706584134,1.6763450581334225,19,tmax,4.0
14186200,tailwater,0.6700425248488145,0.14125203895368793,2.520900698863043,17,tmax,0.0
14197900,tailwater,0.33776878488519496,0.260995234469425,1.6962301069658228,21,tmax,33.0
14202980,tailwater,0.2795291588217413,0.0884798165744528,1.5943418844401822,23,tmax,0.0
14206950,tailwater,0.573220109251803,0.33832010925891587,0.9572900214725558,25,tmax,19.0
14210000,tailwater,0.2939850403661873,0.3135512124449611,1.619708548008954,24,tmax,0.0
14316495,reference,0.38690156378491886,0.17851122664852107,1.0560527896157266,18,tmax,1.0
14316500,upstream,0.15198154645022605,0.10474370710365738,0.8767444079204142,25,tmax,0.0
14318000,reference,0.4778741934028176,0.48865719555978127,1.0628533605449684,26,tmax,20.5
14320934,tailwater,0.6737981131570646,0.38338559566735475,0.973726878282713,18,tmax,0.0
14330000,tailwater,0.18697382191287343,0.16504957354886526,1.0881820358564542,40,tmax,0.0
14337800,reference,0.3605820727060251,0.14955500440459626,1.1509335558568898,14,tmax,31.0
14337830,tailwater,0.4253076390556793,0.0580647796515812,1.9729535908206122,18,tmax,66.5
14337870,reference,0.5846972577465429,0.3452925688919395,3.3882338300718664,16,tmax,1.5
15056210,reference,0.07618003822503444,0.05797342714536733,0.6081676028541066,17,tmax,0.0
15085100,reference,0.6573291949607347,0.45526165674156965,1.0740203017434333,16,tmax,0.0
15129500,reference,0.4732636071648034,0.6427358402308467,1.0203864866716919,10,tmax,0.0
15200280,reference,0.8745489698096287,0.8372969159096085,0.2822406894429054,11,tmax,0.0
15236900,reference,0.05611917342879133,0.07366663892598925,-0.17464779470993408,8,tmax,0.0
15266300,reference,0.38062363244914993,0.4722004250094493,0.6308061327023435,14,tmax,0.0
15272380,reference,0.23890848779214144,0.7521857417599614,0.7496955757001759,8,tmax,0.0
15283700,reference,0.4491737226088185,0.6776813403810131,0.7575430371319396,14,tmax,0.0
15284000,reference,0.12193982638723096,0.37488725987079397,0.5663741520723765,10,tmax,0.0
15290000,reference,0.38561870947328836,0.5134007584887171,0.5104406445248274,10,tmax,0.0
15292700,reference,0.309663999256263,0.5929792760094815,0.23327240209357986,13,tmax,0.0
15294005,reference,0.5998057515001691,0.6023936551897271,0.39205047148509375,14,tmax,0.0
15297610,reference,0.5557765347800875,0.34724991247926895,1.0846095029250313,25,tmax,0.0
15300250,reference,0.443211756661435,0.9062056554584543,1.4676674155674732,11,tmax,0.0
15300300,reference,0.24899484379043593,0.1561334775803113,0.6693260050968012,11,tmax,0.0
15302000,reference,0.33398130725621406,0.17825037784366585,0.633394733663486,11,tmax,0.0
15302200,reference,0.45871349338814715,0.6405020665189518,1.2737670263047685,16,tmax,0.0
15302250,reference,0.6014793890518798,0.8455638438737502,0.9516675218060543,14,tmax,0.0
15484000,reference,0.6955679858314332,0.568357261906755,0.19719583898688375,10,tmax,0.0
15493000,reference,0.4966047796106401,0.44002175597022686,-0.05918846411804159,11,tmax,0.0
15564879,reference,0.4303347801501115,0.38626354321035994,0.5615808130326571,21,tmax,0.0
15803000,reference,0.43514413377086564,0.3324415067519299,0.06735614333625202,10,tmax,0.0
16618000,reference,0.5431454925574674,0.1791545062267464,0.1450577312940225,10,tmax,80.0
294300098080001,tailwater,-0.00626675169423469,0.003214357727858142,-0.07097908931014267,10,tmax,326.5
294643095035200,tailwater,0.32612934640372176,0.38067882721492796,0.9092251760963417,9,tmax,199.0
295554095093402,tailwater,0.10416308741660771,0.10178464499927316,0.4493748006640442,10,tmax,190.5
295826095082200,tailwater,0.28594979900948325,0.09569759215682429,0.5490533906500041,16,tmax,203.5
340841090134701,tailwater,-0.08801896112556316,0.06758876989591324,-0.07644045586308224,8,tmean,0.0
402114105350101,reference,1.0235164025743972,0.44716619073110253,0.631851751473677,14,tmax,0.0
404417108524900,upstream,0.9823083908551812,0.514619487837141,0.6256164081655144,23,tmax,8.0
420741121554001,upstream,0.29407726442062665,0.48277524707243585,0.7546733879437094,22,tmax,26.5
422302071083801,tailwater,0.4146912166222934,0.4338878445142743,0.050188302866674694,19,tmean,91.0
453004122510301,tailwater,0.5647204991878831,0.5003040329697162,1.0989680799871677,24,tmax,33.5
453040123065201,tailwater,0.4780556869749139,0.44741164532453914,1.0697396363117226,24,tmax,27.0
453113123003501,tailwater,0.6058990565349887,0.11681544553030779,0.3597232897770945,12,tmax,4.0
