ref,tw,D22_ref,D22_tw,air_ref,air_tw
01170100,12101100,42.0,0.0,30.52650793650794,30.936095238095238
01193500,12100490,68.0,0.0,31.165102040816326,30.936190476190475
01466500,01104480,0.0,87.0,33.1687074829932,33.187402597402595
01544500,01095375,44.0,56.0,30.670306122448977,31.462500000000002
01611500,11173575,115.0,14.0,33.912460317460315,33.84508928571429
01632900,453113123003501,77.5,4.0,33.43352941176471,33.68952380952381
02011400,03120869,62.0,49.0,31.41579831932773,31.798000000000002
02038850,453040123065201,66.0,24.0,33.92471428571429,33.828869047619044
02077200,02172053,106.0,169.0,34.800892857142856,34.90907142857143
02110500,14186200,147.0,0.0,33.93103174603175,33.799159663865545
02137727,01104370,81.0,8.0,33.12047619047619,33.04457142857143
02212600,02171645,131.0,177.0,35.51793650793651,35.446507936507935
02266200,02079500,223.0,87.5,35.36977443609023,35.13986394557823
02313700,02147310,217.0,164.0,34.78595238095238,34.96142857142857
02315550,02172020,195.0,165.0,35.238214285714285,35.11846428571429
02322700,02172040,298.0,168.0,34.964107142857145,34.984736842105264
02322800,02172050,227.0,168.0,35.123285714285714,35.020428571428575
02338523,453004122510301,91.0,32.0,33.782,33.716904761904765
02450250,14197900,117.0,31.5,34.283846153846156,34.46557823129252
02479155,02357150,160.5,170.0,35.72959183673469,35.74892857142857
03069500,03120820,86.5,96.0,31.525714285714287,31.80971428571429
03092090,03120961,66.0,58.0,31.334175824175823,31.815285714285714
03102950,01091000,67.5,82.0,30.997551020408164,31.81758241758242
03302050,14152000,97.5,0.0,33.745357142857145,33.693492063492066
03490000,03359000,128.0,96.0,33.07802197802198,32.92123376623377
03497300,01104430,20.5,53.5,32.35824175824176,32.331043956043956
03544970,03119979,25.0,15.0,31.124920634920638,31.82057142857143
03604000,14164700,138.5,29.0,34.346363636363634,34.565178571428575
05057000,03119971,72.5,82.0,30.90107142857143,31.825428571428574
06073500,01104420,26.0,14.0,33.082904761904764,32.747582417582414
06191500,01104475,0.0,5.0,33.03051948051948,32.613197278911564
06914990,08067074,108.5,197.5,35.69392857142857,35.868
07014000,023432415,99.5,172.0,35.18734693877551,35.88866666666667
07056515,08211503,20.0,272.0,36.603445378151264,36.971785714285716
07061270,02358000,131.0,183.0,34.971203007518795,35.894285714285715
07144780,08065350,160.0,179.0,38.059010989010986,38.04089285714286
07191222,08074710,108.0,223.0,36.62360902255639,36.168642857142856
09505800,08048000,78.5,171.5,39.8352380952381,39.91390476190476
10249300,11467000,0.0,89.5,33.15978021978022,32.60546583850932
10313400,14202980,41.0,0.0,32.38692857142857,32.4883850931677
10396000,08070200,48.0,182.0,36.82367346938776,37.320119047619045
11203580,07280010,0.0,146.0,35.83526315789474,35.93267857142857
11204100,11289650,104.5,0.0,40.19353383458647,40.10225563909775
11381500,08057410,51.5,185.0,40.5560989010989,39.659642857142856
11383500,11446220,76.0,0.0,40.01686813186813,39.64897142857143
11468900,12101102,61.0,0.0,31.762440476190477,31.869999999999997
11475560,12181000,0.0,0.0,31.628791208791206,31.877428571428574
12179900,01104455,0.0,11.0,32.64375,32.589805194805194
12182500,01104460,0.0,32.0,33.10375,32.565714285714286
12186000,01095220,0.0,44.5,31.895535714285714,31.906190476190478
12413360,03324500,0.0,64.5,32.12357142857143,32.09954545454545
13331500,08069500,33.5,209.0,36.487755102040815,37.342285714285715
13340000,08068400,50.0,255.0,37.565285714285714,37.5409243697479
14046890,08068000,0.0,215.0,37.909398496240605,37.88285714285714
14138900,01095434,0.0,3.0,31.11325,32.08186813186813
14141500,03327000,0.0,88.0,31.761278195488725,32.17771428571429
14144900,01104415,0.0,9.0,33.1472380952381,32.54428571428572
