dam_id,dam_name,depth_m,cap_mcm,release_summer_frac,site,n_years,rS_partial,rA_partial,shasta,zS,zA,w
1184,Lake Worth Dam,35.3,1400.0,0.292,08048000,10,0.422,0.241,False,0.4501228708454043,0.2458355039044886,7.0
1188,Mountain Creek Dam,15.9,336.0,0.18,08049500,27,0.303,0.702,False,0.3128195831821606,0.8712329113139574,24.0
1220,Bardwell Lake,60.1,3215.0,0.211,08062500,23,-0.329,0.46,False,-0.34170646087078177,0.497311287572031,20.0
1261,Houston County Lake Dam,2.5,100.0,,08065350,19,-0.228,0.103,False,-0.2320787793411558,0.10336657859735317,16.0
1295,Conroe Dam,26.1,619.8,0.137,08068400,15,-0.272,0.134,False,-0.2790223478516908,0.13481078786263112,12.0
1300,Lake Houston Dam,15.6,321.0,,08070200,15,0.04,0.446,False,0.04002135383676822,0.47969585798571307,12.0
1317,Wesley E. Seale Dam,0.1,170.0,0.324,08211200,12,0.504,-0.577,False,0.5546537888924288,-0.6579537039583802,9.0
1761,John H. Kerr Dam,7.1,78.5,0.195,02079500,13,0.598,0.275,False,0.6900280188535994,0.2822649013689259,10.0
180,Warm Springs Dam,20.6,7815.6,0.11,11467000,18,0.371,0.679,False,0.38958221143093696,0.8272562669737625,15.0
182,Folsom,48.2,6330.0,0.27,11446980,20,-0.81,0.151,False,-1.1270290260496927,0.15216361120526767,17.0
203,Farmington Dam,26.3,21000.0,0.276,11303000,21,-0.009,-0.017,False,-0.009000243011810481,-0.017001637950696702,18.0
210,Don Pedro,11.8,1524.0,0.159,11289650,27,-0.497,0.01,False,-0.5453141071599445,0.010000333353334763,24.0
2183,Cambridge Reservoir Dam,5.4,18.8,,01104430,13,-0.517,0.235,False,-0.5722366628479798,0.23947520761777086,10.0
42,Diablo,35.0,169000.0,0.241,12181000,28,-0.077,0.297,False,-0.07715272132676819,0.30622614625288946,25.0
59,Lake Tapps Dike 2-B,30.2,162000.0,,12100490,10,-0.76,0.576,False,-0.9962150823451031,0.6564559075929333,7.0
72,Scoggins Reservoir,28.2,23800.0,,453004122510301,17,-0.125,0.323,False,-0.12565721414045303,0.33499294560134035,14.0
83,Green Peter,4.7,2220.3,,14186200,10,-0.779,0.284,False,-1.0428219930740412,0.29202765864463043,7.0
92,Fall Creek,2.4,1010.0,0.113,14152000,12,-0.77,0.103,False,-1.0203277583223398,0.10336657859735317,9.0
