dam_id,site_down,site_up,n_years,delta_MWMT7,dam_name,state,lat,lon,grand_cap_mcm,dam_hgt_m,depth_m,elev_masl,year_dam,main_use,use_elec,use_irri,use_supp,use_fcon,inflow_mean_m3s,outflow_cv,outflow_season_amp,storage_range_frac,release_summer_frac,q90_q10_outflow,n_years_out,capacity_ratio,cap_out_m3s,cap_in_m3s,outflow_mean_m3s,cap_vol_ratio
210,11289650,11276600,35,-7.276285714285713,Don Pedro,California,37.70282,-120.419017,1524.0,40.0,11.8,467.0,1973.0,,,,,,68.426,1.821,7.43,0.916,0.159,61.9,41.0,0.7057645606725531,,48.29264582858012,32.982,1.464212171141232
111,11510700,11509370,7,-4.482857142857143,Howard Prairie,Oregon,42.217605,-122.378342,2209.2,59.0,4.5,877.0,1939.0,Hydroelectricity,Main,,,,0.965,8.603,183496.77,1.451,0.061,0.0,15.0,10.0,,70.00532359875275,0.026,2692.5124461058754
92,14151000,14150290,15,-3.152000000000001,Fall Creek,Oregon,43.944837,-122.7552,1010.0,21.0,2.4,529.0,1932.0,Hydroelectricity,Main,,,,,1.151,5.47,1.758,0.113,22.95,41.0,2.027042161768905,,32.00496869216924,15.789,2.027042161768905
99,14153500,14154500,16,-2.915,Cottage Grove,Oregon,43.714163,-123.05623,866.5,8.0,4.1,336.0,1914.0,Recreation,,,,,,1.347,9.09,2.018,0.077,10.9,47.0,4.0462316667928215,,27.457728090856087,6.786,4.0462316667928215
1790,214244102,214264790,9,-2.6411111111111114,Lookout Shoals,North Carolina,35.757868,-81.090611,617.0,47.0,9.7,121.0,1955.0,Irrigation,Sec,Main,,,,0.932,1.93,0.683,0.215,6.9,14.0,0.3065130854446182,,19.551550181255863,63.787,0.3065130854446182
456,10133650,10133980,15,-2.1246666666666667,Wanship,Utah,40.787922,-111.40263,1500.0,64.0,62.0,131.0,1941.0,Hydroelectricity,Main,,,,5.435,1.183,5.61,1.282,0.439,11.83,54.0,8.745562414175422,,47.53213172104343,5.442,8.73431306891647
1831,212880025,2129375,8,-0.7200000000000002,Blewett Falls,North Carolina,34.983522,-79.879,265.3,37.0,18.9,16.0,1959.0,Flood control,Sec,Sec,,Main,,1.553,2.91,1.99,0.197,90.43,21.0,0.0031458545962262,,8.406849697061881,2672.358,0.0031458545962262
80,14178000,14179000,29,0.5341379310344827,Detroit,Oregon,44.719354,-122.247917,5180.0,175.0,46.4,571.0,1983.0,Hydroelectricity,Main,,,,,0.796,3.51,1.144,0.15,4.61,51.0,2.5127331783646376,,164.14429487666996,65.325,2.5127331783646376
100,14148000,14145500,18,1.0833333333333333,Hills Creek,Oregon,43.708548,-122.421703,7434.2,129.0,45.2,719.0,1973.0,Hydroelectricity,Main,,,Sec,,0.841,3.12,0.947,0.176,6.27,58.0,7.282089101299969,,235.57558242705403,32.35,7.282089101299969
88,14162200,14159200,26,3.504615384615384,Blue River Dam,Oregon,44.17358,-122.328125,5180.0,48.0,18.6,433.0,1943.0,Hydroelectricity,Main,,,,,1.195,3.97,2.162,0.145,18.73,47.0,13.04388865834949,,164.14429487666996,12.584,13.04388865834949
1863,2334480,2335450,17,5.935882352941176,Buford,Georgia,34.16084,-84.072357,353.8,38.0,12.0,599.0,1976.0,Irrigation,,Main,,,,0.828,1.48,0.758,0.251,7.36,62.0,0.202208453008503,,11.211245468603442,55.444,0.202208453008503
