site,tier,offset_days,n_years
01091000,tailwater,1.0,11
01095220,tailwater,0.0,26
01095375,tailwater,1.0,25
01095434,tailwater,2.0,10
01104370,tailwater,1.0,15
01104415,tailwater,4.0,18
01104420,tailwater,2.0,11
01104430,tailwater,22.5,24
01104455,tailwater,9.0,20
01104460,tailwater,3.0,21
01104475,tailwater,-12.0,21
01193500,reference,2.0,11
01435000,reference,1.0,12
01466500,reference,13.0,17
01544500,reference,1.0,13
01545600,reference,8.5,10
01596500,reference,0.0,11
01611500,reference,0.0,16
01632900,reference,0.5,14
02011400,reference,1.0,32
02011460,reference,0.5,10
02038850,reference,0.0,9
02077200,reference,0.5,28
02079500,tailwater,52.0,18
02110500,reference,7.0,17
02137727,reference,1.0,11
02171645,tailwater,3.0,18
02172020,tailwater,8.0,37
02172040,tailwater,3.5,32
02172050,tailwater,7.5,40
021720508,upstream,5.0,8
02172053,tailwater,6.0,37
021720698,upstream,2.5,24
02266200,reference,0.0,13
02322800,reference,12.0,9
02335450,upstream,18.5,14
02338523,reference,2.0,9
023432415,tailwater,17.0,14
02450250,reference,-0.5,12
02479155,reference,0.5,12
03017500,reference,0.0,8
03022540,reference,0.0,10
03028000,reference,1.0,13
03066000,reference,-6.0,11
03069500,reference,0.5,8
03092090,reference,1.0,11
03102950,reference,1.0,14
03119341,upstream,2.0,9
03119971,tailwater,0.0,9
03119979,tailwater,0.0,9
03120820,tailwater,-1.0,9
03120869,tailwater,0.0,9
03125338,upstream,1.0,9
03126395,upstream,0.0,9
03127980,upstream,0.0,9
03127986,upstream,0.0,9
03127989,upstream,0.0,9
03140853,upstream,0.0,8
03140950,upstream,0.0,8
03302050,reference,6.0,8
03324500,tailwater,36.5,20
03327000,tailwater,15.5,10
03359000,tailwater,18.0,17
03373980,upstream,2.0,24
03460000,reference,9.5,14
03490000,reference,1.0,11
03497300,reference,1.0,12
03604000,reference,-12.0,10
04027000,reference,0.5,10
04043238,reference,0.0,19
04043244,reference,0.0,19
04043275,reference,1.0,11
04063700,reference,1.0,13
04124000,reference,1.0,26
04125460,reference,0.5,28
04136000,reference,1.0,28
05057000,reference,2.0,22
06036805,reference,0.0,17
06036905,reference,0.0,22
06037100,reference,0.0,11
06037500,reference,-1.0,11
06073500,reference,-1.5,10
06623800,reference,0.0,11
07014000,reference,0.0,12
07056515,reference,-21.0,15
07061270,reference,0.0,15
07099400,upstream,66.0,16
07144780,reference,0.0,21
07191222,reference,5.0,13
07337000,tailwater,-11.0,15
08048000,tailwater,-12.5,12
08049500,tailwater,0.0,32
08052700,tailwater,-2.0,11
08052745,tailwater,5.0,10
08057055,tailwater,0.0,13
08062500,tailwater,0.0,27
08065350,tailwater,-11.0,29
08067074,tailwater,1.5,8
08068000,tailwater,-2.5,10
08068400,tailwater,0.0,15
08069500,tailwater,-12.0,13
08070200,tailwater,0.0,21
08074710,tailwater,-0.5,18
08123800,tailwater,-3.0,14
08123850,upstream,-4.0,20
08211200,tailwater,-16.0,16
08211503,tailwater,-14.0,13
09071750,upstream,7.0,29
09085150,upstream,3.5,18
09136100,upstream,14.0,15
09196500,reference,18.5,14
09371520,upstream,3.0,27
09505800,reference,2.5,8
10133980,upstream,1.0,17
10172200,reference,12.0,16
10249300,reference,7.0,12
10313400,reference,0.5,8
10336645,reference,-5.0,10
10336660,reference,0.0,9
10343500,reference,-1.5,24
10396000,reference,2.0,13
11172945,upstream,-8.0,8
11173200,reference,-18.0,13
11173575,tailwater,-20.0,13
11203580,reference,0.0,15
11204100,reference,0.0,14
11206820,upstream,-4.0,9
11264500,reference,0.5,14
11274790,upstream,4.0,14
11276600,upstream,0.0,30
11289650,tailwater,19.0,29
11303000,tailwater,0.5,26
11381500,reference,3.0,26
11383500,reference,1.0,25
11446220,tailwater,58.0,22
11446500,tailwater,48.0,23
11446700,tailwater,34.5,22
11446980,tailwater,20.0,24
11467000,tailwater,-39.0,22
11468900,reference,-0.5,20
11475560,reference,-20.0,12
11509370,upstream,0.0,21
12056500,reference,4.0,21
12098700,upstream,-0.5,8
12100490,tailwater,0.0,13
12101100,tailwater,62.0,13
12101102,tailwater,0.0,8
12115000,reference,1.0,23
12137290,reference,2.0,14
12147470,upstream,0.0,9
12147500,reference,-1.0,24
12147600,reference,0.0,25
12181000,tailwater,8.5,32
12182500,reference,3.0,8
12186000,reference,15.0,8
12209490,reference,1.0,15
12210000,reference,1.0,15
12210700,reference,0.0,16
12413360,reference,1.0,11
12447390,reference,-0.5,10
13018300,reference,0.5,12
13211210,upstream,0.0,9
13331500,reference,3.0,12
13340000,reference,3.0,27
13340600,reference,2.0,35
14034470,upstream,0.0,10
14046890,reference,-18.0,17
14138870,reference,1.5,38
14138900,reference,0.0,37
14139800,reference,1.0,40
14141500,reference,1.0,17
14144800,reference,1.0,12
14144900,reference,-13.0,14
14145500,upstream,55.0,23
14147500,reference,0.0,14
14150290,upstream,1.0,14
14150800,reference,1.0,16
14152000,tailwater,8.0,17
14154500,upstream,1.0,11
14159200,upstream,-20.0,24
14161100,reference,2.0,15
14161500,reference,1.0,12
14179000,upstream,1.0,24
14180300,reference,1.0,26
14182500,reference,1.0,18
14185000,reference,1.0,16
14185900,reference,1.0,17
14186200,tailwater,89.0,15
14197900,tailwater,2.0,18
14202980,tailwater,67.0,20
14316495,reference,1.5,14
14316500,upstream,-0.5,20
14318000,reference,1.0,25
14337870,reference,0.0,13
15056210,reference,0.0,15
15085100,reference,1.0,13
15129500,reference,-15.5,10
15266300,reference,2.0,12
15283700,reference,27.0,13
15292700,reference,2.0,13
15294005,reference,2.0,9
15297610,reference,-1.5,24
15300250,reference,0.0,8
15300300,reference,18.5,10
15302000,reference,19.0,8
15302200,reference,0.0,11
15302250,reference,0.0,8
15484000,reference,1.0,8
16618000,reference,-14.0,8
404417108524900,upstream,1.0,18
420741121554001,upstream,3.0,17
453004122510301,tailwater,1.0,21
453040123065201,tailwater,1.0,17
