site8,huc4,tier,y,pred
01091000,0109,tailwater,82.0,69.98302051709297
01095220,0109,tailwater,44.5,56.01501458335316
01095375,0109,tailwater,56.0,53.47595705508164
01095434,0109,tailwater,3.0,73.62653914574038
01104370,0110,tailwater,8.0,73.44385499105306
01104415,0110,tailwater,9.0,69.99859852373343
01104420,0110,tailwater,14.0,70.64988348522817
01104430,0110,tailwater,53.5,61.07180435302186
01104455,0110,tailwater,11.0,61.50272967981921
01104460,0110,tailwater,32.0,61.501915242284696
01104475,0110,tailwater,5.0,62.73023128977849
01104480,0110,tailwater,87.0,66.88396179173716
01170100,0117,reference,42.0,20.372544077517308
01193500,0119,reference,68.0,30.66057990917655
01435000,0143,reference,0.0,19.73057221593232
01466500,0146,reference,0.0,43.23931347682265
01544500,0154,reference,44.0,27.20129521216704
01545600,0154,reference,0.5,36.2717468268766
01596500,0159,reference,17.0,26.64060679118717
01611500,0161,reference,115.0,48.44837020048959
01632900,0163,reference,77.5,42.544509133444215
02011400,0201,reference,62.0,51.075060647252855
02011460,0201,reference,59.0,57.888331646780046
02038850,0203,reference,66.0,56.20269861787516
02077200,0207,reference,106.0,56.01114150630579
02110500,0211,reference,147.0,51.77900974948999
02137727,0213,reference,81.0,62.15289304073339
02147310,0214,tailwater,164.0,48.561989330892764
02212600,0221,reference,131.0,71.12815521597443
02266200,0226,reference,223.0,105.01019462510618
02313700,0231,reference,217.0,91.96496888051806
02315550,0231,reference,195.0,81.84626974820702
02322700,0232,reference,298.0,92.88384486920334
02322800,0232,reference,227.0,90.74330189110908
02335450,0233,upstream,1.5,44.31913735512206
02338523,0233,reference,91.0,85.73944758101209
02357150,0235,tailwater,170.0,112.05902983825031
02358000,0235,tailwater,183.0,127.55735431680195
02450250,0245,reference,117.0,54.47481612307773
02479155,0247,reference,160.5,77.87406260418065
03017500,0301,reference,82.5,47.163531416813775
03022540,0302,reference,40.5,41.2897954700138
03028000,0302,reference,27.0,34.35066625755752
03066000,0306,reference,74.0,30.06285630011485
03069500,0306,reference,86.5,55.72060380105535
03092090,0309,reference,66.0,50.99511289968358
03102950,0310,reference,67.5,35.608815034801594
03302050,0330,reference,97.5,51.05165029911994
03324500,0332,tailwater,64.5,54.51555908334578
03327000,0332,tailwater,88.0,48.05582935346815
03359000,0335,tailwater,96.0,63.295094812584416
03373980,0337,upstream,122.0,38.5466197301066
03460000,0346,reference,0.0,43.04879312744724
03490000,0349,reference,128.0,54.83593448632189
03497300,0349,reference,20.5,52.929033303704095
03544970,0354,reference,25.0,52.62710776215757
03604000,0360,reference,138.5,63.71276522783472
04027000,0402,reference,57.0,32.606114455566455
04043150,0404,reference,0.0,-29.97333218816916
04043238,0404,reference,0.0,21.407933498634833
04043244,0404,reference,0.0,21.35405044064089
04043275,0404,reference,14.0,5.735930680400699
04063700,0406,reference,49.0,28.824895584116035
04085119,0408,reference,41.0,-15.150613296097326
04124000,0412,reference,6.5,29.645884277555336
04125460,0412,reference,0.0,32.97675282747972
04136000,0413,reference,3.5,22.851627724434216
05057000,0505,reference,72.5,36.6712547177553
06036805,0603,reference,0.0,20.498402739643993
06036905,0603,reference,77.5,22.29608718622016
06037100,0603,reference,30.0,25.044366370481
06037500,0603,reference,47.0,53.3177263346736
06073500,0607,reference,26.0,42.02721879702551
06187915,0618,reference,0.0,-1.0750222640280427
06188000,0618,reference,0.0,56.85252291631733
06191500,0619,reference,0.0,37.22821738191586
06623800,0662,reference,0.0,33.75645568229124
06914990,0691,reference,108.5,28.658154601490033
07014000,0701,reference,99.5,55.103178512608295
07056515,0705,reference,20.0,59.94622818595367
07061270,0706,reference,131.0,52.36104576930818
07099400,0709,upstream,0.0,62.684326216348666
07144780,0714,reference,160.0,69.17966001179029
07191222,0719,reference,108.0,72.39976689719919
07280010,0728,tailwater,146.0,107.28348068053117
08048000,0804,tailwater,171.5,126.57466408884542
08052700,0805,tailwater,174.0,110.34284146391386
08052745,0805,tailwater,158.0,109.77284092108899
08057000,0805,tailwater,191.0,103.87225098686292
08057055,0805,tailwater,192.0,106.48799289569843
08057410,0805,tailwater,185.0,127.13213229375359
08062500,0806,tailwater,177.0,109.2934821164444
08065350,0806,tailwater,179.0,96.81650819970008
08068000,0806,tailwater,215.0,141.1950677612641
08068400,0806,tailwater,255.0,101.97136216039374
08070200,0807,tailwater,182.0,126.84645108491279
08123800,0812,tailwater,171.0,76.65722785424225
08123850,0812,upstream,172.5,41.98223902592996
08211503,0821,tailwater,272.0,126.17928455181924
08377900,0837,reference,0.0,56.14188299668208
09071750,0908,upstream,0.0,41.28340390129648
09136100,0913,upstream,61.0,80.22817784381112
09196500,0919,reference,0.0,45.26945882264168
09371520,0937,upstream,64.0,83.92796302113283
09505800,0950,reference,78.5,141.47110370767987
10133980,1013,upstream,49.0,25.060053515949733
10172200,1017,reference,0.0,58.812710174691034
10249300,1024,reference,0.0,74.18125069811418
10313400,1031,reference,41.0,-0.21964322487912824
10336645,1033,reference,0.0,28.066084732736606
10336660,1033,reference,17.0,32.85810580203444
10336676,1033,reference,0.0,22.601175804220077
10343500,1034,reference,0.0,38.1304594779124
10396000,1039,reference,48.0,93.95280625631764
11172945,1117,upstream,4.5,33.98541734194971
11173200,1117,reference,10.0,52.138331068013485
11173575,1117,tailwater,14.0,71.63541260641213
11203580,1120,reference,0.0,75.05299007028347
11204100,1120,reference,104.5,99.38679980300738
11206820,1120,upstream,0.0,0.07838858725877884
11264500,1126,reference,0.0,70.54736005125488
11274790,1127,upstream,5.0,57.90351055792867
11276600,1127,upstream,4.5,65.2408957692735
11289650,1128,tailwater,0.0,129.58185515787602
11303000,1130,tailwater,55.5,117.57592401931032
11355500,1135,reference,0.0,96.3529886291386
11381500,1138,reference,51.5,107.854262524837
11383500,1138,reference,76.0,103.57408069252516
11446500,1144,tailwater,0.0,118.98525640274715
11467000,1146,tailwater,89.5,52.913653856050146
11468900,1146,reference,61.0,58.02312275643564
11475560,1147,reference,0.0,47.044897413096166
11509370,1150,upstream,61.0,43.56176564293195
12056500,1205,reference,0.0,9.592030000825872
12098700,1209,upstream,0.0,3.604378093985595
12100490,1210,tailwater,0.0,46.52692739334926
12101100,1210,tailwater,0.0,47.97258254967549
12101102,1210,tailwater,0.0,55.28937944089719
12115000,1211,reference,0.0,-11.541941713818701
12137290,1213,reference,0.0,14.857259218135496
12147470,1214,upstream,0.0,-0.5638654260487215
12147500,1214,reference,0.0,11.38280713254112
12147600,1214,reference,0.0,3.557575530378145
12179900,1217,reference,0.0,54.17671784477092
12181000,1218,tailwater,0.0,65.73618067603306
12182500,1218,reference,0.0,48.00807767895236
12186000,1218,reference,0.0,34.01982141385429
12209490,1220,reference,0.0,20.328163508979664
12210000,1221,reference,0.0,16.088634894025418
12210700,1221,reference,0.0,14.87053209138162
12413360,1241,reference,0.0,42.42762135214116
12447390,1244,reference,0.0,21.768559969890745
13018300,1301,reference,0.0,22.89313870912538
13331500,1333,reference,33.5,79.5144281555937
13340000,1334,reference,50.0,77.05564035259835
13340600,1334,reference,0.0,60.08138091988652
14034470,1403,upstream,28.0,30.513259701480237
14046890,1404,reference,0.0,67.48601476003583
14138870,1413,reference,0.0,22.570006089841243
14138900,1413,reference,0.0,26.965389669406946
14139800,1413,reference,0.0,25.734939859985104
14141500,1414,reference,0.0,26.204864482184217
14144800,1414,reference,0.0,34.832839387821465
14144900,1414,reference,0.0,39.4061912978633
14145500,1414,upstream,0.0,28.194148839327006
14147500,1414,reference,2.0,32.84203292517128
14150290,1415,upstream,9.0,26.28479966684348
14150800,1415,reference,5.0,36.05495261822797
14152000,1415,tailwater,0.0,65.72316214570887
14152500,1415,reference,16.0,48.849431537468746
14154500,1415,upstream,38.0,22.690518937698368
14158500,1415,reference,0.0,26.108909564562502
14158790,1415,upstream,0.0,19.558678756659397
14158798,1415,upstream,0.0,39.557532866149515
14159200,1415,upstream,0.0,33.87467862301844
14161100,1416,reference,0.0,53.75460601262168
14161500,1416,reference,0.0,61.004896705807695
14164700,1416,tailwater,29.0,69.52573605847095
14179000,1417,upstream,0.0,14.34196977840925
14180300,1418,reference,0.0,36.57268604010898
14182500,1418,reference,41.5,36.73969431592383
14185000,1418,reference,14.5,40.39933250009979
14185900,1418,reference,4.0,31.997103814153157
14197900,1419,tailwater,31.5,68.52853396854212
14202980,1420,tailwater,0.0,50.52720307693587
14316495,1431,reference,1.0,59.25997702023059
14316500,1431,upstream,0.0,39.47906088589814
14318000,1431,reference,21.0,57.344905291193044
14337800,1433,reference,42.0,43.545839670534924
14337870,1433,reference,2.0,45.032984606756045
15056210,1505,reference,0.0,5.879014016042007
15085100,1508,reference,0.0,-21.338486520859284
15129500,1512,reference,0.0,-6.042623743343462
15200280,1520,reference,0.0,35.848913594191174
15266300,1526,reference,0.0,-26.36021036333588
15272380,1527,reference,0.0,-50.83103184029602
15283700,1528,reference,0.0,-11.427380855935361
15284000,1528,reference,0.0,2.363420525132838
15290000,1529,reference,0.0,-26.401575124874228
15292700,1529,reference,0.0,-13.217410904791329
15294005,1529,reference,0.0,-7.389035929885509
15297610,1529,reference,0.0,-72.36883370513337
15300250,1530,reference,0.0,-65.75417821021297
15300300,1530,reference,0.0,11.374480879148308
15302000,1530,reference,0.0,6.352870347818019
15302200,1530,reference,0.0,-78.83150965773213
15302250,1530,reference,0.0,-69.40305487086054
15484000,1548,reference,0.0,8.048439177659581
15493000,1549,reference,0.0,18.051833426362805
15564879,1556,reference,0.0,5.7155054191299755
16618000,1661,reference,83.0,183.89298938851198
420741121554001,1150,upstream,26.0,45.7495561272311
453040123065201,1420,tailwater,24.0,52.339901525085146
