site,tier,peak_slope,event_slope,n_peak,n_event
01091000,tailwater,1.1844903837384158,1.6818387681159421,11,11
01095220,tailwater,0.5835593439394365,0.9959198155047011,26,26
01095375,tailwater,1.133923517779456,1.0047863338269514,25,25
01095434,tailwater,0.1348529757231544,0.34310604791422356,10,10
01104370,tailwater,0.07553348670983727,0.7060236511456024,15,15
01104415,tailwater,0.3020113782819846,1.3495145631067957,18,18
01104420,tailwater,0.15730926917798763,0.6546242774566472,11,11
01104430,tailwater,0.49479000871528656,0.6118683956974301,24,24
01104455,tailwater,0.6281745804725056,1.453219770292941,20,20
01104460,tailwater,0.5393455404730207,1.4241601343784995,21,21
01104475,tailwater,0.003371493297744715,0.8215387407004172,21,21
01104480,tailwater,,,7,7
01170100,reference,,,7,7
01193500,reference,0.7183358433201894,0.8941690962099126,11,11
01435000,reference,0.40727403356255326,1.752134605725766,12,12
01466500,reference,0.05534685357997166,0.43608932287498,17,17
01544500,reference,0.9950046084907708,0.7013692162417376,13,13
01545600,reference,0.8409547967190514,1.1995320144650075,10,10
01596500,reference,0.6077613365252498,1.625085091899251,11,11
01611500,reference,0.42172240564566543,1.2403072686426553,16,16
01632900,reference,0.6023957421366636,1.1482086019750264,14,14
02011400,reference,0.5682797643496886,0.20740594189995715,32,32
02011460,reference,0.34398311321096076,,10,0
02038850,reference,0.6595236354379898,-0.3645320197044335,9,9
02077200,reference,0.3699101390657115,0.05941065250106114,28,28
02079500,tailwater,-0.07277779787241899,0.06877729257641922,18,18
02110500,reference,0.968874866825237,-0.08686131386861318,17,17
02129375,upstream,,,0,0
02137727,reference,1.4675020779525838,0.6287545787545787,11,11
0214264790,upstream,,,0,0
02147310,tailwater,,,1,1
021474095,tailwater,,,0,0
02171645,tailwater,0.2080900244821033,0.8156173344235484,18,18
02172020,tailwater,0.24295175432423632,0.6311122534215768,37,37
02172040,tailwater,0.2850834485159537,0.4243400211193242,32,32
02172050,tailwater,0.28934733771889737,0.9682143671943425,40,40
021720508,upstream,0.24817884188165631,-0.7018431514275388,8,8
02172053,tailwater,0.3298156194768762,1.3973481469467193,37,37
021720698,upstream,0.15614792989624032,0.9235865724381626,24,24
02212600,reference,,,7,7
02266200,reference,1.1649285729089445,1.5796848484848485,13,13
02313700,reference,,,7,7
02315550,reference,,,7,7
02322700,reference,,,7,7
02322800,reference,0.1693539879217597,0.9804741980474198,9,9
02335450,upstream,0.17977883452117768,0.041011984021304876,14,14
02338523,reference,1.0675141558203658,0.21997300944669365,9,9
023432415,tailwater,0.3386749089124332,0.11126848800152538,14,14
02357150,tailwater,,,7,7
02358000,tailwater,,,5,5
02450250,reference,0.758686020587042,0.287716955941255,12,12
02479155,reference,0.7469479282177813,0.6244849372768061,12,12
03017500,reference,1.2391236425087555,1.4717514124293785,8,8
03022540,reference,0.8051818255753617,0.9679547596606974,10,10
03028000,reference,1.4314646351693914,1.4336034912718203,13,13
03066000,reference,0.645131425349844,0.5760062524423605,11,11
03069500,reference,1.0120650444653192,0.9795918367346939,8,8
03092090,reference,0.5826647368676514,0.6764763204053791,11,11
03102950,reference,0.39497361888957067,0.7490237841675544,14,14
03119341,upstream,0.5358235825573227,0.3024193548387097,9,9
03119971,tailwater,0.9721833607687211,0.5263157894736843,9,9
03119979,tailwater,0.2762175163737874,0.29576719576719573,9,9
03120820,tailwater,0.8715388653927312,0.6437499999999999,9,9
03120869,tailwater,0.729344540735136,0.9873511904761907,9,9
03120961,tailwater,,,7,7
03125338,upstream,0.6131077282047551,0.7641949152542371,9,9
03126395,upstream,0.625677160478349,0.848300635534678,9,9
03127980,upstream,0.587292039231874,0.7298288508557457,9,9
03127986,upstream,0.5457329774118994,0.7644825646794152,9,9
03127989,upstream,0.4754781571456176,0.43113284433577825,9,9
03140853,upstream,1.123219318849452,0.23310690025026815,8,8
03140900,upstream,,,7,7
03140950,upstream,0.5935542377610727,0.3927194860813705,8,8
03302050,reference,1.238474601528138,-2.7957393483709274,8,8
03324500,tailwater,0.13654827033060982,1.6401959566197482,20,20
03327000,tailwater,0.46867467450251893,1.9991809246450676,10,10
03359000,tailwater,0.368403347571275,3.429690391020106,17,17
03373980,upstream,0.9261785272916759,1.6611243473412076,24,24
03460000,reference,0.5608666879187941,1.042933130699088,14,14
03490000,reference,0.7706082202773842,1.0668041237113404,11,11
03497300,reference,0.9003489247862624,0.6160220994475138,12,12
03544970,reference,,,7,7
03604000,reference,0.316709048011323,0.49685534591194963,10,10
04027000,reference,0.9600755914874618,0.2740384615384615,10,10
04043150,reference,,,1,1
04043238,reference,0.3797980998501868,0.7229359148967497,19,19
04043244,reference,0.33503123360353476,0.7582852171161908,19,19
04043275,reference,0.6509464535205461,0.45274866703438127,11,11
04059500,reference,,,0,0
04063700,reference,0.7725156727057023,0.7436764995729583,13,13
04085119,reference,,,4,4
04124000,reference,0.5153091579787356,1.163550488109385,26,26
04125460,reference,0.2562599045592436,0.9617968094038626,28,28
04136000,reference,0.46498773034182245,0.9304849884526557,28,28
05014300,reference,,,0,0
05057000,reference,0.41400617664849015,0.8794351155764771,22,22
05057200,reference,,,0,0
05412500,reference,,,0,0
06036805,reference,0.8334466022786543,1.5104787630402385,17,17
06036905,reference,0.4646714216196468,0.8960110982307447,22,22
06037100,reference,0.5004140575557537,0.1088205717569315,11,11
06037500,reference,0.8070088385538471,1.0403807163775622,11,11
06073500,reference,0.5523989942650762,0.1734851408722502,10,10
06187915,reference,,,6,6
06188000,reference,,,7,7
06191500,reference,,,6,6
06623800,reference,0.72241769942878,0.408062930186824,11,11
06914990,reference,,,4,4
07014000,reference,0.27316058811321614,0.5294044200274692,12,12
07056515,reference,0.013075805458195361,0.3882455124493341,15,15
07061270,reference,0.7133085845162758,1.1837750513033223,15,15
07099400,upstream,-0.5338862613478224,-0.36937295833001355,16,16
07144780,reference,0.4417393303842611,0.9452739898535599,21,21
07191222,reference,0.28637611901341525,1.0973428121904316,13,13
07280010,tailwater,,,5,5
07337000,tailwater,0.22651351893908278,0.4968453521521708,15,15
08048000,tailwater,0.11745486823270873,0.8259361997226076,12,12
08049500,tailwater,0.2638239985171049,0.5418056890799072,32,32
08052700,tailwater,0.0692770153794417,-0.06967164532954007,11,11
08052745,tailwater,0.17502096307910894,0.45424246632412174,10,10
08057000,tailwater,,,5,5
08057055,tailwater,0.4188466385512498,0.6397198631005198,13,13
08057410,tailwater,,,5,5
08062500,tailwater,0.30118706884083746,0.6141739165512512,27,27
08065350,tailwater,0.18848750832790598,1.1166831456338777,29,29
08067074,tailwater,-0.19853943191178908,0.18249408583981075,8,8
08068000,tailwater,0.3616758765439731,1.0773775097083367,10,10
08068400,tailwater,0.07293425864073753,0.6074468085106384,15,15
08069500,tailwater,0.29254874660478564,0.5504447175470755,13,13
08070200,tailwater,0.43770897672027337,1.003003073274988,21,21
08074710,tailwater,0.25073816088026174,0.7680693669658016,18,18
08123800,tailwater,0.2531303743209184,0.6788837574923847,14,14
08123850,upstream,-0.09910380801828729,-0.4045298920200158,20,20
08211200,tailwater,-0.046424102731754804,0.844215479474282,16,16
08211503,tailwater,-0.07628965455961546,0.653534872649369,13,13
08377900,reference,,,7,7
09071750,upstream,0.8393829484182526,0.5275434132404802,29,29
09085150,upstream,1.370652575815348,1.0472605928915102,18,18
09136100,upstream,0.91117096707798,0.6644665600990048,15,15
09196500,reference,0.13624866202507743,1.2353030706594117,14,14
09352900,reference,,,0,0
09371520,upstream,0.5775839894297771,0.2885279769448447,27,27
09505800,reference,-0.057228454984660095,0.7794566121430552,8,8
10133980,upstream,0.8251565442330012,1.7893007360672977,17,17
10172200,reference,0.6461933659510783,-0.1754111198120595,16,16
10249300,reference,0.038595161166423024,0.06528270224916773,12,12
10313400,reference,0.40338582262791256,3.6844313890054554,8,8
10336645,reference,0.6924961431028286,1.8202066999287243,10,10
10336660,reference,0.6409213744770035,1.3376141552511416,9,9
10336676,reference,,,7,7
10343500,reference,0.5823494229116998,0.8505439066687687,24,24
10396000,reference,1.0143050994380236,0.5053796755295178,13,13
11172945,upstream,0.04190643660259567,1.1485626085278795,8,8
11173200,reference,-0.0855870079573397,0.600378787878788,13,13
11173575,tailwater,0.017463150595594768,1.7356557377049182,13,13
11203580,reference,0.6951314686489026,1.7701572432251587,15,15
11204100,reference,0.8035818097862021,0.5100376411543288,14,14
11206820,upstream,0.5242541021422483,1.3529900332225915,9,9
11264500,reference,0.20090490369958294,0.711655103198499,14,14
11274790,upstream,0.8043255706144878,1.1573625967140349,14,14
11276600,upstream,0.4989447809969861,3.3960078601716823,30,30
11289650,tailwater,-0.10138277475467522,2.1517891435155554,29,29
11303000,tailwater,0.31983679466856985,2.0702677423126388,26,26
11355500,reference,,,7,7
11381500,reference,0.1527562762628973,0.4175469384540966,26,26
11383500,reference,0.19756184676981542,0.7089075465694074,25,25
11446220,tailwater,0.055452847674074074,1.124328684540109,22,22
11446500,tailwater,-0.07933224437893892,1.336209352488706,23,23
11446700,tailwater,-0.2352966915882509,0.9613182190019868,22,22
11446980,tailwater,-0.06566072858786637,1.0167270219003277,24,24
11467000,tailwater,0.19343223908878585,0.5629215648487186,22,22
11468900,reference,0.19915836311204727,0.4934339300330974,20,20
11475560,reference,0.1095821172142553,0.6748850814876723,12,12
11509370,upstream,0.33209711415373205,1.1543292001490078,21,21
12056500,reference,0.30234032196635263,1.206020328381548,21,21
12098700,upstream,0.205200992950637,1.0097087378640777,8,8
12100490,tailwater,0.28061757047900787,2.139841057066258,13,13
12101100,tailwater,0.08635319137603431,2.4835828102366,13,13
12101102,tailwater,0.0848010062521302,1.5384615384615385,8,8
12115000,reference,0.22710146923909996,2.7348277747402956,23,23
12137290,reference,0.4229718057686003,2.5288025400665255,14,14
12147470,upstream,-0.023442014227751398,1.208931133428981,9,9
12147500,reference,0.2493088467071746,1.5072548855153909,24,24
12147600,reference,0.4018975944502183,2.609301153191758,25,25
12179900,reference,,,7,7
12181000,tailwater,0.1729856819301244,1.870640465388148,32,32
12182500,reference,0.04409273550767661,1.744019138755981,8,8
12186000,reference,-0.055529165828090435,1.5168760405630393,8,8
12209490,reference,0.5589327163850651,2.115669304788476,15,15
12210000,reference,0.6824639841000819,2.028002018163471,15,15
12210700,reference,0.27238489504877655,2.2930119491902627,16,16
12413360,reference,0.328484070887718,2.339730736178745,11,11
12447390,reference,0.446536617363614,0.7992143168921866,10,10
13018300,reference,0.3535201897088316,0.20113314447592065,12,12
13211210,upstream,0.26198726651170884,1.2561926605504588,9,9
13331500,reference,0.23125175893965425,0.8312477907387769,12,12
13340000,reference,0.37304977264234945,0.791998947026123,27,27
13340600,reference,0.33635216108514854,1.12229358539344,35,35
14034470,upstream,0.5704183801739041,0.8666558124389447,10,10
14046890,reference,0.13562850611955735,0.5272669826224329,17,17
14138870,reference,0.322361795014561,1.487475723320552,38,38
14138900,reference,0.16766025741037763,1.0353244897253562,37,37
14139800,reference,0.3329781557299254,1.668416213316987,40,40
14141500,reference,0.34476535529046565,1.5738552871333684,17,17
14144800,reference,0.1631309875761527,0.4231322779013476,12,12
14144900,reference,0.0642006589272952,1.3793523252982713,14,14
14145500,upstream,-0.11222034391079898,1.0819366852886405,23,23
14147500,reference,0.11835922768104573,1.594586840091813,14,14
14150290,upstream,0.5453366476769161,1.1509350796549336,14,14
14150800,reference,0.5903237954242627,1.189209164818921,16,16
14152000,tailwater,0.14134982466116913,3.818639798488664,17,17
14152500,reference,,,7,7
14154500,upstream,0.4443213321742945,1.0263944223107568,11,11
14158500,reference,,,7,7
14158790,upstream,,,7,7
14158798,upstream,,,7,7
14159200,upstream,0.1476277827434097,0.8539235066609369,24,24
14161100,reference,0.21988486249912292,0.7718935675536036,15,15
14161500,reference,0.04784035693733504,0.3013268156424581,12,12
14164700,tailwater,,,7,7
14179000,upstream,0.3494102524882164,1.2831718920158195,24,24
14180300,reference,0.19469887836895589,1.200099575249327,26,26
14182500,reference,0.7213646316614185,2.162441744565071,18,18
14185000,reference,0.2831103117590656,1.2581858967401136,16,16
14185900,reference,0.2500309894870917,1.6870412196499158,17,17
14186200,tailwater,0.604370439136168,4.253383174032366,15,15
14197900,tailwater,0.3082483576253242,2.398887192870156,18,18
14202980,tailwater,0.30005848271324803,0.688748576751889,20,20
14316495,reference,0.02458553183231465,1.1041958041958042,14,14
14316500,upstream,0.12694565591074206,1.5008319467554077,20,20
14318000,reference,0.449155445305691,1.232007339782072,25,25
14337800,reference,,,7,7
14337870,reference,0.5826827183963146,6.5971187282662695,13,13
15056210,reference,-0.021458786386308458,0.4738939492517891,15,15
15085100,reference,0.7405961046985261,1.648446130938086,13,13
15129500,reference,0.4732636071648034,0.860115642682663,10,10
15200280,reference,,,3,3
15236900,reference,,,0,0
15266300,reference,0.40404531440775704,0.5979240777739876,12,12
15272380,reference,,,6,6
15283700,reference,0.43572142913377937,0.7459000897963042,13,13
15284000,reference,,,3,3
15290000,reference,,,7,7
15292700,reference,0.309663999256263,0.6088709677419353,13,13
15294005,reference,0.4860513788267284,0.5930567559781043,9,9
15297610,reference,0.62086966437976,0.9217894096165551,24,24
15300250,reference,0.4424808549133234,1.2541808550889142,8,8
15300300,reference,0.24895894293487095,0.45423797356666246,10,10
15302000,reference,0.43214404048692334,0.40942272027778875,8,8
15302200,reference,0.5343689729541539,1.3822801888913878,11,11
15302250,reference,0.69005281946522,1.5365358592692828,8,8
15484000,reference,0.7042033516982146,0.24478816408876933,8,8
15493000,reference,,,5,5
15564879,reference,,,2,2
15803000,reference,,,0,0
16618000,reference,0.27683184899934576,-0.028395541502534843,8,8
402114105350101,reference,,,0,0
404417108524900,upstream,1.0577305235801853,0.2849701044419923,18,18
420741121554001,upstream,0.29116262738074167,1.0853671963885931,17,17
453004122510301,tailwater,0.5769144104544084,1.2155151573756222,21,21
453040123065201,tailwater,0.5086670187135259,1.2120409281929472,17,17
453113123003501,tailwater,,,7,7
