dam_id,site_no,direction,verdict,gauge_comid,dam_comid,huc8,drain_sqmi
1831,0212880025,downstream,pass,9167934.0,9215534.0,03040201,6836.0
1790,0214244102,downstream,pass,9754048.0,9754036.0,03050101,1450.0
204,11299997,downstream,pass,349891.0,349887.0,18040010,980.0
1042,07060000,downstream,pass,7653861.0,7653859.0,11010006,1810.0
774,05058000,downstream,pass,14824943.0,14270822.0,09020204,3900.0
1026,07053450,downstream,near,7626356.0,8585784.0,11010003,4020.0
1782,02087182,downstream,pass,166737584.0,933020084.0,03020201,771.0
83,14186200,downstream,pass,23785921.0,23785925.0,17090006,273.0
364,06038500,downstream,pass,3057956.0,3059984.0,10020007,931.0
1842,02147310,downstream,pass,9736606.0,9736604.0,03050103,
72,14202980,downstream,pass,23805102.0,23805110.0,17090010,38.8
1791,02138520,downstream,near,9752982.0,9754190.0,03050101,386.261
1809,0214267602,downstream,pass,9755532.0,9755528.0,03050101,1860.0
998,07130500,downstream,pass,1596199.0,1596437.0,11020009,18494.0
1585,01449800,downstream,pass,4187341.0,4188143.0,02040106,96.4
1910,023432415,downstream,pass,2306737.0,3443790.0,03130004,7460.0
1761,02079500,downstream,pass,12049360.0,8653306.0,03010106,7866.0
1654,03359000,downstream,pass,18465666.0,18465682.0,05120203,294.0
99,14153500,downstream,pass,23759308.0,23759312.0,17090002,104.0
182,11446220,downstream,pass,15022453.0,14996707.0,18020111,1863.0
1814,0212378405,downstream,pass,9211976.0,9211970.0,03040104,4694.0
1916,02358000,downstream,pass,2293124.0,2311949.0,03130011,17200.0
1592,03327000,downstream,pass,18502993.0,18503009.0,05120103,808.0
216,11174000,downstream,pass,2806745.0,2808653.0,18050004,37.0
1827,02145910,downstream,pass,9756986.0,9756988.0,03050103,3020.0
554,11277300,downstream,pass,17081431.0,17082175.0,18040009,118.0
88,14162200,downstream,pass,23773405.0,23774119.0,17090004,87.7
1862,02394000,downstream,pass,6499252.0,6498998.0,03150104,1122.0
969,06893890,downstream,pass,4390979.0,4390979.0,10300101,34.4
423,09211200,downstream,pass,18312556.0,18355239.0,14040103,4197.0
1615,01470960,downstream,pass,4783213.0,4783457.0,02040203,175.0
219,11173510,downstream,pass,2806979.0,2811079.0,18050004,139.0
92,14151000,downstream,pass,23752598.0,23752600.0,17090001,186.0
88,14162050,downstream,near,23774081.0,23774119.0,17090004,4.19
1036,07054527,downstream,pass,7629310.0,7629278.0,11010003,
595,11251000,downstream,pass,19791955.0,17116483.0,18040001,1676.0
1863,02334480,downstream,near,2044673.0,2045383.0,03130001,9.37
216,11173575,downstream,fail,2806865.0,2808653.0,18050004,149.0
1297,08155500,downstream,near,5781893.0,5781877.0,12090205,
1300,295554095093401,downstream,fail,1469610.0,1469612.0,12040101,
1300,295554095093402,downstream,fail,1469610.0,1469612.0,12040101,
72,452731123092100,downstream,pass,23805100.0,23805110.0,17090010,43.5
219,11172955,downstream,fail,2809679.0,2811079.0,18050004,34.9
487,09014050,downstream,fail,1234531.0,1234549.0,14010001,76.4
204,11302000,downstream,pass,348545.0,349887.0,18040010,986.0
219,11172945,downstream,fail,2809681.0,2811079.0,18050004,33.3
969,06893820,downstream,fail,4390909.0,4390979.0,10300101,98.2
210,11289650,downstream,pass,2823750.0,17080371.0,18040009,1538.0
995,07120480,downstream,fail,941020052.0,941020053.0,11020005,
1842,021474095,downstream,pass,9736624.0,9736604.0,03050103,
2183,422302071083801,downstream,fail,5866419.0,5867717.0,01090001,
1188,08049500,downstream,fail,1269868.0,1269878.0,12030102,3065.0
1300,295826095082200,downstream,fail,1469610.0,1469612.0,12040101,
1842,02147505,downstream,pass,9736642.0,9736604.0,03050103,
41,12173500,downstream,fail,24255305.0,24255293.0,17110005,206.0
59,12101100,downstream,pass,23981225.0,23981259.0,17110014,
107,14337830,downstream,fail,23923882.0,23923436.0,17100307,111.0
1863,02334578,downstream,fail,2044799.0,2045383.0,03130001,5.06
59,12101102,downstream,pass,23980805.0,23981259.0,17110014,479.0
72,453040123065201,downstream,fail,23805050.0,23805110.0,17090010,
2180,01095434,downstream,fail,6078383.0,6078815.0,01070004,3.13
2180,01095220,downstream,fail,6078267.0,6078815.0,01070004,29.1
7308,02188100,downstream,fail,11736993.0,11737851.0,03060103,2900.0
1184,08048000,downstream,pass,1268410.0,1269054.0,12030102,2615.0
974,06893500,downstream,fail,4392705.0,4392899.0,10300101,188.0
2183,01104480,downstream,fail,5867733.0,5867717.0,01090001,23.7
2183,01104475,downstream,fail,5866465.0,5867717.0,01090001,0.85
1261,08065350,downstream,pass,1484774.0,1456491.0,12030201,13911.0
59,12100490,downstream,pass,23981235.0,23981259.0,17110014,474.0
969,06894000,downstream,pass,4391187.0,4390979.0,10300101,184.0
2183,01104460,downstream,fail,5866457.0,5867717.0,01090001,22.0
2183,01104455,downstream,fail,5866457.0,5867717.0,01090001,0.48
182,11446500,downstream,pass,948021150.0,14996707.0,18020111,1888.0
1595,03120869,downstream,fail,19389934.0,19390334.0,05040001,7.78
554,11278400,downstream,pass,17081685.0,17082175.0,18040009,234.0
987,07099971,downstream,pass,951131.0,952543.0,11020002,
80,14178000,downstream,fail,23780591.0,23780525.0,17090005,216.0
2180,01095375,downstream,fail,6078329.0,6078815.0,01070004,46.3
80,14180300,downstream,fail,23780557.0,23780525.0,17090005,26.0
2183,01104430,downstream,fail,5866423.0,5867717.0,01090001,6.86
554,11276900,downstream,near,17082145.0,17082175.0,18040009,487.0
1615,01470779,downstream,fail,4783101.0,4783457.0,02040203,70.4
456,10133650,downstream,fail,10276856.0,10093168.0,16020102,42.1
2183,01104370,downstream,fail,5866443.0,5867717.0,01090001,10.2
1188,08057000,downstream,pass,942030011.0,1269878.0,12030105,6106.0
2183,01104420,downstream,fail,5867685.0,5867717.0,01090001,0.73
1595,03120961,downstream,fail,19389218.0,19390334.0,05040001,3.38
1595,03120820,downstream,fail,19389972.0,19390334.0,05040001,37.9
92,14152000,downstream,pass,23751778.0,23752600.0,17090001,1340.0
2183,01104415,downstream,fail,5867679.0,5867717.0,01090001,0.41
107,14330000,downstream,fail,23923628.0,23923436.0,17100307,379.0
346,14019240,downstream,pass,24233056.0,23648768.0,17070101,
100,14148000,downstream,pass,23751880.0,23751946.0,17090001,924.0
1317,08211200,downstream,pass,3171770.0,3170376.0,12110111,16611.0
1188,08057055,downstream,pass,1260371.0,1269878.0,12030105,6132.0
72,453113123003501,downstream,fail,23804940.0,23805110.0,17090010,
55,12114500,downstream,fail,24538014.0,24126169.0,17110012,25.4
1300,08067074,downstream,fail,1439175.0,1469612.0,12040203,
1295,08068000,downstream,pass,1468280.0,1468382.0,12040101,828.0
72,14206241,downstream,near,23804932.0,23805110.0,17090010,462.0
1595,03119979,downstream,fail,19389438.0,19390334.0,05040001,1.43
1151,08052700,downstream,fail,1278534.0,1276794.0,12030103,75.5
1300,08069500,downstream,fail,1468442.0,1469612.0,12040101,1741.0
1890,02172020,downstream,pass,9643525.0,9643423.0,03050201,
1300,294643095035200,downstream,near,1440555.0,1469612.0,12040104,
1217,08123800,downstream,fail,5714835.0,5636277.0,12080007,9802.0
1164,08052745,downstream,fail,1278616.0,1278674.0,12030103,38.5
92,14164700,downstream,fail,23774369.0,23752600.0,17090004,
1302,294300098080001,downstream,fail,1619647.0,3589578.0,12100202,
1699,03194700,downstream,fail,19322127.0,19322239.0,05050007,266.0
56,12117600,downstream,fail,24537918.0,23977692.0,17110012,134.0
1595,03119971,downstream,fail,19389430.0,19390334.0,05040001,11.3
1219,08022040,downstream,fail,5278868.0,5279746.0,12010002,3589.0
497,09041400,downstream,fail,1231609.0,1232989.0,14010001,270.0
1179,08086212,downstream,fail,5525607.0,5526183.0,12060105,613.0
1188,08057410,downstream,pass,1260375.0,1269878.0,12030105,6278.0
1088,07299890,downstream,fail,13546725.0,13543359.0,11120201,74.0
1295,08068400,downstream,fail,1507967.0,1468382.0,12040102,25.9
182,11446700,downstream,pass,15024997.0,14996707.0,18020111,1932.0
1890,02172040,downstream,near,166756775.0,9643423.0,03050201,
2158,01091000,downstream,fail,6741162.0,6762044.0,01070002,104.0
1890,02172050,downstream,pass,9643573.0,9643423.0,03050201,
1890,02171639,downstream,fail,166756763.0,9643423.0,03050112,
1202,08405200,downstream,pass,22457637.0,22455497.0,13060011,18550.0
1691,03058000,downstream,fail,3717136.0,19417493.0,05020002,101.0
1890,02171645,downstream,fail,9660548.0,9643423.0,03050112,14800.0
1242,08407500,downstream,fail,22459435.0,3211187.0,13060011,19540.0
1709,03191982,downstream,fail,4548760.0,4548092.0,05050005,1314.0
42,12179900,downstream,fail,24255811.0,24255205.0,17110005,49.7
89,14158740,downstream,fail,23773365.0,23773013.0,17090004,160.0
1595,03119341,downstream,fail,19391028.0,19390334.0,05040001,13.0
1916,02357150,downstream,fail,3517826.0,2311949.0,03130010,571.0
1300,08074710,downstream,fail,1440525.0,1469612.0,12040104,465.0
180,11467000,downstream,fail,8272725.0,8276453.0,18010110,1338.0
1300,08070200,downstream,fail,1520083.0,1469612.0,12040103,388.0
54,12056500,downstream,fail,24285534.0,23856923.0,17110017,57.2
1615,01471875,downstream,fail,4780921.0,4783457.0,02040203,56.9
1592,03324500,downstream,fail,18506684.0,18503009.0,05120102,557.0
2186,01173000,downstream,fail,7691403.0,7692005.0,01080204,96.3
182,11446980,downstream,pass,15024969.0,14996707.0,18020111,1938.0
203,11303000,downstream,fail,2819818.0,2825782.0,18040010,1075.0
1220,08062500,downstream,fail,1262531.0,1447048.0,12030105,8147.0
1585,01447720,downstream,fail,4185779.0,4188143.0,02040106,118.0
72,14205350,downstream,fail,23804990.0,23805110.0,17090010,27.6
1890,021720508,downstream,fail,9643625.0,9643423.0,03050201,
72,453004122510301,downstream,fail,23804898.0,23805110.0,17090010,22.7
1217,08123850,downstream,fail,5721925.0,5636277.0,12080008,14910.0
1300,08074598,downstream,fail,1439303.0,1469612.0,12040104,127.0
1916,02358795,downstream,fail,2134240.0,2311949.0,03130012,
1295,08068275,downstream,fail,1508047.0,1468382.0,12040102,186.0
72,14197900,downstream,fail,23791305.0,23805110.0,17090007,8350.0
1185,08090800,downstream,fail,5498058.0,1269060.0,12060201,25237.0
111,11510700,downstream,fail,358949.0,359351.0,18010206,4080.0
1317,08211503,downstream,fail,1432739.0,3170376.0,12110111,
1585,01447800,downstream,fail,4186403.0,4188143.0,02040106,290.0
1890,02172053,downstream,fail,9645629.0,9643423.0,03050201,
1153,07337000,downstream,fail,9544237.0,1128669.0,11140106,48000.0
54,12058800,downstream,fail,24285508.0,23856923.0,17110017,102.0
42,12181000,downstream,near,24255125.0,24255205.0,17110005,1381.0
1864,340841090134701,downstream,fail,18044210.0,15276792.0,08030202,
1864,07280010,downstream,fail,18044210.0,15276792.0,,
778,04024000,downstream,fail,1777616.0,1793691.0,04010201,3430.0
1595,03086500,downstream,fail,13158077.0,19390334.0,05030103,89.2
1295,08068500,downstream,fail,1508043.0,1468382.0,12040102,409.0
1924,02310678,downstream,fail,16928644.0,16949848.0,03100207,
1300,08074000,downstream,fail,1440301.0,1469612.0,12040104,336.0
203,11290000,downstream,fail,2823972.0,2825782.0,18040009,1884.0
59,12119000,downstream,fail,24537890.0,23981259.0,17110012,184.0
1156,0728875070,downstream,fail,17930376.0,19303055.0,08030209,80.0
1916,02356000,downstream,fail,3425836.0,2311949.0,03130008,7570.0
72,14206950,downstream,fail,23805270.0,23805110.0,17090010,31.5
1863,02335815,downstream,fail,2048157.0,2045383.0,03130001,1370.0
294,12447302,downstream,fail,23064715.0,23065219.0,17020006,
1615,01571820,downstream,fail,4707716.0,4783457.0,02050305,43.3
201,11455820,downstream,nocomid,,5330851.0,18050002,
182,11425500,downstream,fail,15039097.0,14996707.0,18020161,21251.0
1890,021720677,downstream,fail,9645887.0,9643423.0,03050201,
85,14184100,downstream,fail,23780883.0,23785769.0,17090005,736.0
338,13342500,downstream,fail,23605912.0,23630892.0,17060306,9283.0
1910,02343805,downstream,fail,2310423.0,3443790.0,03130004,8210.0
1654,03354000,downstream,fail,18477453.0,18465682.0,05120201,2444.0
1092,07263296,downstream,fail,22846155.0,7830220.0,11110207,73.0
42,12189500,downstream,fail,24264763.0,24255205.0,17110006,714.0
1852,02162035,downstream,fail,9707984.0,9718487.0,03050106,5230.0
2158,01073319,downstream,fail,5848186.0,6762044.0,01060003,55.7
654,11046050,downstream,fail,22549121.0,22550581.0,18070302,739.0
311,12438000,downstream,fail,23057628.0,23095942.0,17020005,75700.0
1862,02397000,downstream,fail,15823339.0,6498998.0,03150105,
1297,08159200,downstream,fail,5790218.0,5781877.0,12090301,39979.0
152,11390500,downstream,fail,2851625.0,7972395.0,18020104,12915.0
99,14320934,downstream,fail,24526862.0,23759312.0,17100303,9.05
78,14210000,downstream,fail,23809080.0,23719067.0,17090011,671.0
592,11254000,downstream,fail,19784319.0,17101081.0,18040001,3940.0
1842,02160991,downstream,fail,9707922.0,9736604.0,03050106,4750.0
223,11273400,downstream,fail,2829236.0,17695829.0,18040001,7949.0
107,11492200,downstream,nocomid,,23923436.0,18010201,26.2
648,11046372,downstream,fail,20351619.0,22547063.0,18070301,139.0
987,07099400,upstream,near,950993.0,952543.0,11020002,4670.0
1804,0214264790,upstream,nocomid,9755486.0,,03050101,1790.0
100,14145500,upstream,near,23751940.0,23751946.0,17090001,392.0
353,14034470,upstream,nocomid,23659590.0,,17070104,67.9
160,10339419,upstream,nocomid,8933772.0,,16050102,644.0
450,10133980,upstream,nocomid,10276740.0,,16020102,110.0
1617,03127989,upstream,nocomid,19392496.0,,05040001,3.5
7308,02188100,upstream,fail,11736993.0,11737851.0,03060103,2900.0
1620,03126395,upstream,nocomid,19392598.0,,05040001,35.9
97,14154500,upstream,nocomid,23759452.0,,17090002,211.0
89,14159200,upstream,pass,23773035.0,23773013.0,17090004,160.0
1617,03127980,upstream,nocomid,19392504.0,,05040001,23.3
1636,03140950,upstream,nocomid,15373094.0,,05040005,17.0
80,14179000,upstream,fail,23780701.0,23780525.0,17090005,108.0
92,14150290,upstream,pass,23752634.0,23752600.0,17090001,110.0
216,11172945,upstream,fail,2809681.0,2808653.0,18050004,33.3
389,13211210,upstream,nocomid,23398435.0,,17050114,
1617,03127986,upstream,nocomid,19391736.0,,05040001,13.5
554,11276600,upstream,fail,17082145.0,17082175.0,18040009,484.0
1636,03140853,upstream,nocomid,15373666.0,,05040005,29.1
557,11274790,upstream,nocomid,17081597.0,,18040009,301.0
1636,03140900,upstream,nocomid,15373694.0,,05040005,28.3
59,12098700,upstream,pass,23980809.0,23981259.0,17110014,410.0
1831,02129375,upstream,fail,9165662.0,9215534.0,03040201,7060.0
1620,03125338,upstream,nocomid,19392654.0,,05040001,37.9
1617,03119341,upstream,nocomid,19391028.0,,05040001,13.0
183,103366092,upstream,nocomid,8943677.0,,16050101,39.3
1300,294643095035200,upstream,fail,1440555.0,1469612.0,12040104,
537,09136100,upstream,nocomid,1338068.0,,14020004,969.0
89,14158798,upstream,fail,23773387.0,23773013.0,17090004,21.4
967,06888990,upstream,nocomid,3646792.0,,10270102,56686.0
72,14205350,upstream,fail,23804990.0,23805110.0,17090010,27.6
1890,021720508,upstream,fail,9643625.0,9643423.0,03050201,
1217,08123850,upstream,fail,5721925.0,5636277.0,12080008,14910.0
89,14158790,upstream,fail,23773393.0,23773013.0,17090004,15.6
1863,02335450,upstream,fail,2048135.0,2045383.0,03130001,1220.0
131,11526400,upstream,nocomid,8244344.0,,18010211,1137.0
567,09371520,upstream,nocomid,3262733.0,,14080202,234.0
507,09085150,upstream,nocomid,3175560.0,,14010005,6040.0
98,14070615,upstream,nocomid,23700389.0,,17070301,1.85
605,11206820,upstream,nocomid,14917771.0,,18030007,8.4
507,393259107194801,upstream,nocomid,3175612.0,,14010005,4560.0
111,11509370,upstream,fail,2553639.0,359351.0,18010204,
111,420741121554001,upstream,fail,2553639.0,359351.0,18010204,
507,09071750,upstream,nocomid,1235807.0,,14010001,4556.0
1890,021720698,upstream,fail,9645947.0,9643423.0,03050201,
1718,0329247350,upstream,nocomid,10163666.0,,,
430,10317480,upstream,nocomid,10762537.0,,16040102,
1634,395339083130100,upstream,nocomid,5217691.0,,05060001,
111,420448121503100,upstream,fail,2552667.0,359351.0,18010204,
100,14316500,upstream,fail,23894288.0,23751946.0,17100301,475.0
1703,03373980,upstream,nocomid,18471050.0,,05120202,11123.0
469,404417108524900,upstream,nocomid,10042212.0,,14040106,1280.0
364,06043120,upstream,fail,3855837.0,3059984.0,10020008,537.6
56,12147470,upstream,fail,23970783.0,23977692.0,17110010,33.3
