year,water_mwmt7,air_mwmt7,water_summer,air_summer,water_sept,air_sept,sep30_storage_maf,min_storage_maf,coverage_days
2006,11.936507936507935,42.82857142857143,10.46135265700483,36.3233695652174,10.801851851851856,33.63,3.206,3.116,365
2007,13.595238095238097,42.37285714285714,11.152777777777779,35.32706521739131,11.987037037037036,30.572333333333336,1.883,1.718,365
2008,14.365079365079366,41.56285714285714,11.973456790123459,35.91869565217391,12.73888888888889,34.830999999999996,1.386,1.283,364
2009,14.166666666666666,41.36857142857143,11.51207729468599,35.16434782608696,12.248148148148147,34.36866666666666,1.775,1.363,365
2010,11.650793650793648,40.00428571428571,10.474033816425122,34.3525,10.835185185185187,31.99233333333333,3.323,1.785,365
2011,11.380952380952381,38.36285714285714,10.26328502415459,33.26413043478261,10.796296296296296,35.04233333333333,3.347,3.098,365
2012,12.428571428571429,41.931428571428576,10.641908212560386,34.883913043478266,10.835185185185184,35.568666666666665,2.594,2.392,366
2013,12.73015873015873,41.972857142857144,11.583333333333334,35.582608695652176,11.574074074074073,30.113333333333337,1.908,1.665,365
2014,16.19047619047619,41.17285714285714,12.506642512077294,36.361630434782604,14.11296296296296,33.107,1.16,1.047,365
2015,13.706349206349207,41.41142857142857,13.033816425120776,36.62858695652174,12.974074074074073,32.63066666666666,1.606,1.32,363
2016,12.34126984126984,42.07571428571429,10.932971014492756,36.03217391304348,10.83148148148148,33.32566666666667,2.815,1.427,366
2017,11.674603174603174,42.20285714285715,10.854468599033817,37.47413043478261,10.681481481481482,32.85066666666667,3.387,3.143,365
2018,12.571428571428571,42.05,11.08514492753623,36.53858695652174,10.97037037037037,33.04233333333333,2.41,2.143,365
2019,11.555555555555557,39.19285714285714,10.943236714975846,35.71978260869565,10.74074074074074,30.675000000000004,3.428,2.268,365
2020,12.65873015873016,40.44571428571429,11.348938826466917,36.36760869565217,11.52962962962963,34.24433333333333,2.204,2.014,363
2021,15.452380952380953,43.03857142857142,12.39975845410628,37.94380434782608,13.940740740740742,34.00966666666667,1.076,0.969,365
2022,13.801587301587302,42.80714285714286,11.356884057971016,36.86086956521739,12.148148148148152,34.02,1.516,1.335,362
2023,11.357142857142858,41.74142857142857,10.332729468599034,35.96565217391304,10.531481481481482,30.098333333333336,3.336,1.533,362
2024,12.166666666666668,45.08142857142857,10.920289855072463,37.579891304347825,10.972222222222223,34.559,2.774,2.525,366
