site8,area_km2
01091000,269.35895999999997
01095220,75.368709
01095375,119.91653699999998
01095434,8.106668699999998
01104370,26.417897999999997
01104415,1.0618959
01104420,1.8906927
01104430,17.7673314
01104455,1.2431952
01104460,56.97978
01104475,2.2014915
01104480,61.38276299999999
01170100,106.9924
01193500,271.2563
01435000,172.458
01447720,305.61881999999997
01447800,751.0971
01466500,5.376711
01544500,355.0644
01545600,119.9975
01596500,124.6505
01611500,1748.488
01632900,245.0484
02011400,407.7162
02011460,156.3408
02038850,22.00359
02077200,121.6944
02079500,20372.86134
02110500,2908.315
0212378405,12157.41306
0212880025,17705.171639999997
02129375,18285.3294
02137727,329.544
02138520,1000.41212739
0214244102,3755.4855
0214264790,4636.0821
0214267602,4817.381399999999
02147310,
021474095,
02147505,
02171645,38331.852
02172020,
02172040,
02172050,
021720508,
02172053,
021720698,
02212600,187.9614
02266200,26.0874
02313700,1031.603
02315550,6622.207
02322700,654.462
02322800,3920.628
02334480,24.268206299999996
02334578,13.105349399999998
02335450,3159.7877999999996
02338523,43.22191
023432415,19321.3254
02357150,1478.88429
02358000,44547.827999999994
02394000,2905.9687799999997
02450250,231.8252
02479155,137.2806
03017500,601.0749
03022540,78.72031
03028000,161.1102
03058000,261.58898999999997
03066000,222.7851
03069500,1856.853
03092090,55.4994
03102950,250.776
03119341,33.669869999999996
03119971,29.266887
03119979,3.7036856999999994
03120820,98.160621
03120869,20.1501222
03120961,8.754166199999998
03125338,98.160621
03126395,92.980641
03127980,60.346767
03127986,34.964864999999996
03127989,9.064965
03140853,75.368709
03140900,73.296717
03140950,44.02983
03302050,10.6821
03324500,1442.6244299999998
03327000,2092.7119199999997
03359000,761.45706
03373980,28808.458769999997
03460000,127.019
03490000,1739.824
03497300,270.9224
03544970,104.1741
03604000,1163.026
04027000,1619.847
04043150,169.3359
04043238,14.0796
04043244,26.6292
04043275,84.35609
04059500,1184.366
04063700,362.5712
04085119,36.1404
04124000,2243.628
04125460,636.9795
04136000,2882.075
05014300,40.3389
05057000,7582.457
05057200,1897.332
05058000,10100.961
05412500,3858.214
06036805,103.1144
06036905,676.8891
06037100,322.7652
06037500,1126.247
06038500,2411.2806899999996
06073500,834.5772
06187915,73.07706
06188000,1730.28
06191500,6783.593
06623800,187.6617
06893820,254.337018
06893890,89.09565599999999
06894000,476.55816
06914990,20.3814
07014000,663.7914
07053450,10411.7598
07054527,
07056515,209.871
07060000,4687.881899999999
07061270,135.3564
07099400,12095.253299999998
07130500,47899.27505999999
07144780,2078.906
07191222,153.8208
07280010,
07337000,124319.52
08048000,6772.82385
08049500,7938.31935
08052700,195.544245
08052745,99.714615
08057000,15814.47894
08057055,15881.818679999998
08057410,16259.957219999998
08062500,21100.64853
08065350,36029.350889999994
08067074,
08068000,2144.51172
08068400,67.08074099999999
08069500,4509.172589999999
08070200,1004.91612
08074710,1204.3453499999998
08123800,25387.08198
08123850,38616.7509
08211200,43022.32389
08211503,
08377900,139.0311
08405200,48044.31449999999
08407500,50608.404599999994
09014050,197.875236
09041400,699.2973
09071750,11799.99444
09085150,15643.539599999998
09136100,2509.7003099999997
09196500,194.8815
09352900,188.1514
09371520,606.0576599999999
09505800,614.9414
10133650,109.038579
10133980,284.89889999999997
10172200,18.68708
10249300,50.1957
10313400,184.1985
10336645,19.5984
10336660,29.7963
10336676,24.7167
10343500,27.6027
10396000,528.894
11172945,86.24666699999999
11173200,199.1322
11173510,360.00861
11173575,385.90851
11203580,51.9264
11204100,249.147
11206820,21.755916
11251000,4340.82324
11264500,467.9761
11274790,779.5869899999999
11276600,1253.55516
11276900,1261.32513
11277300,305.61881999999997
11278400,606.0576599999999
11289650,3983.40462
11299997,2538.1902
11302000,2553.7301399999997
11303000,2784.2392499999996
11355500,312.8085
11381500,337.6305
11383500,539.7753
11446220,4825.15137
11446500,4889.9011199999995
11446700,5003.86068
11446980,5019.400619999999
11467000,3465.4066199999997
11468900,183.6774
11475560,16.794
11509370,
12056500,148.147428
12058800,264.17897999999997
12098700,1061.8959
12100490,1227.65526
12101100,
12101102,1240.60521
12115000,102.7983
12117600,347.05866
12137290,30.4245
12147470,86.24666699999999
12147500,102.8934
12147600,14.1264
12179900,128.722503
12181000,3576.7761899999996
12182500,444.2544
12186000,398.4354
12209490,58.1445
12210000,332.1279
12210700,1524.798
12413360,8.9712
12447390,58.10103
13018300,27.90146
13211210,
13331500,618.9291
13340000,14268.92
13340600,3354.622
14019240,
14034470,175.860321
14046890,168.5637
14138870,14.02431
14138900,21.6828
14139800,40.7034
14141500,59.8653
14144800,669.3398
14144900,136.7514
14145500,1015.27608
14147500,640.6209
14148000,2393.15076
14150290,284.89889999999997
14150800,113.3136
14151000,481.73814
14152000,3470.5865999999996
14152500,184.7169
14153500,269.35895999999997
14154500,546.48789
14158500,237.0771
14158740,414.3984
14158790,40.40384399999999
14158798,55.425785999999995
14159200,414.3984
14161100,118.3653
14161500,62.4241
14162200,227.142123
14164700,
14178000,559.4378399999999
14179000,279.71891999999997
14180300,67.33973999999999
14182500,286.8498
14185000,458.1774
14185900,258.1965
14186200,707.0672699999999
14197900,21626.4165
14202980,100.491612
14316495,78.9912
14316500,1230.24525
14318000,459.4689
14330000,981.60621
14337800,204.6447
14337830,287.48888999999997
14337870,39.8889
15056210,472.3214
15085100,15.28412
15129500,93.13876
15200280,4314.48
15236900,25.0984
15266300,5192.115
15272380,363.3197
15283700,128.6227
15284000,5345.376
15290000,162.2304
15292700,5219.027
15294005,429.9851
15297610,77.83192
15300250,224.3212
15300300,330.35
15302000,3951.369
15302200,179.0995
15302250,273.6548
15484000,5737.269
15493000,2418.995
15564879,230.2084
15803000,4630.519
16618000,8.806089
402114105350101,104.7699
404417108524900,3315.1872
420741121554001,
453004122510301,58.792773
453040123065201,
453113123003501,
